"","X","ISCO.Code","Stellung.im.Beruf","is_supervisor","self_employed","n_employees","Anzahl","control_work","control_daily","isco88","isco88com","simple_wright","siops","egp","oesch"
"1",0,"1111","Arbeiter*innen & Angestellte",1,0,NA,8800,4,1,"1110","1110","Expert managers","64.00",NA,"'Higher-grade managers and administrators'"
"2",1,"1112","Arbeiter*innen & Angestellte",1,0,NA,15410,4,1,"1120","1110","Expert managers","66.84",NA,"'Higher-grade managers and administrators'"
"3",2,"1113","Arbeiter*innen & Angestellte",1,0,NA,0,4,1,"1130","1110","Expert managers","42.00",NA,"'Higher-grade managers and administrators'"
"4",3,"1114","Arbeiter*innen & Angestellte",1,0,NA,6100,4,1,"1140","1140","Expert managers","54.88",NA,"'Higher-grade managers and administrators'"
"5",4,"1120","Arbeiter*innen & Angestellte",1,0,NA,244550,4,1,"1210","1210","Expert managers","64.51",NA,"'Higher-grade managers and administrators'"
"6",5,"1211","Arbeiter*innen & Angestellte",1,0,NA,60350,4,1,"1231","1231","Expert managers","49.00",NA,"'Higher-grade managers and administrators'"
"7",6,"1212","Arbeiter*innen & Angestellte",1,0,NA,58530,4,1,"1232","1232","Expert managers","58.00",NA,"'Higher-grade managers and administrators'"
"8",7,"1213","Arbeiter*innen & Angestellte",1,0,NA,12900,4,1,"1239","1239","Expert managers","53.28",NA,"'Higher-grade managers and administrators'"
"9",8,"1219","Arbeiter*innen & Angestellte",1,0,NA,97710,4,1,"1229","1229","Skilled manager/superv","53.28",NA,"'Higher-grade managers and administrators'"
"10",9,"1221","Arbeiter*innen & Angestellte",1,0,NA,162370,4,1,"1233","1233","Skilled manager/superv","52.00",NA,"'Higher-grade managers and administrators'"
"11",10,"1222","Arbeiter*innen & Angestellte",1,0,NA,29830,4,1,"1234","1234","Expert managers","52.36",NA,"'Higher-grade managers and administrators'"
"12",11,"1223","Arbeiter*innen & Angestellte",1,0,NA,13740,4,1,"1237","1237","Expert managers","52.36",NA,"'Higher-grade managers and administrators'"
"13",12,"1311","Arbeiter*innen & Angestellte",1,0,NA,570,4,1,"1221","1221","Skilled manager/superv","61.15",NA,"'Lower-grade managers and administrators'"
"14",13,"1312","Arbeiter*innen & Angestellte",1,0,NA,0,4,1,"1221","1221","Skilled manager/superv","61.15",NA,"'Lower-grade managers and administrators'"
"15",14,"1321","Arbeiter*innen & Angestellte",1,0,NA,137890,4,1,"1222","1222","Skilled manager/superv","64.00",NA,"'Higher-grade managers and administrators'"
"16",15,"1322","Arbeiter*innen & Angestellte",1,0,NA,3540,4,1,"1222","1222","Skilled manager/superv","60.67",NA,"'Higher-grade managers and administrators'"
"17",16,"1323","Arbeiter*innen & Angestellte",1,0,NA,93430,4,1,"1223","1223","Skilled manager/superv","53.00",NA,"'Higher-grade managers and administrators'"
"18",17,"1324","Arbeiter*innen & Angestellte",1,0,NA,81530,4,1,"1235","1235","Expert managers","57.21",NA,"'Higher-grade managers and administrators'"
"19",18,"1330","Arbeiter*innen & Angestellte",1,0,NA,94870,4,1,"1236","1236","Expert managers","61.15",NA,"'Higher-grade managers and administrators'"
"20",19,"1341","Arbeiter*innen & Angestellte",1,0,NA,26490,4,1,"1229","1229","Skilled manager/superv","73.51",NA,"'Higher-grade managers and administrators'"
"21",20,"1342","Arbeiter*innen & Angestellte",1,0,NA,51350,4,1,"1229","1229","Skilled manager/superv","73.51",NA,"'Higher-grade managers and administrators'"
"22",21,"1343","Arbeiter*innen & Angestellte",1,0,NA,10570,4,1,"1229","1229","Skilled manager/superv","73.51",NA,"'Higher-grade managers and administrators'"
"23",22,"1344","Arbeiter*innen & Angestellte",1,0,NA,16290,4,1,"1229","1229","Skilled manager/superv","73.51",NA,"'Higher-grade managers and administrators'"
"24",23,"1345","Arbeiter*innen & Angestellte",1,0,NA,30480,4,1,"1229","1229","Skilled manager/superv","72.00",NA,"'Higher-grade managers and administrators'"
"25",24,"1346","Arbeiter*innen & Angestellte",1,0,NA,15410,4,1,"1227","1227","Skilled manager/superv","73.51",NA,"'Higher-grade managers and administrators'"
"26",25,"1349","Arbeiter*innen & Angestellte",1,0,NA,41790,4,1,"1229","1229","Skilled manager/superv","75.00",NA,"'Higher-grade managers and administrators'"
"27",26,"1411","Arbeiter*innen & Angestellte",1,0,NA,11820,4,1,"1315","1315","Skilled manager/superv","37.52",NA,"'Lower-grade managers and administrators'"
"28",27,"1412","Arbeiter*innen & Angestellte",1,0,NA,49290,4,1,"1315","1315","Skilled manager/superv","39.91",NA,"'Lower-grade managers and administrators'"
"29",28,"1420","Arbeiter*innen & Angestellte",1,0,NA,74390,4,1,"1314","1314","Skilled manager/superv","45.13",NA,"'Lower-grade managers and administrators'"
"30",29,"1431","Arbeiter*innen & Angestellte",1,0,NA,14400,4,1,"1319","1319","Expert managers","47.00",NA,"'Lower-grade managers and administrators'"
"31",30,"1439","Arbeiter*innen & Angestellte",1,0,NA,3440,4,1,"1319","1319","Expert managers","47.00",NA,"'Lower-grade managers and administrators'"
"32",31,"2111","Arbeiter*innen & Angestellte",0,0,NA,22120,4,1,"2111","2111","Expert workers","75.68",NA,"'Technical experts'"
"33",32,"2112","Arbeiter*innen & Angestellte",0,0,NA,1540,4,1,"2112","2112","Expert workers","69.51",NA,"'Technical experts'"
"34",33,"2113","Arbeiter*innen & Angestellte",0,0,NA,28320,4,1,"2113","2113","Expert workers","69.00",NA,"'Technical experts'"
"35",34,"2114","Arbeiter*innen & Angestellte",0,0,NA,9920,4,1,"2114","2114","Expert workers","67.00",NA,"'Technical experts'"
"36",35,"2120","Arbeiter*innen & Angestellte",0,0,NA,26250,4,1,"2120","2120","Expert workers","58.16",NA,"'Technical experts'"
"37",36,"2131","Arbeiter*innen & Angestellte",0,0,NA,39220,4,1,"2211","2211","Expert workers","62.66",NA,"'Technical experts'"
"38",37,"2132","Arbeiter*innen & Angestellte",0,0,NA,38910,4,1,"2213","2213","Expert workers","62.66",NA,"'Technical experts'"
"39",38,"2133","Arbeiter*innen & Angestellte",0,0,NA,20470,4,1,"2200","2200","Expert workers","62.66",NA,"'Technical experts'"
"40",39,"2141","Arbeiter*innen & Angestellte",0,0,NA,144300,4,1,"2149","2149","Expert workers","54.00",NA,"'Technical experts'"
"41",40,"2142","Arbeiter*innen & Angestellte",0,0,NA,84560,4,1,"2142","2142","Expert workers","70.00",NA,"'Technical experts'"
"42",41,"2143","Arbeiter*innen & Angestellte",0,0,NA,15080,4,1,"2149","2149","Expert workers","61.69",NA,"'Technical experts'"
"43",42,"2144","Arbeiter*innen & Angestellte",0,0,NA,275990,4,1,"2145","2145","Expert workers","66.00",NA,"'Technical experts'"
"44",43,"2145","Arbeiter*innen & Angestellte",0,0,NA,42190,4,1,"2146","2146","Expert workers","66.00",NA,"'Technical experts'"
"45",44,"2146","Arbeiter*innen & Angestellte",0,0,NA,18050,4,1,"2147","2147","Expert workers","61.16",NA,"'Technical experts'"
"46",45,"2149","Arbeiter*innen & Angestellte",0,0,NA,159560,4,1,"2149","2149","Expert workers","55.00",NA,"'Technical experts'"
"47",46,"2151","Arbeiter*innen & Angestellte",0,0,NA,70350,4,1,"2143","2143","Expert workers","65.00",NA,"'Technical experts'"
"48",47,"2152","Arbeiter*innen & Angestellte",0,0,NA,65320,4,1,"2144","2144","Expert workers","65.00",NA,"'Technical experts'"
"49",48,"2153","Arbeiter*innen & Angestellte",0,0,NA,8340,4,1,"2144","2144","Expert workers","65.00",NA,"'Technical experts'"
"50",49,"2161","Arbeiter*innen & Angestellte",0,0,NA,99020,4,1,"2141","2141","Expert workers","63.19",NA,"'Technical experts'"
"51",50,"2162","Arbeiter*innen & Angestellte",0,0,NA,13250,4,1,"2141","2141","Expert workers","63.19",NA,"'Technical experts'"
"52",51,"2163","Arbeiter*innen & Angestellte",0,0,NA,40710,4,1,"3471","3471","Skilled workers","63.19",NA,"'Socio-cultural semi-professionals'"
"53",52,"2164","Arbeiter*innen & Angestellte",0,0,NA,29990,4,1,"2141","2141","Expert workers","63.19",NA,"'Technical experts'"
"54",53,"2165","Arbeiter*innen & Angestellte",0,0,NA,13200,4,1,"2148","2148","Expert workers","58.00",NA,"'Technical experts'"
"55",54,"2166","Arbeiter*innen & Angestellte",0,0,NA,93880,4,1,"3471","3471","Skilled workers","63.19",NA,"'Socio-cultural semi-professionals'"
"56",55,"2211","Arbeiter*innen & Angestellte",0,0,NA,104450,4,1,"2221","2221","Expert workers","78.01",NA,"'Socio-cultural professionals'"
"57",56,"2212","Arbeiter*innen & Angestellte",0,0,NA,191520,4,1,"2221","2221","Expert workers","78.01",NA,"'Socio-cultural professionals'"
"58",57,"2221","Arbeiter*innen & Angestellte",0,0,NA,33160,4,1,"2230","2230","Skilled workers","54.05",NA,"'Socio-cultural semi-professionals'"
"59",58,"2222","Arbeiter*innen & Angestellte",0,0,NA,14170,4,1,"2230","2230","Skilled workers","46.00",NA,"'Socio-cultural semi-professionals'"
"60",59,"2230","Arbeiter*innen & Angestellte",0,0,NA,3560,4,1,"3229","3229","Skilled workers","69.03",NA,"'Socio-cultural semi-professionals'"
"61",60,"2240","Arbeiter*innen & Angestellte",0,0,NA,2150,4,1,"3221","3221","Low skilled workers","69.03",NA,"'Socio-cultural semi-professionals'"
"62",61,"2250","Arbeiter*innen & Angestellte",0,0,NA,20780,4,1,"2223","2223","Expert workers","61.00",NA,"'Socio-cultural professionals'"
"63",62,"2261","Arbeiter*innen & Angestellte",0,0,NA,28510,4,1,"2222","2222","Expert workers","70.00",NA,"'Socio-cultural professionals'"
"64",63,"2262","Arbeiter*innen & Angestellte",0,0,NA,67710,4,1,"2224","2224","Expert workers","64.00",NA,"'Socio-cultural professionals'"
"65",64,"2263","Arbeiter*innen & Angestellte",0,0,NA,9890,4,1,"2229","2229","Skilled workers","65.80",NA,"'Socio-cultural semi-professionals'"
"66",65,"2264","Arbeiter*innen & Angestellte",0,0,NA,153160,4,1,"3226","3226","Skilled workers","56.21",NA,"'Socio-cultural semi-professionals'"
"67",66,"2265","Arbeiter*innen & Angestellte",0,0,NA,20050,4,1,"3223","3223","Skilled workers","52.00",NA,"'Socio-cultural semi-professionals'"
"68",67,"2266","Arbeiter*innen & Angestellte",0,0,NA,27070,4,1,"3229","3229","Skilled workers","65.80",NA,"'Socio-cultural semi-professionals'"
"69",68,"2267","Arbeiter*innen & Angestellte",0,0,NA,2140,4,1,"3224","3224","Skilled workers","60.15",NA,"'Socio-cultural semi-professionals'"
"70",69,"2269","Arbeiter*innen & Angestellte",0,0,NA,78270,4,1,"2229","2229","Skilled workers","65.80",NA,"'Socio-cultural semi-professionals'"
"71",70,"2310","Arbeiter*innen & Angestellte",0,0,NA,292330,4,1,"2310","2310","Expert workers","78.16",NA,"'Socio-cultural professionals'"
"72",71,"2320","Arbeiter*innen & Angestellte",0,0,NA,222610,4,1,"2320","2320","Skilled workers","57.00",NA,"'Socio-cultural professionals'"
"73",72,"2330","Arbeiter*innen & Angestellte",0,0,NA,565340,4,1,"2320","2320","Skilled workers","62.63",NA,"'Socio-cultural professionals'"
"74",73,"2341","Arbeiter*innen & Angestellte",0,0,NA,214830,4,1,"2331","2331","Skilled workers","57.00",NA,"'Socio-cultural semi-professionals'"
"75",74,"2342","Arbeiter*innen & Angestellte",0,0,NA,706050,4,1,"2332","2332","Skilled workers","49.00",NA,"'Socio-cultural semi-professionals'"
"76",75,"2351","Arbeiter*innen & Angestellte",0,0,NA,45180,4,1,"2351","2351","Skilled workers","62.28",NA,"'Socio-cultural professionals'"
"77",76,"2352","Arbeiter*innen & Angestellte",0,0,NA,120660,4,1,"2340","2340","Skilled workers","62.00",NA,"'Socio-cultural professionals'"
"78",77,"2353","Arbeiter*innen & Angestellte",0,0,NA,7810,4,1,"2359","2359","Skilled workers","62.28",NA,"'Socio-cultural semi-professionals'"
"79",78,"2354","Arbeiter*innen & Angestellte",0,0,NA,15950,4,1,"2359","2359","Skilled workers","62.28",NA,"'Socio-cultural semi-professionals'"
"80",79,"2355","Arbeiter*innen & Angestellte",0,0,NA,7610,4,1,"2359","2359","Skilled workers","62.28",NA,"'Socio-cultural semi-professionals'"
"81",80,"2356","Arbeiter*innen & Angestellte",0,0,NA,5440,4,1,"2359","2359","Skilled workers","62.28",NA,"'Socio-cultural semi-professionals'"
"82",81,"2359","Arbeiter*innen & Angestellte",0,0,NA,58290,4,1,"2359","2359","Skilled workers","68.00",NA,"'Socio-cultural professionals'"
"83",82,"2411","Arbeiter*innen & Angestellte",0,0,NA,261600,4,1,"2411","2411","Expert workers","58.45",NA,"'Higher-grade managers and administrators'"
"84",83,"2412","Arbeiter*innen & Angestellte",0,0,NA,61360,4,1,"2419","2419","Expert workers","58.45",NA,"'Higher-grade managers and administrators'"
"85",84,"2413","Arbeiter*innen & Angestellte",0,0,NA,29520,4,1,"2419","2419","Expert workers","58.45",NA,"'Higher-grade managers and administrators'"
"86",85,"2421","Arbeiter*innen & Angestellte",0,0,NA,338970,4,1,"2419","2419","Expert workers","55.80",NA,"'Higher-grade managers and administrators'"
"87",86,"2422","Arbeiter*innen & Angestellte",0,0,NA,109860,4,1,"2419","2419","Expert workers","55.80",NA,"'Higher-grade managers and administrators'"
"88",87,"2423","Arbeiter*innen & Angestellte",0,0,NA,157260,4,1,"2412","2412","Expert workers","55.80",NA,"'Higher-grade managers and administrators'"
"89",88,"2424","Arbeiter*innen & Angestellte",0,0,NA,23120,4,1,"2412","2412","Expert workers","55.80",NA,"'Higher-grade managers and administrators'"
"90",89,"2431","Arbeiter*innen & Angestellte",0,0,NA,235660,4,1,"2419","2419","Expert workers","50.09",NA,"'Higher-grade managers and administrators'"
"91",90,"2432","Arbeiter*innen & Angestellte",0,0,NA,44060,4,1,"2419","2419","Expert workers","57.00",NA,"'Higher-grade managers and administrators'"
"92",91,"2433","Arbeiter*innen & Angestellte",0,0,NA,229560,4,1,"3415","3415","Low skilled workers","48.37",NA,"'Lower-grade managers and administrators'"
"93",92,"2434","Arbeiter*innen & Angestellte",0,0,NA,41210,4,1,"3415","3415","Low skilled workers","50.09",NA,"'Lower-grade managers and administrators'"
"94",93,"2511","Arbeiter*innen & Angestellte",0,0,NA,292220,4,1,"2131","2131","Expert workers","51.00",NA,"'Technical experts'"
"95",94,"2512","Arbeiter*innen & Angestellte",0,0,NA,347470,4,1,"2131","2131","Expert workers","51.00",NA,"'Technical experts'"
"96",95,"2513","Arbeiter*innen & Angestellte",0,0,NA,21050,4,1,"2131","2131","Expert workers","51.00",NA,"'Technical experts'"
"97",96,"2514","Arbeiter*innen & Angestellte",0,0,NA,49980,4,1,"2132","2131","Expert workers","51.00",NA,"'Technical experts'"
"98",97,"2519","Arbeiter*innen & Angestellte",0,0,NA,52420,4,1,"2131","2131","Expert workers","51.00",NA,"'Technical experts'"
"99",98,"2521","Arbeiter*innen & Angestellte",0,0,NA,11110,4,1,"2131","2131","Expert workers","51.00",NA,"'Technical experts'"
"100",99,"2522","Arbeiter*innen & Angestellte",0,0,NA,101440,4,1,"2131","2131","Expert workers","51.00",NA,"'Technical experts'"
"101",100,"2523","Arbeiter*innen & Angestellte",0,0,NA,8310,4,1,"2131","2131","Expert workers","51.00",NA,"'Technical experts'"
"102",101,"2529","Arbeiter*innen & Angestellte",0,0,NA,5930,4,1,"2139","2139","Expert workers","51.00",NA,"'Technical experts'"
"103",102,"2611","Arbeiter*innen & Angestellte",0,0,NA,76490,4,1,"2421","2421","Expert workers","73.10",NA,"'Higher-grade managers and administrators'"
"104",103,"2612","Arbeiter*innen & Angestellte",0,0,NA,26430,4,1,"2422","2422","Expert workers","76.11",NA,"'Higher-grade managers and administrators'"
"105",104,"2619","Arbeiter*innen & Angestellte",0,0,NA,97090,4,1,"2429","2429","Expert workers","69.40",NA,"'Higher-grade managers and administrators'"
"106",105,"2621","Arbeiter*innen & Angestellte",0,0,NA,16690,4,1,"2431","2431","Expert workers","54.00",NA,"'Socio-cultural professionals'"
"107",106,"2622","Arbeiter*innen & Angestellte",0,0,NA,16170,4,1,"2432","2432","Expert workers","54.00",NA,"'Socio-cultural semi-professionals'"
"108",107,"2631","Arbeiter*innen & Angestellte",0,0,NA,13980,4,1,"2441","2441","Expert workers","60.00",NA,"'Higher-grade managers and administrators'"
"109",108,"2632","Arbeiter*innen & Angestellte",0,0,NA,18410,4,1,"2442","2442","Expert workers","68.51",NA,"'Socio-cultural professionals'"
"110",109,"2633","Arbeiter*innen & Angestellte",0,0,NA,6790,4,1,"2443","2443","Expert workers","56.30",NA,"'Socio-cultural professionals'"
"111",110,"2634","Arbeiter*innen & Angestellte",0,0,NA,75750,4,1,"2445","2445","Expert workers","66.00",NA,"'Socio-cultural professionals'"
"112",111,"2635","Arbeiter*innen & Angestellte",0,0,NA,391680,4,1,"2446","2446","Skilled workers","53.89",NA,"'Socio-cultural semi-professionals'"
"113",112,"2636","Arbeiter*innen & Angestellte",0,0,NA,45290,4,1,"2460","2460","Skilled workers","54.00",NA,"'Socio-cultural professionals'"
"114",113,"2641","Arbeiter*innen & Angestellte",0,0,NA,27630,4,1,"2451","2451","Skilled workers","56.92",NA,"'Socio-cultural semi-professionals'"
"115",114,"2642","Arbeiter*innen & Angestellte",0,0,NA,93360,4,1,"2451","2451","Skilled workers","62.99",NA,"'Socio-cultural professionals'"
"116",115,"2643","Arbeiter*innen & Angestellte",0,0,NA,18840,4,1,"2444","2444","Expert workers","65.66",NA,"'Socio-cultural professionals'"
"117",116,"2651","Arbeiter*innen & Angestellte",0,0,NA,4430,4,1,"2452","2452","Skilled workers","57.00",NA,"'Socio-cultural semi-professionals'"
"118",117,"2652","Arbeiter*innen & Angestellte",0,0,NA,31350,4,1,"2453","2453","Skilled workers","46.09",NA,"'Socio-cultural semi-professionals'"
"119",118,"2653","Arbeiter*innen & Angestellte",0,0,NA,1980,4,1,"2454","2454","Skilled workers","40.00",NA,"'Socio-cultural semi-professionals'"
"120",119,"2654","Arbeiter*innen & Angestellte",0,0,NA,20650,4,1,"2455","2455","Skilled workers","66.78",NA,"'Socio-cultural semi-professionals'"
"121",120,"2655","Arbeiter*innen & Angestellte",0,0,NA,6630,4,1,"2455","2455","Skilled workers","56.79",NA,"'Socio-cultural semi-professionals'"
"122",121,"2656","Arbeiter*innen & Angestellte",0,0,NA,1830,4,1,"3472","3472","Skilled workers","50.00",NA,"'Socio-cultural semi-professionals'"
"123",122,"2659","Arbeiter*innen & Angestellte",0,0,NA,2110,4,1,"3474","3474","Skilled workers","33.00",NA,"'Socio-cultural semi-professionals'"
"124",123,"3111","Arbeiter*innen & Angestellte",0,0,NA,85760,4,1,"3111","3111","Skilled workers","46.00",NA,"'Technicians'"
"125",124,"3112","Arbeiter*innen & Angestellte",0,0,NA,155820,4,1,"3112","3112","Expert workers","52.72",NA,"'Technicians'"
"126",125,"3113","Arbeiter*innen & Angestellte",0,0,NA,77250,4,1,"3113","3113","Skilled workers","46.00",NA,"'Technicians'"
"127",126,"3114","Arbeiter*innen & Angestellte",0,0,NA,115670,4,1,"3114","3114","Skilled workers","49.65",NA,"'Technicians'"
"128",127,"3115","Arbeiter*innen & Angestellte",0,0,NA,202200,4,1,"3115","3115","Skilled workers","46.00",NA,"'Technicians'"
"129",128,"3116","Arbeiter*innen & Angestellte",0,0,NA,30300,4,1,"3116","3116","Skilled workers","46.00",NA,"'Technicians'"
"130",129,"3117","Arbeiter*innen & Angestellte",0,0,NA,19880,4,1,"3117","3117","Skilled workers","54.00",NA,"'Technicians'"
"131",130,"3118","Arbeiter*innen & Angestellte",0,0,NA,112290,4,1,"3118","3118","Skilled workers","55.00",NA,"'Technicians'"
"132",131,"3119","Arbeiter*innen & Angestellte",0,0,NA,324080,4,1,"3119","3119","Skilled workers","46.00",NA,"'Technicians'"
"133",132,"3121","Arbeiter*innen & Angestellte",0,0,NA,3340,4,1,"1229","1229","Skilled workers","45.94",NA,"'Technicians'"
"134",133,"3122","Arbeiter*innen & Angestellte",0,0,NA,314540,4,1,"1222","1222","Skilled workers","45.94",NA,"'Technicians'"
"135",134,"3123","Arbeiter*innen & Angestellte",0,0,NA,135780,4,1,"1223","1223","Skilled workers","45.94",NA,"'Technicians'"
"136",135,"3131","Arbeiter*innen & Angestellte",0,0,NA,26510,4,1,"8161","8161","Low skilled workers","34.76",NA,"'Technicians'"
"137",136,"3132","Arbeiter*innen & Angestellte",0,0,NA,27780,4,1,"8163","8163","Low skilled workers","34.91",NA,"'Technicians'"
"138",137,"3133","Arbeiter*innen & Angestellte",0,0,NA,920,4,1,"8150","8150","Low skilled workers","34.91",NA,"'Technicians'"
"139",138,"3134","Arbeiter*innen & Angestellte",0,0,NA,720,4,1,"8155","8155","Low skilled workers","43.00",NA,"'Technicians'"
"140",139,"3135","Arbeiter*innen & Angestellte",0,0,NA,1980,4,1,"8120","8120","Low skilled workers","34.91",NA,"'Technicians'"
"141",140,"3139","Arbeiter*innen & Angestellte",0,0,NA,960,4,1,"8290","8290","Low skilled workers","34.91",NA,"'Technicians'"
"142",141,"3141","Arbeiter*innen & Angestellte",0,0,NA,45700,4,1,"3211","3211","Skilled workers","52.00",NA,"'Technicians'"
"143",142,"3142","Arbeiter*innen & Angestellte",0,0,NA,19360,4,1,"3212","3212","Skilled workers","48.57",NA,"'Technicians'"
"144",143,"3143","Arbeiter*innen & Angestellte",0,0,NA,15680,4,1,"3212","3212","Skilled workers","49.00",NA,"'Technicians'"
"145",144,"3151","Arbeiter*innen & Angestellte",0,0,NA,3860,4,1,"3141","3141","Expert workers","60.00",NA,"'Technicians'"
"146",145,"3152","Arbeiter*innen & Angestellte",0,0,NA,12340,4,1,"3142","3142","Skilled workers","55.44",NA,"'Technicians'"
"147",146,"3153","Arbeiter*innen & Angestellte",0,0,NA,14600,4,1,"3143","3143","Skilled workers","66.00",NA,"'Technicians'"
"148",147,"3154","Arbeiter*innen & Angestellte",0,0,NA,5100,4,1,"3144","3144","Skilled workers","59.00",NA,"'Technicians'"
"149",148,"3155","Arbeiter*innen & Angestellte",0,0,NA,710,4,1,"3145","3145","Skilled workers","59.00",NA,"'Technicians'"
"150",149,"3211","Arbeiter*innen & Angestellte",0,0,NA,35620,4,1,"3133","3133","Skilled workers","58.00",NA,"'Technicians'"
"151",150,"3212","Arbeiter*innen & Angestellte",0,0,NA,49610,4,1,"3211","3211","Skilled workers","54.58",NA,"'Technicians'"
"152",151,"3213","Arbeiter*innen & Angestellte",0,0,NA,86270,4,1,"3228","3228","Low skilled workers","44.00",NA,"'Technicians'"
"153",152,"3214","Arbeiter*innen & Angestellte",0,0,NA,74810,4,1,"7311","7311","Skilled workers","60.00",NA,"'Technicians'"
"154",153,"3221","Arbeiter*innen & Angestellte",0,0,NA,1187820,4,1,"3231","3231","Skilled workers","44.00",NA,"'Socio-cultural semi-professionals'"
"155",154,"3222","Arbeiter*innen & Angestellte",0,0,NA,1120,4,1,"3232","3232","Skilled workers","44.00",NA,"'Socio-cultural semi-professionals'"
"156",155,"3230","Arbeiter*innen & Angestellte",0,0,NA,0,4,1,"3241","3229","Skilled workers","50.27",NA,"'Socio-cultural semi-professionals'"
"157",156,"3240","Arbeiter*innen & Angestellte",0,0,NA,7910,4,1,"3227","3227","Low skilled workers","48.00",NA,"'Skilled service'"
"158",157,"3251","Arbeiter*innen & Angestellte",0,0,NA,203640,4,1,"3225","3225","Low skilled workers","49.87",NA,"'Skilled service'"
"159",158,"3252","Arbeiter*innen & Angestellte",0,0,NA,13040,4,1,"3229","3229","Skilled workers","49.87",NA,"'Technicians'"
"160",159,"3253","Arbeiter*innen & Angestellte",0,0,NA,6780,4,1,"3229","3229","Skilled workers","49.87",NA,"'Socio-cultural semi-professionals'"
"161",160,"3254","Arbeiter*innen & Angestellte",0,0,NA,48480,4,1,"3224","3224","Skilled workers","57.00",NA,"'Socio-cultural semi-professionals'"
"162",161,"3255","Arbeiter*innen & Angestellte",0,0,NA,23120,4,1,"3226","3226","Skilled workers","49.87",NA,"'Socio-cultural semi-professionals'"
"163",162,"3256","Arbeiter*innen & Angestellte",0,0,NA,514680,4,1,"3221","3221","Low skilled workers","50.00",NA,"'Socio-cultural semi-professionals'"
"164",163,"3257","Arbeiter*innen & Angestellte",0,0,NA,96850,4,1,"3152","3152","Expert workers","48.00",NA,"'Socio-cultural semi-professionals'"
"165",164,"3258","Arbeiter*innen & Angestellte",0,0,NA,80000,4,1,"3152","3152","Expert workers","49.87",NA,"'Skilled service'"
"166",165,"3259","Arbeiter*innen & Angestellte",0,0,NA,7190,4,1,"3229","3229","Skilled workers","49.89",NA,"'Socio-cultural semi-professionals'"
"167",166,"3311","Arbeiter*innen & Angestellte",0,0,NA,38150,4,1,"3411","3411","Low skilled workers","56.00",NA,"'Lower-grade managers and administrators'"
"168",167,"3312","Arbeiter*innen & Angestellte",0,0,NA,69170,4,1,"3419","3419","Low skilled workers","45.93",NA,"'Lower-grade managers and administrators'"
"169",168,"3313","Arbeiter*innen & Angestellte",0,0,NA,416590,4,1,"3433","3433","Low skilled workers","43.81",NA,"'Lower-grade managers and administrators'"
"170",169,"3314","Arbeiter*innen & Angestellte",0,0,NA,710,4,1,"3434","3434","Expert workers","51.00",NA,"'Lower-grade managers and administrators'"
"171",170,"3315","Arbeiter*innen & Angestellte",0,0,NA,4920,4,1,"3417","3417","Low skilled workers","48.97",NA,"'Lower-grade managers and administrators'"
"172",171,"3321","Arbeiter*innen & Angestellte",0,0,NA,130690,4,1,"3412","3412","Low skilled workers","46.00",NA,"'Lower-grade managers and administrators'"
"173",172,"3322","Arbeiter*innen & Angestellte",0,0,NA,443600,4,1,"3415","3415","Low skilled workers","47.00",NA,"'Lower-grade managers and administrators'"
"174",173,"3323","Arbeiter*innen & Angestellte",0,0,NA,125930,4,1,"3416","3416","Expert workers","48.86",NA,"'Lower-grade managers and administrators'"
"175",174,"3324","Arbeiter*innen & Angestellte",0,0,NA,2580,4,1,"3421","3421","Low skilled workers","55.00",NA,"'Lower-grade managers and administrators'"
"176",175,"3331","Arbeiter*innen & Angestellte",0,0,NA,47290,4,1,"3422","3422","Low skilled workers","47.61",NA,"'Lower-grade managers and administrators'"
"177",176,"3332","Arbeiter*innen & Angestellte",0,0,NA,47090,4,1,"3414","3414","Low skilled workers","47.61",NA,"'Lower-grade managers and administrators'"
"178",177,"3333","Arbeiter*innen & Angestellte",0,0,NA,51590,4,1,"3423","3423","Skilled workers","47.61",NA,"'Lower-grade managers and administrators'"
"179",178,"3334","Arbeiter*innen & Angestellte",0,0,NA,153540,4,1,"3413","3413","Low skilled workers","49.00",NA,"'Lower-grade managers and administrators'"
"180",179,"3339","Arbeiter*innen & Angestellte",0,0,NA,16950,4,1,"3429","3429","Skilled workers","42.15",NA,"'Lower-grade managers and administrators'"
"181",180,"3341","Arbeiter*innen & Angestellte",0,0,NA,461490,4,1,"3431","3431","Low skilled workers","48.81",NA,"'Skilled clerks'"
"182",181,"3342","Arbeiter*innen & Angestellte",0,0,NA,133990,4,1,"3431","3431","Low skilled workers","48.81",NA,"'Skilled clerks'"
"183",182,"3343","Arbeiter*innen & Angestellte",0,0,NA,357970,4,1,"3431","3431","Low skilled workers","48.81",NA,"'Lower-grade managers and administrators'"
"184",183,"3344","Arbeiter*innen & Angestellte",0,0,NA,169230,4,1,"3431","3431","Low skilled workers","48.81",NA,"'Skilled clerks'"
"185",184,"3351","Arbeiter*innen & Angestellte",0,0,NA,44420,4,1,"3441","3441","Skilled workers","54.64",NA,"'Lower-grade managers and administrators'"
"186",185,"3352","Arbeiter*innen & Angestellte",0,0,NA,87520,4,1,"3442","3442","Skilled workers","52.00",NA,"'Lower-grade managers and administrators'"
"187",186,"3353","Arbeiter*innen & Angestellte",0,0,NA,158450,4,1,"3443","3443","Skilled workers","54.64",NA,"'Lower-grade managers and administrators'"
"188",187,"3354","Arbeiter*innen & Angestellte",0,0,NA,4890,4,1,"3444","3444","Skilled workers","54.64",NA,"'Lower-grade managers and administrators'"
"189",188,"3355","Arbeiter*innen & Angestellte",0,0,NA,80350,4,1,"3450","3450","Skilled workers","54.64",NA,"'Lower-grade managers and administrators'"
"190",189,"3359","Arbeiter*innen & Angestellte",0,0,NA,17660,4,1,"3449","3449","Skilled workers","54.64",NA,"'Lower-grade managers and administrators'"
"191",190,"3411","Arbeiter*innen & Angestellte",0,0,NA,68170,4,1,"3432","3432","Skilled workers","54.17",NA,"'Lower-grade managers and administrators'"
"192",191,"3412","Arbeiter*innen & Angestellte",0,0,NA,245610,4,1,"3460","3460","Skilled workers","49.00",NA,"'Socio-cultural semi-professionals'"
"193",192,"3413","Arbeiter*innen & Angestellte",0,0,NA,5610,4,1,"3480","3480","Skilled workers","39.00",NA,"'Socio-cultural semi-professionals'"
"194",193,"3421","Arbeiter*innen & Angestellte",0,0,NA,9430,4,1,"3475","3475","Skilled workers","48.62",NA,"'Skilled service'"
"195",194,"3422","Arbeiter*innen & Angestellte",0,0,NA,53680,4,1,"3475","3475","Skilled workers","50.00",NA,"'Skilled service'"
"196",195,"3423","Arbeiter*innen & Angestellte",0,0,NA,59630,4,1,"3340","3340","Skilled workers","49.63",NA,"'Skilled service'"
"197",196,"3431","Arbeiter*innen & Angestellte",0,0,NA,12870,4,1,"3131","3131","Skilled workers","45.69",NA,"'Socio-cultural semi-professionals'"
"198",197,"3432","Arbeiter*innen & Angestellte",0,0,NA,26120,4,1,"3471","3471","Skilled workers","38.00",NA,"'Socio-cultural semi-professionals'"
"199",198,"3433","Arbeiter*innen & Angestellte",0,0,NA,11370,4,1,"3470","3470","Skilled workers","50.38",NA,"'Socio-cultural semi-professionals'"
"200",199,"3434","Arbeiter*innen & Angestellte",0,0,NA,31630,4,1,"5122","5122","Skilled workers","38.00",NA,"'Skilled service'"
"201",200,"3435","Arbeiter*innen & Angestellte",0,0,NA,41790,4,1,"3470","3470","Skilled workers","54.59",NA,"'Socio-cultural semi-professionals'"
"202",201,"3511","Arbeiter*innen & Angestellte",0,0,NA,9640,4,1,"3122","3122","Skilled workers","53.00",NA,"'Technicians'"
"203",202,"3512","Arbeiter*innen & Angestellte",0,0,NA,146590,4,1,"3121","3121","Skilled workers","53.00",NA,"'Technicians'"
"204",203,"3513","Arbeiter*innen & Angestellte",0,0,NA,91610,4,1,"2139","2139","Expert workers","53.00",NA,"'Technicians'"
"205",204,"3514","Arbeiter*innen & Angestellte",0,0,NA,9690,4,1,"3121","3121","Skilled workers","53.00",NA,"'Technicians'"
"206",205,"3521","Arbeiter*innen & Angestellte",0,0,NA,20950,4,1,"3130","3130","Skilled workers","44.87",NA,"'Technicians'"
"207",206,"3522","Arbeiter*innen & Angestellte",0,0,NA,12010,4,1,"3114","3114","Skilled workers","44.87",NA,"'Technicians'"
"208",207,"4110","Arbeiter*innen & Angestellte",0,0,NA,454860,4,1,"4100","4100","Low skilled workers","42.09",NA,"'Skilled clerks'"
"209",208,"4120","Arbeiter*innen & Angestellte",0,0,NA,1753560,4,1,"4115","4115","Low skilled workers","50.87",NA,"'Skilled clerks'"
"210",209,"4131","Arbeiter*innen & Angestellte",0,0,NA,11590,4,1,"4112","4112","Low skilled workers","42.00",NA,"'Skilled clerks'"
"211",210,"4132","Arbeiter*innen & Angestellte",0,0,NA,9210,4,1,"4113","4113","Low skilled workers","45.00",NA,"'Unskilled clerks'"
"212",211,"4211","Arbeiter*innen & Angestellte",0,0,NA,353240,4,1,"4211","4211","Low skilled workers","40.28",NA,"'Skilled clerks'"
"213",212,"4212","Arbeiter*innen & Angestellte",0,0,NA,4750,4,1,"4213","4213","Low skilled workers","38.53",NA,"'Skilled clerks'"
"214",213,"4213","Arbeiter*innen & Angestellte",0,0,NA,270,4,1,"4214","4214","Low skilled workers","38.53",NA,"'Skilled clerks'"
"215",214,"4214","Arbeiter*innen & Angestellte",0,0,NA,2600,4,1,"4215","4215","Low skilled workers","27.00",NA,"'Skilled clerks'"
"216",215,"4221","Arbeiter*innen & Angestellte",0,0,NA,66330,4,1,"3414","3414","Low skilled workers","43.00",NA,"'Skilled clerks'"
"217",216,"4222","Arbeiter*innen & Angestellte",0,0,NA,61040,4,1,"4222","4222","Low skilled workers","37.83",NA,"'Unskilled clerks'"
"218",217,"4223","Arbeiter*innen & Angestellte",0,0,NA,21880,4,1,"4223","4223","Low skilled workers","42.15",NA,"'Unskilled clerks'"
"219",218,"4224","Arbeiter*innen & Angestellte",0,0,NA,68690,4,1,"4222","4222","Low skilled workers","33.00",NA,"'Skilled clerks'"
"220",219,"4225","Arbeiter*innen & Angestellte",0,0,NA,7100,4,1,"4222","4222","Low skilled workers","37.83",NA,"'Skilled clerks'"
"221",220,"4226","Arbeiter*innen & Angestellte",0,0,NA,0,4,1,"4222","4222","Low skilled workers","34.24",NA,"'Skilled clerks'"
"222",221,"4227","Arbeiter*innen & Angestellte",0,0,NA,3210,4,1,"4190","4190","Low skilled workers","37.83",NA,"'Skilled clerks'"
"223",222,"4229","Arbeiter*innen & Angestellte",0,0,NA,0,4,1,"4222","4222","Low skilled workers","37.83",NA,"'Skilled clerks'"
"224",223,"4311","Arbeiter*innen & Angestellte",0,0,NA,352180,4,1,"4121","4121","Low skilled workers","34.00",NA,"'Skilled clerks'"
"225",224,"4312","Arbeiter*innen & Angestellte",0,0,NA,37760,4,1,"4122","4122","Low skilled workers","34.00",NA,"'Skilled clerks'"
"226",225,"4313","Arbeiter*innen & Angestellte",0,0,NA,4240,4,1,"4121","4121","Low skilled workers","34.00",NA,"'Skilled clerks'"
"227",226,"4321","Arbeiter*innen & Angestellte",0,0,NA,649900,4,1,"4131","4131","Low skilled workers","30.28",NA,"'Skilled clerks'"
"228",227,"4322","Arbeiter*innen & Angestellte",0,0,NA,259590,4,1,"4132","4132","Low skilled workers","44.00",NA,"'Skilled clerks'"
"229",228,"4323","Arbeiter*innen & Angestellte",0,0,NA,217890,4,1,"4133","4133","Low skilled workers","32.49",NA,"'Skilled clerks'"
"230",229,"4411","Arbeiter*innen & Angestellte",0,0,NA,20080,4,1,"4141","4141","Low skilled workers","36.00",NA,"'Skilled clerks'"
"231",230,"4412","Arbeiter*innen & Angestellte",0,0,NA,197990,4,1,"4142","4142","Low skilled workers","30.05",NA,"'Skilled clerks'"
"232",231,"4413","Arbeiter*innen & Angestellte",0,0,NA,8470,4,1,"4143","4143","Low skilled workers","41.00",NA,"'Skilled clerks'"
"233",232,"4414","Arbeiter*innen & Angestellte",0,0,NA,0,4,1,"4144","4144","Low skilled workers","34.44",NA,"'Socio-cultural semi-professionals'"
"234",233,"4415","Arbeiter*innen & Angestellte",0,0,NA,12040,4,1,"4141","4141","Low skilled workers","31.00",NA,"'Skilled clerks'"
"235",234,"4416","Arbeiter*innen & Angestellte",0,0,NA,134810,4,1,"4190","4190","Low skilled workers","34.44",NA,"'Skilled clerks'"
"236",235,"4419","Arbeiter*innen & Angestellte",0,0,NA,90290,4,1,"4190","4190","Low skilled workers","37.00",NA,"'Skilled clerks'"
"237",236,"5111","Arbeiter*innen & Angestellte",0,0,NA,25420,4,1,"5111","5111","Low skilled workers","50.00",NA,"'Skilled service'"
"238",237,"5112","Arbeiter*innen & Angestellte",0,0,NA,19280,4,1,"5112","5112","Low skilled workers","30.93",NA,"'Skilled service'"
"239",238,"5113","Arbeiter*innen & Angestellte",0,0,NA,8230,4,1,"5113","5113","Skilled workers","31.07",NA,"'Skilled service'"
"240",239,"5120","Arbeiter*innen & Angestellte",0,0,NA,238300,4,1,"5122","5122","Skilled workers","30.98",NA,"'Skilled service'"
"241",240,"5131","Arbeiter*innen & Angestellte",0,0,NA,462340,4,1,"5123","5123","Low skilled workers","21.67",NA,"'Low-skilled service'"
"242",241,"5132","Arbeiter*innen & Angestellte",0,0,NA,44790,4,1,"5123","5123","Low skilled workers","23.00",NA,"'Low-skilled service'"
"243",242,"5141","Arbeiter*innen & Angestellte",0,0,NA,144310,4,1,"5141","5141","Skilled workers","32.00",NA,"'Skilled service'"
"244",243,"5142","Arbeiter*innen & Angestellte",0,0,NA,40300,4,1,"5141","5141","Skilled workers","32.00",NA,"'Skilled service'"
"245",244,"5151","Arbeiter*innen & Angestellte",0,0,NA,82330,4,1,"5121","5121","Low skilled workers","37.03",NA,"'Low-skilled service'"
"246",245,"5152","Arbeiter*innen & Angestellte",0,0,NA,159660,4,1,"5121","5121","Low skilled workers","24.00",NA,"'Low-skilled service'"
"247",246,"5153","Arbeiter*innen & Angestellte",0,0,NA,332020,4,1,"9141","9141","Low skilled workers","23.27",NA,"'Low-skilled service'"
"248",247,"5161","Arbeiter*innen & Angestellte",0,0,NA,0,4,1,"5152","5149","Low skilled workers","22.90",NA,"'Low-skilled service'"
"249",248,"5162","Arbeiter*innen & Angestellte",0,0,NA,0,4,1,"5142","5142","Low skilled workers","17.00",NA,"'Low-skilled service'"
"250",249,"5163","Arbeiter*innen & Angestellte",0,0,NA,16340,4,1,"5143","5143","Low skilled workers","34.00",NA,"'Skilled service'"
"251",250,"5164","Arbeiter*innen & Angestellte",0,0,NA,52850,4,1,"5149","5149","Low skilled workers","22.90",NA,"'Low-skilled service'"
"252",251,"5165","Arbeiter*innen & Angestellte",0,0,NA,23270,4,1,"3340","3340","Skilled workers","41.00",NA,"'Skilled service'"
"253",252,"5169","Arbeiter*innen & Angestellte",0,0,NA,250,4,1,"5149","5149","Low skilled workers","22.90",NA,"'Low-skilled service'"
"254",253,"5211","Arbeiter*innen & Angestellte",0,0,NA,9120,4,1,"5230","5220","Low skilled workers","36.69",NA,"'Low-skilled service'"
"255",254,"5212","Arbeiter*innen & Angestellte",0,0,NA,0,4,1,"9111","9111","Low skilled workers","36.69",NA,"'Low-skilled service'"
"256",255,"5221","Arbeiter*innen & Angestellte",0,0,NA,41240,4,1,"1314","1314","Skilled workers","48.00",NA,"'Lower-grade managers and administrators'"
"257",256,"5222","Arbeiter*innen & Angestellte",0,0,NA,35390,4,1,"1314","1314","Skilled workers","42.78",NA,"'Skilled service'"
"258",257,"5223","Arbeiter*innen & Angestellte",0,0,NA,1957260,4,1,"5220","5220","Low skilled workers","42.78",NA,"'Skilled service'"
"259",258,"5230","Arbeiter*innen & Angestellte",0,0,NA,163940,4,1,"4211","4211","Low skilled workers","32.16",NA,"'Unskilled clerks'"
"260",259,"5241","Arbeiter*innen & Angestellte",0,0,NA,0,4,1,"5210","5210","Skilled workers","24.09",NA,"'Skilled service'"
"261",260,"5242","Arbeiter*innen & Angestellte",0,0,NA,3610,4,1,"5220","5220","Low skilled workers","24.09",NA,"'Skilled service'"
"262",261,"5243","Arbeiter*innen & Angestellte",0,0,NA,0,4,1,"9113","9113","Low skilled workers","24.00",NA,"'Low-skilled service'"
"263",262,"5244","Arbeiter*innen & Angestellte",0,0,NA,10160,4,1,"9113","9113","Low skilled workers","26.00",NA,"'Low-skilled service'"
"264",263,"5245","Arbeiter*innen & Angestellte",0,0,NA,25550,4,1,"5220","5220","Low skilled workers","25.00",NA,"'Low-skilled service'"
"265",264,"5246","Arbeiter*innen & Angestellte",0,0,NA,69400,4,1,"5123","5123","Low skilled workers","16.00",NA,"'Low-skilled service'"
"266",265,"5249","Arbeiter*innen & Angestellte",0,0,NA,7540,4,1,"5220","5220","Low skilled workers","24.09",NA,"'Low-skilled service'"
"267",266,"5311","Arbeiter*innen & Angestellte",0,0,NA,190770,4,1,"5131","5131","Low skilled workers","23.00",NA,"'Skilled service'"
"268",267,"5312","Arbeiter*innen & Angestellte",0,0,NA,68070,4,1,"5131","5131","Low skilled workers","50.00",NA,"'Skilled service'"
"269",268,"5321","Arbeiter*innen & Angestellte",0,0,NA,288450,4,1,"5132","5132","Low skilled workers","29.00",NA,"'Skilled service'"
"270",269,"5322","Arbeiter*innen & Angestellte",0,0,NA,287550,4,1,"5133","5133","Low skilled workers","29.00",NA,"'Low-skilled service'"
"271",270,"5329","Arbeiter*innen & Angestellte",0,0,NA,13160,4,1,"5139","5139","Low skilled workers","29.00",NA,"'Low-skilled service'"
"272",271,"5411","Arbeiter*innen & Angestellte",0,0,NA,56550,4,1,"5161","5161","Skilled workers","35.00",NA,"'Skilled service'"
"273",272,"5412","Arbeiter*innen & Angestellte",0,0,NA,189650,4,1,"5162","5162","Skilled workers","40.89",NA,"'Skilled service'"
"274",273,"5413","Arbeiter*innen & Angestellte",0,0,NA,27300,4,1,"5163","5163","Skilled workers","39.00",NA,"'Skilled service'"
"275",274,"5414","Arbeiter*innen & Angestellte",0,0,NA,158100,4,1,"5169","5169","Skilled workers","27.89",NA,"'Low-skilled service'"
"276",275,"5419","Arbeiter*innen & Angestellte",0,0,NA,32260,4,1,"5169","5169","Skilled workers","33.71",NA,"'Skilled service'"
"277",276,"6111","Arbeiter*innen & Angestellte",0,0,NA,10390,4,1,"6111","6111","Skilled workers","43.53",NA,"'Skilled manual'"
"278",277,"6112","Arbeiter*innen & Angestellte",0,0,NA,8730,4,1,"6112","6111","Skilled workers","43.53",NA,"'Skilled manual'"
"279",278,"6113","Arbeiter*innen & Angestellte",0,0,NA,213620,4,1,"6113","6112","Skilled workers","43.53",NA,"'Skilled manual'"
"280",279,"6114","Arbeiter*innen & Angestellte",0,0,NA,0,4,1,"6114","6111","Skilled workers","43.53",NA,"'Skilled manual'"
"281",280,"6121","Arbeiter*innen & Angestellte",0,0,NA,22150,4,1,"6124","6129","Low skilled workers","43.53",NA,"'Skilled manual'"
"282",281,"6122","Arbeiter*innen & Angestellte",0,0,NA,2440,4,1,"6122","6122","Low skilled workers","43.53",NA,"'Skilled manual'"
"283",282,"6123","Arbeiter*innen & Angestellte",0,0,NA,690,4,1,"6123","6129","Low skilled workers","43.53",NA,"'Skilled manual'"
"284",283,"6129","Arbeiter*innen & Angestellte",0,0,NA,350,4,1,"6129","6129","Low skilled workers","43.53",NA,"'Skilled manual'"
"285",284,"6130","Arbeiter*innen & Angestellte",0,0,NA,109920,4,1,"6130","6130","Skilled workers","43.53",NA,"'Skilled manual'"
"286",285,"6210","Arbeiter*innen & Angestellte",0,0,NA,16410,4,1,"6141","6141","Low skilled workers","22.69",NA,"'Skilled manual'"
"287",286,"6221","Arbeiter*innen & Angestellte",0,0,NA,860,4,1,"6151","6151","Low skilled workers","27.24",NA,"'Skilled manual'"
"288",287,"6222","Arbeiter*innen & Angestellte",0,0,NA,1390,4,1,"6152","6152","Low skilled workers","27.24",NA,"'Skilled manual'"
"289",288,"6223","Arbeiter*innen & Angestellte",0,0,NA,0,4,1,"6153","6153","Low skilled workers","27.24",NA,"'Skilled manual'"
"290",289,"6224","Arbeiter*innen & Angestellte",0,0,NA,0,4,1,"6154","6154","Low skilled workers","27.24",NA,"'Skilled manual'"
"291",290,"6310","Arbeiter*innen & Angestellte",0,0,NA,0,4,1,"6210","6100","Skilled workers","05.00",NA,"'Skilled manual'"
"292",291,"6320","Arbeiter*innen & Angestellte",0,0,NA,0,4,1,"6210","6100","Skilled workers","05.00",NA,"'Skilled manual'"
"293",292,"6330","Arbeiter*innen & Angestellte",0,0,NA,0,4,1,"6210","6100","Skilled workers","05.00",NA,"'Skilled manual'"
"294",293,"6340","Arbeiter*innen & Angestellte",0,0,NA,0,4,1,"6210","6100","Skilled workers","05.00",NA,"'Skilled manual'"
"295",294,"7111","Arbeiter*innen & Angestellte",0,0,NA,18130,4,1,"7129","7129","Skilled workers","34.10",NA,"'Skilled manual'"
"296",295,"7112","Arbeiter*innen & Angestellte",0,0,NA,128640,4,1,"7122","7122","Skilled workers","34.00",NA,"'Skilled manual'"
"297",296,"7113","Arbeiter*innen & Angestellte",0,0,NA,12460,4,1,"7113","7113","Skilled workers","38.00",NA,"'Skilled manual'"
"298",297,"7114","Arbeiter*innen & Angestellte",0,0,NA,82590,4,1,"7123","7123","Skilled workers","34.00",NA,"'Skilled manual'"
"299",298,"7115","Arbeiter*innen & Angestellte",0,0,NA,98790,4,1,"7124","7124","Skilled workers","36.76",NA,"'Skilled manual'"
"300",299,"7119","Arbeiter*innen & Angestellte",0,0,NA,23820,4,1,"7129","7129","Skilled workers","29.83",NA,"'Skilled manual'"
"301",300,"7121","Arbeiter*innen & Angestellte",0,0,NA,59600,4,1,"7131","7131","Skilled workers","31.00",NA,"'Skilled manual'"
"302",301,"7122","Arbeiter*innen & Angestellte",0,0,NA,56860,4,1,"7132","7132","Skilled workers","32.27",NA,"'Skilled manual'"
"303",302,"7123","Arbeiter*innen & Angestellte",0,0,NA,63050,4,1,"7133","7133","Skilled workers","31.00",NA,"'Skilled manual'"
"304",303,"7124","Arbeiter*innen & Angestellte",0,0,NA,9950,4,1,"7134","7134","Skilled workers","28.00",NA,"'Skilled manual'"
"305",304,"7125","Arbeiter*innen & Angestellte",0,0,NA,11360,4,1,"7135","7135","Skilled workers","26.00",NA,"'Skilled manual'"
"306",305,"7126","Arbeiter*innen & Angestellte",0,0,NA,203820,4,1,"7136","7136","Skilled workers","34.01",NA,"'Skilled manual'"
"307",306,"7127","Arbeiter*innen & Angestellte",0,0,NA,21410,4,1,"7240","7240","Skilled workers","32.27",NA,"'Skilled manual'"
"308",307,"7131","Arbeiter*innen & Angestellte",0,0,NA,114050,4,1,"7141","7141","Skilled workers","30.92",NA,"'Skilled manual'"
"309",308,"7132","Arbeiter*innen & Angestellte",0,0,NA,60000,4,1,"7142","7141","Skilled workers","29.00",NA,"'Skilled manual'"
"310",309,"7133","Arbeiter*innen & Angestellte",0,0,NA,11280,4,1,"7143","7143","Skilled workers","25.00",NA,"'Skilled manual'"
"311",310,"7211","Arbeiter*innen & Angestellte",0,0,NA,6160,4,1,"7211","7211","Skilled workers","37.45",NA,"'Skilled manual'"
"312",311,"7212","Arbeiter*innen & Angestellte",0,0,NA,107290,4,1,"7212","7212","Skilled workers","39.00",NA,"'Skilled manual'"
"313",312,"7213","Arbeiter*innen & Angestellte",0,0,NA,45710,4,1,"7213","7213","Skilled workers","33.02",NA,"'Skilled manual'"
"314",313,"7214","Arbeiter*innen & Angestellte",0,0,NA,112820,4,1,"7214","7214","Skilled workers","44.00",NA,"'Skilled manual'"
"315",314,"7215","Arbeiter*innen & Angestellte",0,0,NA,0,4,1,"7215","7215","Skilled workers","32.00",NA,"'Skilled manual'"
"316",315,"7221","Arbeiter*innen & Angestellte",0,0,NA,10700,4,1,"7221","7221","Skilled workers","35.42",NA,"'Skilled manual'"
"317",316,"7222","Arbeiter*innen & Angestellte",0,0,NA,152960,4,1,"7222","7222","Skilled workers","39.96",NA,"'Skilled manual'"
"318",317,"7223","Arbeiter*innen & Angestellte",0,0,NA,408450,4,1,"7223","7223","Skilled workers","37.87",NA,"'Skilled manual'"
"319",318,"7224","Arbeiter*innen & Angestellte",0,0,NA,28280,4,1,"7224","7224","Skilled workers","27.62",NA,"'Skilled manual'"
"320",319,"7231","Arbeiter*innen & Angestellte",0,0,NA,333830,4,1,"7231","7231","Skilled workers","44.00",NA,"'Skilled manual'"
"321",320,"7232","Arbeiter*innen & Angestellte",0,0,NA,19390,4,1,"7232","7232","Skilled workers","49.89",NA,"'Skilled manual'"
"322",321,"7233","Arbeiter*innen & Angestellte",0,0,NA,602370,4,1,"7233","7233","Skilled workers","42.17",NA,"'Skilled manual'"
"323",322,"7234","Arbeiter*innen & Angestellte",0,0,NA,19220,4,1,"7231","7231","Skilled workers","28.00",NA,"'Skilled manual'"
"324",323,"7311","Arbeiter*innen & Angestellte",0,0,NA,49470,4,1,"7311","7311","Skilled workers","43.52",NA,"'Skilled manual'"
"325",324,"7312","Arbeiter*innen & Angestellte",0,0,NA,3410,4,1,"7312","7312","Skilled workers","33.00",NA,"'Skilled manual'"
"326",325,"7313","Arbeiter*innen & Angestellte",0,0,NA,5810,4,1,"7313","7313","Skilled workers","43.00",NA,"'Skilled manual'"
"327",326,"7314","Arbeiter*innen & Angestellte",0,0,NA,3850,4,1,"7321","7321","Skilled workers","25.00",NA,"'Skilled manual'"
"328",327,"7315","Arbeiter*innen & Angestellte",0,0,NA,3360,4,1,"7322","7322","Skilled workers","32.48",NA,"'Skilled manual'"
"329",328,"7316","Arbeiter*innen & Angestellte",0,0,NA,11010,4,1,"3471","3471","Skilled workers","31.00",NA,"'Skilled manual'"
"330",329,"7317","Arbeiter*innen & Angestellte",0,0,NA,3040,4,1,"7331","7331","Skilled workers","21.00",NA,"'Skilled manual'"
"331",330,"7318","Arbeiter*innen & Angestellte",0,0,NA,1700,4,1,"7332","7332","Skilled workers","35.06",NA,"'Skilled manual'"
"332",331,"7319","Arbeiter*innen & Angestellte",0,0,NA,1780,4,1,"7330","7330","Skilled workers","35.06",NA,"'Skilled manual'"
"333",332,"7321","Arbeiter*innen & Angestellte",0,0,NA,63430,4,1,"7340","7340","Skilled workers","42.31",NA,"'Skilled manual'"
"334",333,"7322","Arbeiter*innen & Angestellte",0,0,NA,47990,4,1,"7340","7340","Skilled workers","41.08",NA,"'Skilled manual'"
"335",334,"7323","Arbeiter*innen & Angestellte",0,0,NA,8800,4,1,"7345","7345","Skilled workers","32.00",NA,"'Skilled manual'"
"336",335,"7411","Arbeiter*innen & Angestellte",0,0,NA,229780,4,1,"7137","7137","Skilled workers","44.01",NA,"'Skilled manual'"
"337",336,"7412","Arbeiter*innen & Angestellte",0,0,NA,178040,4,1,"7241","7241","Skilled workers","38.00",NA,"'Skilled manual'"
"338",337,"7413","Arbeiter*innen & Angestellte",0,0,NA,9840,4,1,"7245","7245","Skilled workers","36.00",NA,"'Skilled manual'"
"339",338,"7421","Arbeiter*innen & Angestellte",0,0,NA,117730,4,1,"7242","7242","Skilled workers","44.15",NA,"'Skilled manual'"
"340",339,"7422","Arbeiter*innen & Angestellte",0,0,NA,144740,4,1,"7243","7242","Skilled workers","35.00",NA,"'Skilled manual'"
"341",340,"7511","Arbeiter*innen & Angestellte",0,0,NA,68370,4,1,"7411","7411","Skilled workers","23.79",NA,"'Skilled manual'"
"342",341,"7512","Arbeiter*innen & Angestellte",0,0,NA,67030,4,1,"7412","7412","Skilled workers","33.00",NA,"'Skilled manual'"
"343",342,"7513","Arbeiter*innen & Angestellte",0,0,NA,1880,4,1,"7413","7413","Skilled workers","34.00",NA,"'Skilled manual'"
"344",343,"7514","Arbeiter*innen & Angestellte",0,0,NA,0,4,1,"7414","7414","Low skilled workers","30.11",NA,"'Skilled manual'"
"345",344,"7515","Arbeiter*innen & Angestellte",0,0,NA,800,4,1,"7415","7415","Skilled workers","34.00",NA,"'Skilled manual'"
"346",345,"7516","Arbeiter*innen & Angestellte",0,0,NA,0,4,1,"7416","7416","Low skilled workers","34.18",NA,"'Skilled manual'"
"347",346,"7521","Arbeiter*innen & Angestellte",0,0,NA,0,4,1,"7421","7421","Skilled workers","39.41",NA,"'Skilled manual'"
"348",347,"7522","Arbeiter*innen & Angestellte",0,0,NA,170830,4,1,"7422","7422","Skilled workers","39.99",NA,"'Skilled manual'"
"349",348,"7523","Arbeiter*innen & Angestellte",0,0,NA,32920,4,1,"7423","7423","Low skilled workers","36.00",NA,"'Skilled manual'"
"350",349,"7531","Arbeiter*innen & Angestellte",0,0,NA,18020,4,1,"7434","7434","Skilled workers","38.57",NA,"'Skilled manual'"
"351",350,"7532","Arbeiter*innen & Angestellte",0,0,NA,1150,4,1,"7435","7435","Skilled workers","41.00",NA,"'Skilled manual'"
"352",351,"7533","Arbeiter*innen & Angestellte",0,0,NA,18840,4,1,"7436","7436","Skilled workers","26.00",NA,"'Skilled manual'"
"353",352,"7534","Arbeiter*innen & Angestellte",0,0,NA,12590,4,1,"7437","7437","Skilled workers","31.00",NA,"'Skilled manual'"
"354",353,"7535","Arbeiter*innen & Angestellte",0,0,NA,920,4,1,"7441","7441","Skilled workers","22.00",NA,"'Skilled manual'"
"355",354,"7536","Arbeiter*innen & Angestellte",0,0,NA,8650,4,1,"7442","7442","Skilled workers","27.37",NA,"'Skilled manual'"
"356",355,"7541","Arbeiter*innen & Angestellte",0,0,NA,510,4,1,"7216","7216","Skilled workers","39.22",NA,"'Skilled manual'"
"357",356,"7542","Arbeiter*innen & Angestellte",0,0,NA,2570,4,1,"7112","7112","Skilled workers","39.22",NA,"'Skilled manual'"
"358",357,"7543","Arbeiter*innen & Angestellte",0,0,NA,154240,4,1,"3152","3152","Expert workers","38.81",NA,"'Skilled manual'"
"359",358,"7544","Arbeiter*innen & Angestellte",0,0,NA,2940,4,1,"7143","7143","Skilled workers","39.22",NA,"'Skilled manual'"
"360",359,"7549","Arbeiter*innen & Angestellte",0,0,NA,55010,4,1,"7000","7000","Skilled workers","41.00",NA,"'Skilled manual'"
"361",360,"8111","Arbeiter*innen & Angestellte",0,0,NA,12060,4,1,"7111","7111","Skilled workers","32.25",NA,"'Low-skilled manual'"
"362",361,"8112","Arbeiter*innen & Angestellte",0,0,NA,51960,4,1,"8112","8112","Low skilled workers","32.00",NA,"'Low-skilled manual'"
"363",362,"8113","Arbeiter*innen & Angestellte",0,0,NA,4390,4,1,"8113","8113","Low skilled workers","31.00",NA,"'Low-skilled manual'"
"364",363,"8114","Arbeiter*innen & Angestellte",0,0,NA,19790,4,1,"8212","8212","Low skilled workers","30.00",NA,"'Low-skilled manual'"
"365",364,"8121","Arbeiter*innen & Angestellte",0,0,NA,55290,4,1,"8120","8120","Low skilled workers","41.13",NA,"'Low-skilled manual'"
"366",365,"8122","Arbeiter*innen & Angestellte",0,0,NA,34310,4,1,"8223","8223","Low skilled workers","28.00",NA,"'Low-skilled manual'"
"367",366,"8131","Arbeiter*innen & Angestellte",0,0,NA,111320,4,1,"8220","8220","Low skilled workers","31.55",NA,"'Low-skilled manual'"
"368",367,"8132","Arbeiter*innen & Angestellte",0,0,NA,4820,4,1,"8224","8224","Low skilled workers","36.00",NA,"'Low-skilled manual'"
"369",368,"8141","Arbeiter*innen & Angestellte",0,0,NA,7620,4,1,"8231","8231","Low skilled workers","30.00",NA,"'Low-skilled manual'"
"370",369,"8142","Arbeiter*innen & Angestellte",0,0,NA,58290,4,1,"8232","8232","Low skilled workers","29.30",NA,"'Low-skilled manual'"
"371",370,"8143","Arbeiter*innen & Angestellte",0,0,NA,45650,4,1,"8253","8253","Low skilled workers","28.00",NA,"'Low-skilled manual'"
"372",371,"8151","Arbeiter*innen & Angestellte",0,0,NA,2220,4,1,"8261","8261","Low skilled workers","32.64",NA,"'Low-skilled manual'"
"373",372,"8152","Arbeiter*innen & Angestellte",0,0,NA,13370,4,1,"8262","8262","Low skilled workers","30.20",NA,"'Low-skilled manual'"
"374",373,"8153","Arbeiter*innen & Angestellte",0,0,NA,9300,4,1,"8263","8263","Low skilled workers","27.86",NA,"'Low-skilled manual'"
"375",374,"8154","Arbeiter*innen & Angestellte",0,0,NA,6210,4,1,"8264","8264","Low skilled workers","23.32",NA,"'Low-skilled manual'"
"376",375,"8155","Arbeiter*innen & Angestellte",0,0,NA,580,4,1,"8265","8265","Low skilled workers","27.86",NA,"'Low-skilled manual'"
"377",376,"8156","Arbeiter*innen & Angestellte",0,0,NA,3720,4,1,"8266","8266","Low skilled workers","27.86",NA,"'Low-skilled manual'"
"378",377,"8157","Arbeiter*innen & Angestellte",0,0,NA,38430,4,1,"8264","8264","Low skilled workers","27.86",NA,"'Low-skilled manual'"
"379",378,"8159","Arbeiter*innen & Angestellte",0,0,NA,4360,4,1,"8269","8269","Low skilled workers","27.86",NA,"'Low-skilled manual'"
"380",379,"8160","Arbeiter*innen & Angestellte",0,0,NA,67190,4,1,"8270","8270","Low skilled workers","36.28",NA,"'Low-skilled manual'"
"381",380,"8171","Arbeiter*innen & Angestellte",0,0,NA,19100,4,1,"8140","8140","Low skilled workers","28.00",NA,"'Low-skilled manual'"
"382",381,"8172","Arbeiter*innen & Angestellte",0,0,NA,10580,4,1,"8141","8141","Low skilled workers","29.95",NA,"'Low-skilled manual'"
"383",382,"8181","Arbeiter*innen & Angestellte",0,0,NA,26400,4,1,"8131","8131","Low skilled workers","25.00",NA,"'Low-skilled manual'"
"384",383,"8182","Arbeiter*innen & Angestellte",0,0,NA,7810,4,1,"8162","8162","Low skilled workers","25.00",NA,"'Low-skilled manual'"
"385",384,"8183","Arbeiter*innen & Angestellte",0,0,NA,74360,4,1,"8290","8290","Low skilled workers","25.00",NA,"'Low-skilled manual'"
"386",385,"8189","Arbeiter*innen & Angestellte",0,0,NA,156360,4,1,"8290","8290","Low skilled workers","25.00",NA,"'Low-skilled manual'"
"387",386,"8211","Arbeiter*innen & Angestellte",0,0,NA,75890,4,1,"8281","8281","Low skilled workers","39.34",NA,"'Low-skilled manual'"
"388",387,"8212","Arbeiter*innen & Angestellte",0,0,NA,47900,4,1,"8283","8283","Low skilled workers","48.00",NA,"'Low-skilled manual'"
"389",388,"8219","Arbeiter*innen & Angestellte",0,0,NA,1050,4,1,"8290","8290","Low skilled workers","39.34",NA,"'Low-skilled manual'"
"390",389,"8311","Arbeiter*innen & Angestellte",0,0,NA,48240,4,1,"8311","8311","Low skilled workers","39.41",NA,"'Skilled manual'"
"391",390,"8312","Arbeiter*innen & Angestellte",0,0,NA,15580,4,1,"8312","8312","Low skilled workers","29.09",NA,"'Skilled manual'"
"392",391,"8321","Arbeiter*innen & Angestellte",0,0,NA,0,4,1,"8321","8321","Low skilled workers","30.76",NA,"'Low-skilled manual'"
"393",392,"8322","Arbeiter*innen & Angestellte",0,0,NA,334960,4,1,"8322","8322","Low skilled workers","30.76",NA,"'Low-skilled service'"
"394",393,"8331","Arbeiter*innen & Angestellte",0,0,NA,149540,4,1,"8323","8323","Low skilled workers","32.00",NA,"'Skilled service'"
"395",394,"8332","Arbeiter*innen & Angestellte",0,0,NA,448700,4,1,"8324","8324","Low skilled workers","33.00",NA,"'Skilled manual'"
"396",395,"8341","Arbeiter*innen & Angestellte",0,0,NA,12010,4,1,"8331","8331","Low skilled workers","31.00",NA,"'Low-skilled manual'"
"397",396,"8342","Arbeiter*innen & Angestellte",0,0,NA,111340,4,1,"8332","8332","Low skilled workers","32.00",NA,"'Skilled manual'"
"398",397,"8343","Arbeiter*innen & Angestellte",0,0,NA,33830,4,1,"8333","8333","Low skilled workers","32.39",NA,"'Skilled manual'"
"399",398,"8344","Arbeiter*innen & Angestellte",0,0,NA,110440,4,1,"8334","8334","Low skilled workers","28.00",NA,"'Skilled manual'"
"400",399,"8350","Arbeiter*innen & Angestellte",0,0,NA,1910,4,1,"8340","8340","Low skilled workers","28.69",NA,"'Low-skilled manual'"
"401",400,"9111","Arbeiter*innen & Angestellte",0,0,NA,176220,4,1,"9131","9131","Low skilled workers","20.00",NA,"'Low-skilled service'"
"402",401,"9112","Arbeiter*innen & Angestellte",0,0,NA,875250,4,1,"9132","9132","Low skilled workers","20.00",NA,"'Low-skilled service'"
"403",402,"9121","Arbeiter*innen & Angestellte",0,0,NA,1860,4,1,"9133","9133","Low skilled workers","20.03",NA,"'Low-skilled service'"
"404",403,"9122","Arbeiter*innen & Angestellte",0,0,NA,11860,4,1,"9142","9142","Low skilled workers","20.03",NA,"'Low-skilled service'"
"405",404,"9123","Arbeiter*innen & Angestellte",0,0,NA,5400,4,1,"9142","9142","Low skilled workers","20.03",NA,"'Low-skilled service'"
"406",405,"9129","Arbeiter*innen & Angestellte",0,0,NA,27760,4,1,"9140","9140","Low skilled workers","20.03",NA,"'Low-skilled service'"
"407",406,"9211","Arbeiter*innen & Angestellte",0,0,NA,14540,4,1,"9211","9211","Low skilled workers","21.00",NA,"'Low-skilled manual'"
"408",407,"9212","Arbeiter*innen & Angestellte",0,0,NA,9610,4,1,"9211","9211","Low skilled workers","26.00",NA,"'Low-skilled manual'"
"409",408,"9213","Arbeiter*innen & Angestellte",0,0,NA,70540,4,1,"9211","9211","Low skilled workers","22.28",NA,"'Low-skilled manual'"
"410",409,"9214","Arbeiter*innen & Angestellte",0,0,NA,74000,4,1,"9211","9211","Low skilled workers","21.00",NA,"'Low-skilled manual'"
"411",410,"9215","Arbeiter*innen & Angestellte",0,0,NA,6070,4,1,"9212","9212","Low skilled workers","42.00",NA,"'Low-skilled manual'"
"412",411,"9216","Arbeiter*innen & Angestellte",0,0,NA,850,4,1,"9213","9213","Low skilled workers","22.28",NA,"'Low-skilled manual'"
"413",412,"9311","Arbeiter*innen & Angestellte",0,0,NA,2210,4,1,"9311","9311","Low skilled workers","18.02",NA,"'Low-skilled manual'"
"414",413,"9312","Arbeiter*innen & Angestellte",0,0,NA,93980,4,1,"9312","9312","Low skilled workers","27.60",NA,"'Low-skilled manual'"
"415",414,"9313","Arbeiter*innen & Angestellte",0,0,NA,105880,4,1,"9313","9313","Low skilled workers","15.00",NA,"'Low-skilled manual'"
"416",415,"9321","Arbeiter*innen & Angestellte",0,0,NA,107760,4,1,"9322","9320","Low skilled workers","22.00",NA,"'Low-skilled manual'"
"417",416,"9329","Arbeiter*innen & Angestellte",0,0,NA,309720,4,1,"9320","9320","Low skilled workers","21.08",NA,"'Low-skilled manual'"
"418",417,"9331","Arbeiter*innen & Angestellte",0,0,NA,5030,4,1,"9331","9330","Low skilled workers","17.00",NA,"'Low-skilled manual'"
"419",418,"9332","Arbeiter*innen & Angestellte",0,0,NA,950,4,1,"9332","9330","Low skilled workers","23.97",NA,"'Low-skilled manual'"
"420",419,"9333","Arbeiter*innen & Angestellte",0,0,NA,355380,4,1,"9333","9330","Low skilled workers","20.30",NA,"'Low-skilled manual'"
"421",420,"9334","Arbeiter*innen & Angestellte",0,0,NA,108000,4,1,"9333","9330","Low skilled workers","20.39",NA,"'Low-skilled manual'"
"422",421,"9411","Arbeiter*innen & Angestellte",0,0,NA,13790,4,1,"5122","5122","Skilled workers","22.00",NA,"'Low-skilled service'"
"423",422,"9412","Arbeiter*innen & Angestellte",0,0,NA,248930,4,1,"9132","9132","Low skilled workers","22.00",NA,"'Low-skilled service'"
"424",423,"9510","Arbeiter*innen & Angestellte",0,0,NA,660,4,1,"9120","9120","Low skilled workers","12.00",NA,"'Low-skilled service'"
"425",424,"9520","Arbeiter*innen & Angestellte",0,0,NA,0,4,1,"9112","9111","Low skilled workers","21.80",NA,"'Low-skilled service'"
"426",425,"9611","Arbeiter*innen & Angestellte",0,0,NA,20730,4,1,"9161","9161","Low skilled workers","13.00",NA,"'Low-skilled manual'"
"427",426,"9612","Arbeiter*innen & Angestellte",0,0,NA,30340,4,1,"9161","9161","Low skilled workers","13.00",NA,"'Low-skilled manual'"
"428",427,"9613","Arbeiter*innen & Angestellte",0,0,NA,6610,4,1,"9162","9162","Low skilled workers","13.00",NA,"'Low-skilled manual'"
"429",428,"9621","Arbeiter*innen & Angestellte",0,0,NA,156050,4,1,"9151","9151","Low skilled workers","23.13",NA,"'Unskilled clerks'"
"430",429,"9622","Arbeiter*innen & Angestellte",0,0,NA,450,4,1,"9160","9160","Low skilled workers","22.88",NA,"'Low-skilled manual'"
"431",430,"9623","Arbeiter*innen & Angestellte",0,0,NA,6980,4,1,"9153","9153","Low skilled workers","21.00",NA,"'Low-skilled manual'"
"432",431,"9624","Arbeiter*innen & Angestellte",0,0,NA,0,4,1,"9160","9160","Low skilled workers","22.88",NA,"'Low-skilled manual'"
"433",432,"9629","Arbeiter*innen & Angestellte",0,0,NA,72550,4,1,"9100","9100","Low skilled workers","24.00",NA,"'Low-skilled manual'"
"434",433,"0110","Arbeiter*innen & Angestellte",0,0,NA,21970,4,1,"0110","0100",NA,"48.68",NA,"'Higher-grade managers and administrators'"
"435",434,"0210","Arbeiter*innen & Angestellte",0,0,NA,22020,4,1,"0110","0100",NA,"39.00",NA,"'Lower-grade managers and administrators'"
"436",435,"0310","Arbeiter*innen & Angestellte",0,0,NA,107060,4,1,"0110","0100",NA,"43.23",NA,NA
"437",10,"0110","Selbstständige mit Beschäftigten",0,1,5,0,4,1,"0110","0100","Self empl w/1-9 employees","48.68",NA,NA
"438",11,"0110","Selbstständige ohne Beschäftigte",0,1,0,0,4,1,"0110","0100","Self empl w/no empoyees","48.68",NA,NA
"439",16,"0210","Selbstständige mit Beschäftigten",0,1,5,0,4,1,"0110","0100","Self empl w/1-9 employees","39.00",NA,NA
"440",17,"0210","Selbstständige ohne Beschäftigte",0,1,0,0,4,1,"0110","0100","Self empl w/no empoyees","39.00",NA,NA
"441",22,"0310","Selbstständige mit Beschäftigten",0,1,5,0,4,1,"0110","0100","Self empl w/1-9 employees","43.23",NA,NA
"442",23,"0310","Selbstständige ohne Beschäftigte",0,1,0,0,4,1,"0110","0100","Self empl w/no empoyees","43.23",NA,NA
"443",28,"1111","Selbstständige mit Beschäftigten",1,1,5,610,4,1,"1110","1110","Self empl w/1-9 employees","64.00","'I: Higher Controllers'","'Small business owners with employees'"
"444",29,"1111","Selbstständige ohne Beschäftigte",1,1,0,310,4,1,"1110","1110","Self empl w/no empoyees","64.00","'I: Higher Controllers'","'Small business owners without employees'"
"445",34,"1112","Selbstständige mit Beschäftigten",1,1,5,0,4,1,"1120","1110","Self empl w/1-9 employees","66.84","'I: Higher Controllers'","'Small business owners with employees'"
"446",35,"1112","Selbstständige ohne Beschäftigte",1,1,0,0,4,1,"1120","1110","Self empl w/no empoyees","66.84","'I: Higher Controllers'","'Small business owners without employees'"
"447",40,"1113","Selbstständige mit Beschäftigten",1,1,5,0,4,1,"1130","1110","Self empl w/1-9 employees","42.00","'II: Lower Controllers'","'Small business owners with employees'"
"448",41,"1113","Selbstständige ohne Beschäftigte",1,1,0,0,4,1,"1130","1110","Self empl w/no empoyees","42.00","'I: Higher Controllers'","'Small business owners without employees'"
"449",46,"1114","Selbstständige mit Beschäftigten",1,1,5,0,4,1,"1140","1140","Self empl w/1-9 employees","54.88","'II: Lower Controllers'","'Small business owners with employees'"
"450",47,"1114","Selbstständige ohne Beschäftigte",1,1,0,0,4,1,"1140","1140","Self empl w/no empoyees","54.88","'I: Higher Controllers'","'Small business owners without employees'"
"451",52,"1120","Selbstständige mit Beschäftigten",1,1,5,211570,4,1,"1210","1210","Self empl w/1-9 employees","64.51","'I: Higher Controllers'","'Small business owners with employees'"
"452",53,"1120","Selbstständige ohne Beschäftigte",1,1,0,31350,4,1,"1210","1210","Self empl w/no empoyees","64.51","'I: Higher Controllers'","'Small business owners without employees'"
"453",58,"1211","Selbstständige mit Beschäftigten",1,1,5,790,4,1,"1231","1231","Self empl w/1-9 employees","49.00","'I: Higher Controllers'","'Small business owners with employees'"
"454",59,"1211","Selbstständige ohne Beschäftigte",1,1,0,670,4,1,"1231","1231","Self empl w/no empoyees","49.00","'I: Higher Controllers'","'Small business owners without employees'"
"455",64,"1212","Selbstständige mit Beschäftigten",1,1,5,570,4,1,"1232","1232","Self empl w/1-9 employees","58.00","'I: Higher Controllers'","'Small business owners with employees'"
"456",65,"1212","Selbstständige ohne Beschäftigte",1,1,0,410,4,1,"1232","1232","Self empl w/no empoyees","58.00","'I: Higher Controllers'","'Small business owners without employees'"
"457",70,"1213","Selbstständige mit Beschäftigten",1,1,5,0,4,1,"1239","1239","Self empl w/1-9 employees","53.28","'I: Higher Controllers'","'Small business owners with employees'"
"458",71,"1213","Selbstständige ohne Beschäftigte",1,1,0,0,4,1,"1239","1239","Self empl w/no empoyees","53.28","'I: Higher Controllers'","'Small business owners without employees'"
"459",76,"1219","Selbstständige mit Beschäftigten",1,1,5,7670,4,1,"1229","1229","Self empl w/1-9 employees","53.28","'I: Higher Controllers'","'Small business owners with employees'"
"460",77,"1219","Selbstständige ohne Beschäftigte",1,1,0,2240,4,1,"1229","1229","Self empl w/no empoyees","53.28","'I: Higher Controllers'","'Small business owners without employees'"
"461",82,"1221","Selbstständige mit Beschäftigten",1,1,5,2960,4,1,"1233","1233","Self empl w/1-9 employees","52.00","'I: Higher Controllers'","'Small business owners with employees'"
"462",83,"1221","Selbstständige ohne Beschäftigte",1,1,0,2180,4,1,"1233","1233","Self empl w/no empoyees","52.00","'I: Higher Controllers'","'Small business owners without employees'"
"463",88,"1222","Selbstständige mit Beschäftigten",1,1,5,990,4,1,"1234","1234","Self empl w/1-9 employees","52.36","'I: Higher Controllers'","'Small business owners with employees'"
"464",89,"1222","Selbstständige ohne Beschäftigte",1,1,0,2340,4,1,"1234","1234","Self empl w/no empoyees","52.36","'I: Higher Controllers'","'Small business owners without employees'"
"465",94,"1223","Selbstständige mit Beschäftigten",1,1,5,0,4,1,"1237","1237","Self empl w/1-9 employees","52.36","'I: Higher Controllers'","'Small business owners with employees'"
"466",95,"1223","Selbstständige ohne Beschäftigte",1,1,0,0,4,1,"1237","1237","Self empl w/no empoyees","52.36","'I: Higher Controllers'","'Small business owners without employees'"
"467",100,"1311","Selbstständige mit Beschäftigten",1,1,5,0,4,1,"1221","1221","Self empl w/1-9 employees","61.15","'IVc: Self-employed Farmer'","'Small business owners with employees'"
"468",101,"1311","Selbstständige ohne Beschäftigte",1,1,0,0,4,1,"1221","1221","Self empl w/no empoyees","61.15","'IVc: Self-employed Farmer'","'Small business owners without employees'"
"469",106,"1312","Selbstständige mit Beschäftigten",1,1,5,0,4,1,"1221","1221","Self empl w/1-9 employees","61.15","'IVc: Self-employed Farmer'","'Small business owners with employees'"
"470",107,"1312","Selbstständige ohne Beschäftigte",1,1,0,0,4,1,"1221","1221","Self empl w/no empoyees","61.15","'IVc: Self-employed Farmer'","'Small business owners without employees'"
"471",112,"1321","Selbstständige mit Beschäftigten",1,1,5,1820,4,1,"1222","1222","Self empl w/1-9 employees","64.00","'I: Higher Controllers'","'Small business owners with employees'"
"472",113,"1321","Selbstständige ohne Beschäftigte",1,1,0,780,4,1,"1222","1222","Self empl w/no empoyees","64.00","'I: Higher Controllers'","'Small business owners without employees'"
"473",118,"1322","Selbstständige mit Beschäftigten",1,1,5,0,4,1,"1222","1222","Self empl w/1-9 employees","60.67","'I: Higher Controllers'","'Small business owners with employees'"
"474",119,"1322","Selbstständige ohne Beschäftigte",1,1,0,0,4,1,"1222","1222","Self empl w/no empoyees","60.67","'I: Higher Controllers'","'Small business owners without employees'"
"475",124,"1323","Selbstständige mit Beschäftigten",1,1,5,7640,4,1,"1223","1223","Self empl w/1-9 employees","53.00","'I: Higher Controllers'","'Small business owners with employees'"
"476",125,"1323","Selbstständige ohne Beschäftigte",1,1,0,4490,4,1,"1223","1223","Self empl w/no empoyees","53.00","'I: Higher Controllers'","'Small business owners without employees'"
"477",130,"1324","Selbstständige mit Beschäftigten",1,1,5,10750,4,1,"1235","1235","Self empl w/1-9 employees","57.21","'I: Higher Controllers'","'Small business owners with employees'"
"478",131,"1324","Selbstständige ohne Beschäftigte",1,1,0,3920,4,1,"1235","1235","Self empl w/no empoyees","57.21","'I: Higher Controllers'","'Small business owners without employees'"
"479",136,"1330","Selbstständige mit Beschäftigten",1,1,5,1560,4,1,"1236","1236","Self empl w/1-9 employees","61.15","'I: Higher Controllers'","'Small business owners with employees'"
"480",137,"1330","Selbstständige ohne Beschäftigte",1,1,0,1270,4,1,"1236","1236","Self empl w/no empoyees","61.15","'I: Higher Controllers'","'Small business owners without employees'"
"481",142,"1341","Selbstständige mit Beschäftigten",1,1,5,470,4,1,"1229","1229","Self empl w/1-9 employees","73.51","'I: Higher Controllers'","'Small business owners with employees'"
"482",143,"1341","Selbstständige ohne Beschäftigte",1,1,0,0,4,1,"1229","1229","Self empl w/no empoyees","73.51","'I: Higher Controllers'","'Small business owners without employees'"
"483",148,"1342","Selbstständige mit Beschäftigten",1,1,5,3380,4,1,"1229","1229","Self empl w/1-9 employees","73.51","'I: Higher Controllers'","'Small business owners with employees'"
"484",149,"1342","Selbstständige ohne Beschäftigte",1,1,0,620,4,1,"1229","1229","Self empl w/no empoyees","73.51","'I: Higher Controllers'","'Small business owners without employees'"
"485",154,"1343","Selbstständige mit Beschäftigten",1,1,5,820,4,1,"1229","1229","Self empl w/1-9 employees","73.51","'I: Higher Controllers'","'Small business owners with employees'"
"486",155,"1343","Selbstständige ohne Beschäftigte",1,1,0,0,4,1,"1229","1229","Self empl w/no empoyees","73.51","'I: Higher Controllers'","'Small business owners without employees'"
"487",160,"1344","Selbstständige mit Beschäftigten",1,1,5,510,4,1,"1229","1229","Self empl w/1-9 employees","73.51","'I: Higher Controllers'","'Small business owners with employees'"
"488",161,"1344","Selbstständige ohne Beschäftigte",1,1,0,0,4,1,"1229","1229","Self empl w/no empoyees","73.51","'I: Higher Controllers'","'Small business owners without employees'"
"489",166,"1345","Selbstständige mit Beschäftigten",1,1,5,910,4,1,"1229","1229","Self empl w/1-9 employees","72.00","'I: Higher Controllers'","'Small business owners with employees'"
"490",167,"1345","Selbstständige ohne Beschäftigte",1,1,0,780,4,1,"1229","1229","Self empl w/no empoyees","72.00","'I: Higher Controllers'","'Small business owners without employees'"
"491",172,"1346","Selbstständige mit Beschäftigten",1,1,5,3460,4,1,"1227","1227","Self empl w/1-9 employees","73.51","'I: Higher Controllers'","'Small business owners with employees'"
"492",173,"1346","Selbstständige ohne Beschäftigte",1,1,0,1120,4,1,"1227","1227","Self empl w/no empoyees","73.51","'I: Higher Controllers'","'Small business owners without employees'"
"493",178,"1349","Selbstständige mit Beschäftigten",1,1,5,1870,4,1,"1229","1229","Self empl w/1-9 employees","75.00","'I: Higher Controllers'","'Small business owners with employees'"
"494",179,"1349","Selbstständige ohne Beschäftigte",1,1,0,2000,4,1,"1229","1229","Self empl w/no empoyees","75.00","'I: Higher Controllers'","'Small business owners without employees'"
"495",184,"1411","Selbstständige mit Beschäftigten",1,1,5,6580,4,1,"1315","1315","Self empl w/1-9 employees","37.52","'IVb: Self-employed with no employees'","'Small business owners with employees'"
"496",185,"1411","Selbstständige ohne Beschäftigte",1,1,0,1560,4,1,"1315","1315","Self empl w/no empoyees","37.52","'I: Higher Controllers'","'Small business owners without employees'"
"497",190,"1412","Selbstständige mit Beschäftigten",1,1,5,62120,4,1,"1315","1315","Self empl w/1-9 employees","39.91","'IVb: Self-employed with no employees'","'Small business owners with employees'"
"498",191,"1412","Selbstständige ohne Beschäftigte",1,1,0,12220,4,1,"1315","1315","Self empl w/no empoyees","39.91","'I: Higher Controllers'","'Small business owners without employees'"
"499",196,"1420","Selbstständige mit Beschäftigten",1,1,5,3510,4,1,"1314","1314","Self empl w/1-9 employees","45.13","'IVb: Self-employed with no employees'","'Small business owners with employees'"
"500",197,"1420","Selbstständige ohne Beschäftigte",1,1,0,810,4,1,"1314","1314","Self empl w/no empoyees","45.13","'I: Higher Controllers'","'Small business owners without employees'"
"501",202,"1431","Selbstständige mit Beschäftigten",1,1,5,1860,4,1,"1319","1319","Self empl w/1-9 employees","47.00","'IVb: Self-employed with no employees'","'Small business owners with employees'"
"502",203,"1431","Selbstständige ohne Beschäftigte",1,1,0,1740,4,1,"1319","1319","Self empl w/no empoyees","47.00","'I: Higher Controllers'","'Small business owners without employees'"
"503",208,"1439","Selbstständige mit Beschäftigten",1,1,5,2020,4,1,"1319","1319","Self empl w/1-9 employees","47.00","'IVb: Self-employed with no employees'","'Small business owners with employees'"
"504",209,"1439","Selbstständige ohne Beschäftigte",1,1,0,730,4,1,"1319","1319","Self empl w/no empoyees","47.00","'I: Higher Controllers'","'Small business owners without employees'"
"505",214,"2111","Selbstständige mit Beschäftigten",0,1,5,400,4,1,"2111","2111","Self empl w/1-9 employees","75.68","'I: Higher Controllers'","'Self-employed professionals'"
"506",215,"2111","Selbstständige ohne Beschäftigte",0,1,0,620,4,1,"2111","2111","Self empl w/no empoyees","75.68","'I: Higher Controllers'","'Self-employed professionals'"
"507",220,"2112","Selbstständige mit Beschäftigten",0,1,5,0,4,1,"2112","2112","Self empl w/1-9 employees","69.51","'I: Higher Controllers'","'Self-employed professionals'"
"508",221,"2112","Selbstständige ohne Beschäftigte",0,1,0,0,4,1,"2112","2112","Self empl w/no empoyees","69.51","'I: Higher Controllers'","'Self-employed professionals'"
"509",226,"2113","Selbstständige mit Beschäftigten",0,1,5,620,4,1,"2113","2113","Self empl w/1-9 employees","69.00","'I: Higher Controllers'","'Self-employed professionals'"
"510",227,"2113","Selbstständige ohne Beschäftigte",0,1,0,440,4,1,"2113","2113","Self empl w/no empoyees","69.00","'I: Higher Controllers'","'Self-employed professionals'"
"511",232,"2114","Selbstständige mit Beschäftigten",0,1,5,500,4,1,"2114","2114","Self empl w/1-9 employees","67.00","'I: Higher Controllers'","'Self-employed professionals'"
"512",233,"2114","Selbstständige ohne Beschäftigte",0,1,0,650,4,1,"2114","2114","Self empl w/no empoyees","67.00","'I: Higher Controllers'","'Self-employed professionals'"
"513",238,"2120","Selbstständige mit Beschäftigten",0,1,5,260,4,1,"2120","2120","Self empl w/1-9 employees","58.16","'I: Higher Controllers'","'Self-employed professionals'"
"514",239,"2120","Selbstständige ohne Beschäftigte",0,1,0,690,4,1,"2120","2120","Self empl w/no empoyees","58.16","'I: Higher Controllers'","'Self-employed professionals'"
"515",244,"2131","Selbstständige mit Beschäftigten",0,1,5,790,4,1,"2211","2211","Self empl w/1-9 employees","62.66","'I: Higher Controllers'","'Self-employed professionals'"
"516",245,"2131","Selbstständige ohne Beschäftigte",0,1,0,1700,4,1,"2211","2211","Self empl w/no empoyees","62.66","'I: Higher Controllers'","'Self-employed professionals'"
"517",250,"2132","Selbstständige mit Beschäftigten",0,1,5,11650,4,1,"2213","2213","Self empl w/1-9 employees","62.66","'I: Higher Controllers'","'Self-employed professionals'"
"518",251,"2132","Selbstständige ohne Beschäftigte",0,1,0,4860,4,1,"2213","2213","Self empl w/no empoyees","62.66","'I: Higher Controllers'","'Self-employed professionals'"
"519",256,"2133","Selbstständige mit Beschäftigten",0,1,5,620,4,1,"2200","2200","Self empl w/1-9 employees","62.66","'I: Higher Controllers'","'Self-employed professionals'"
"520",257,"2133","Selbstständige ohne Beschäftigte",0,1,0,940,4,1,"2200","2200","Self empl w/no empoyees","62.66","'I: Higher Controllers'","'Self-employed professionals'"
"521",262,"2141","Selbstständige mit Beschäftigten",0,1,5,1730,4,1,"2149","2149","Self empl w/1-9 employees","54.00","'I: Higher Controllers'","'Self-employed professionals'"
"522",263,"2141","Selbstständige ohne Beschäftigte",0,1,0,1800,4,1,"2149","2149","Self empl w/no empoyees","54.00","'I: Higher Controllers'","'Self-employed professionals'"
"523",268,"2142","Selbstständige mit Beschäftigten",0,1,5,11040,4,1,"2142","2142","Self empl w/1-9 employees","70.00","'I: Higher Controllers'","'Self-employed professionals'"
"524",269,"2142","Selbstständige ohne Beschäftigte",0,1,0,9060,4,1,"2142","2142","Self empl w/no empoyees","70.00","'I: Higher Controllers'","'Self-employed professionals'"
"525",274,"2143","Selbstständige mit Beschäftigten",0,1,5,740,4,1,"2149","2149","Self empl w/1-9 employees","61.69","'I: Higher Controllers'","'Self-employed professionals'"
"526",275,"2143","Selbstständige ohne Beschäftigte",0,1,0,890,4,1,"2149","2149","Self empl w/no empoyees","61.69","'I: Higher Controllers'","'Self-employed professionals'"
"527",280,"2144","Selbstständige mit Beschäftigten",0,1,5,9460,4,1,"2145","2145","Self empl w/1-9 employees","66.00","'I: Higher Controllers'","'Self-employed professionals'"
"528",281,"2144","Selbstständige ohne Beschäftigte",0,1,0,8030,4,1,"2145","2145","Self empl w/no empoyees","66.00","'I: Higher Controllers'","'Self-employed professionals'"
"529",286,"2145","Selbstständige mit Beschäftigten",0,1,5,890,4,1,"2146","2146","Self empl w/1-9 employees","66.00","'I: Higher Controllers'","'Self-employed professionals'"
"530",287,"2145","Selbstständige ohne Beschäftigte",0,1,0,850,4,1,"2146","2146","Self empl w/no empoyees","66.00","'I: Higher Controllers'","'Self-employed professionals'"
"531",292,"2146","Selbstständige mit Beschäftigten",0,1,5,930,4,1,"2147","2147","Self empl w/1-9 employees","61.16","'I: Higher Controllers'","'Self-employed professionals'"
"532",293,"2146","Selbstständige ohne Beschäftigte",0,1,0,670,4,1,"2147","2147","Self empl w/no empoyees","61.16","'I: Higher Controllers'","'Self-employed professionals'"
"533",298,"2149","Selbstständige mit Beschäftigten",0,1,5,3020,4,1,"2149","2149","Self empl w/1-9 employees","55.00","'I: Higher Controllers'","'Self-employed professionals'"
"534",299,"2149","Selbstständige ohne Beschäftigte",0,1,0,2870,4,1,"2149","2149","Self empl w/no empoyees","55.00","'I: Higher Controllers'","'Self-employed professionals'"
"535",304,"2151","Selbstständige mit Beschäftigten",0,1,5,1290,4,1,"2143","2143","Self empl w/1-9 employees","65.00","'I: Higher Controllers'","'Self-employed professionals'"
"536",305,"2151","Selbstständige ohne Beschäftigte",0,1,0,1880,4,1,"2143","2143","Self empl w/no empoyees","65.00","'I: Higher Controllers'","'Self-employed professionals'"
"537",310,"2152","Selbstständige mit Beschäftigten",0,1,5,1650,4,1,"2144","2144","Self empl w/1-9 employees","65.00","'I: Higher Controllers'","'Self-employed professionals'"
"538",311,"2152","Selbstständige ohne Beschäftigte",0,1,0,1670,4,1,"2144","2144","Self empl w/no empoyees","65.00","'I: Higher Controllers'","'Self-employed professionals'"
"539",316,"2153","Selbstständige mit Beschäftigten",0,1,5,230,4,1,"2144","2144","Self empl w/1-9 employees","65.00","'I: Higher Controllers'","'Self-employed professionals'"
"540",317,"2153","Selbstständige ohne Beschäftigte",0,1,0,430,4,1,"2144","2144","Self empl w/no empoyees","65.00","'I: Higher Controllers'","'Self-employed professionals'"
"541",322,"2161","Selbstständige mit Beschäftigten",0,1,5,22010,4,1,"2141","2141","Self empl w/1-9 employees","63.19","'I: Higher Controllers'","'Self-employed professionals'"
"542",323,"2161","Selbstständige ohne Beschäftigte",0,1,0,17910,4,1,"2141","2141","Self empl w/no empoyees","63.19","'I: Higher Controllers'","'Self-employed professionals'"
"543",328,"2162","Selbstständige mit Beschäftigten",0,1,5,2490,4,1,"2141","2141","Self empl w/1-9 employees","63.19","'I: Higher Controllers'","'Self-employed professionals'"
"544",329,"2162","Selbstständige ohne Beschäftigte",0,1,0,1790,4,1,"2141","2141","Self empl w/no empoyees","63.19","'I: Higher Controllers'","'Self-employed professionals'"
"545",334,"2163","Selbstständige mit Beschäftigten",0,1,5,3820,4,1,"3471","3471","Self empl w/1-9 employees","63.19","'II: Lower Controllers'","'Small business owners with employees'"
"546",335,"2163","Selbstständige ohne Beschäftigte",0,1,0,9180,4,1,"3471","3471","Self empl w/no empoyees","63.19","'I: Higher Controllers'","'Small business owners without employees'"
"547",340,"2164","Selbstständige mit Beschäftigten",0,1,5,1390,4,1,"2141","2141","Self empl w/1-9 employees","63.19","'I: Higher Controllers'","'Self-employed professionals'"
"548",341,"2164","Selbstständige ohne Beschäftigte",0,1,0,1030,4,1,"2141","2141","Self empl w/no empoyees","63.19","'I: Higher Controllers'","'Self-employed professionals'"
"549",346,"2165","Selbstständige mit Beschäftigten",0,1,5,2050,4,1,"2148","2148","Self empl w/1-9 employees","58.00","'II: Lower Controllers'","'Self-employed professionals'"
"550",347,"2165","Selbstständige ohne Beschäftigte",0,1,0,420,4,1,"2148","2148","Self empl w/no empoyees","58.00","'I: Higher Controllers'","'Self-employed professionals'"
"551",352,"2166","Selbstständige mit Beschäftigten",0,1,5,14270,4,1,"3471","3471","Self empl w/1-9 employees","63.19","'II: Lower Controllers'","'Small business owners with employees'"
"552",353,"2166","Selbstständige ohne Beschäftigte",0,1,0,38960,4,1,"3471","3471","Self empl w/no empoyees","63.19","'I: Higher Controllers'","'Small business owners without employees'"
"553",358,"2211","Selbstständige mit Beschäftigten",0,1,5,41730,4,1,"2221","2221","Self empl w/1-9 employees","78.01","'I: Higher Controllers'","'Self-employed professionals'"
"554",359,"2211","Selbstständige ohne Beschäftigte",0,1,0,9880,4,1,"2221","2221","Self empl w/no empoyees","78.01","'I: Higher Controllers'","'Self-employed professionals'"
"555",364,"2212","Selbstständige mit Beschäftigten",0,1,5,51030,4,1,"2221","2221","Self empl w/1-9 employees","78.01","'I: Higher Controllers'","'Self-employed professionals'"
"556",365,"2212","Selbstständige ohne Beschäftigte",0,1,0,13080,4,1,"2221","2221","Self empl w/no empoyees","78.01","'I: Higher Controllers'","'Self-employed professionals'"
"557",370,"2221","Selbstständige mit Beschäftigten",0,1,5,780,4,1,"2230","2230","Self empl w/1-9 employees","54.05","'II: Lower Controllers'","'Small business owners with employees'"
"558",371,"2221","Selbstständige ohne Beschäftigte",0,1,0,550,4,1,"2230","2230","Self empl w/no empoyees","54.05","'I: Higher Controllers'","'Small business owners without employees'"
"559",376,"2222","Selbstständige mit Beschäftigten",0,1,5,3140,4,1,"2230","2230","Self empl w/1-9 employees","46.00","'II: Lower Controllers'","'Small business owners with employees'"
"560",377,"2222","Selbstständige ohne Beschäftigte",0,1,0,8420,4,1,"2230","2230","Self empl w/no empoyees","46.00","'I: Higher Controllers'","'Small business owners without employees'"
"561",382,"2230","Selbstständige mit Beschäftigten",0,1,5,9720,4,1,"3229","3229","Self empl w/1-9 employees","69.03","'II: Lower Controllers'","'Small business owners with employees'"
"562",383,"2230","Selbstständige ohne Beschäftigte",0,1,0,21060,4,1,"3229","3229","Self empl w/no empoyees","69.03","'I: Higher Controllers'","'Small business owners without employees'"
"563",388,"2240","Selbstständige mit Beschäftigten",0,1,5,0,4,1,"3221","3221","Self empl w/1-9 employees","69.03","'II: Lower Controllers'","'Small business owners with employees'"
"564",389,"2240","Selbstständige ohne Beschäftigte",0,1,0,0,4,1,"3221","3221","Self empl w/no empoyees","69.03","'I: Higher Controllers'","'Small business owners without employees'"
"565",394,"2250","Selbstständige mit Beschäftigten",0,1,5,9510,4,1,"2223","2223","Self empl w/1-9 employees","61.00","'I: Higher Controllers'","'Self-employed professionals'"
"566",395,"2250","Selbstständige ohne Beschäftigte",0,1,0,4360,4,1,"2223","2223","Self empl w/no empoyees","61.00","'I: Higher Controllers'","'Self-employed professionals'"
"567",400,"2261","Selbstständige mit Beschäftigten",0,1,5,40420,4,1,"2222","2222","Self empl w/1-9 employees","70.00","'I: Higher Controllers'","'Self-employed professionals'"
"568",401,"2261","Selbstständige ohne Beschäftigte",0,1,0,2810,4,1,"2222","2222","Self empl w/no empoyees","70.00","'I: Higher Controllers'","'Self-employed professionals'"
"569",406,"2262","Selbstständige mit Beschäftigten",0,1,5,12650,4,1,"2224","2224","Self empl w/1-9 employees","64.00","'I: Higher Controllers'","'Self-employed professionals'"
"570",407,"2262","Selbstständige ohne Beschäftigte",0,1,0,1590,4,1,"2224","2224","Self empl w/no empoyees","64.00","'I: Higher Controllers'","'Self-employed professionals'"
"571",412,"2263","Selbstständige mit Beschäftigten",0,1,5,0,4,1,"2229","2229","Self empl w/1-9 employees","65.80","'I: Higher Controllers'","'Small business owners with employees'"
"572",413,"2263","Selbstständige ohne Beschäftigte",0,1,0,400,4,1,"2229","2229","Self empl w/no empoyees","65.80","'I: Higher Controllers'","'Small business owners without employees'"
"573",418,"2264","Selbstständige mit Beschäftigten",0,1,5,31960,4,1,"3226","3226","Self empl w/1-9 employees","56.21","'II: Lower Controllers'","'Small business owners with employees'"
"574",419,"2264","Selbstständige ohne Beschäftigte",0,1,0,13770,4,1,"3226","3226","Self empl w/no empoyees","56.21","'I: Higher Controllers'","'Small business owners without employees'"
"575",424,"2265","Selbstständige mit Beschäftigten",0,1,5,1060,4,1,"3223","3223","Self empl w/1-9 employees","52.00","'II: Lower Controllers'","'Small business owners with employees'"
"576",425,"2265","Selbstständige ohne Beschäftigte",0,1,0,3060,4,1,"3223","3223","Self empl w/no empoyees","52.00","'I: Higher Controllers'","'Small business owners without employees'"
"577",430,"2266","Selbstständige mit Beschäftigten",0,1,5,4800,4,1,"3229","3229","Self empl w/1-9 employees","65.80","'II: Lower Controllers'","'Small business owners with employees'"
"578",431,"2266","Selbstständige ohne Beschäftigte",0,1,0,7050,4,1,"3229","3229","Self empl w/no empoyees","65.80","'I: Higher Controllers'","'Small business owners without employees'"
"579",436,"2267","Selbstständige mit Beschäftigten",0,1,5,310,4,1,"3224","3224","Self empl w/1-9 employees","60.15","'II: Lower Controllers'","'Small business owners with employees'"
"580",437,"2267","Selbstständige ohne Beschäftigte",0,1,0,0,4,1,"3224","3224","Self empl w/no empoyees","60.15","'I: Higher Controllers'","'Small business owners without employees'"
"581",442,"2269","Selbstständige mit Beschäftigten",0,1,5,7110,4,1,"2229","2229","Self empl w/1-9 employees","65.80","'I: Higher Controllers'","'Small business owners with employees'"
"582",443,"2269","Selbstständige ohne Beschäftigte",0,1,0,6580,4,1,"2229","2229","Self empl w/no empoyees","65.80","'I: Higher Controllers'","'Small business owners without employees'"
"583",448,"2310","Selbstständige mit Beschäftigten",0,1,5,2080,4,1,"2310","2310","Self empl w/1-9 employees","78.16","'I: Higher Controllers'","'Self-employed professionals'"
"584",449,"2310","Selbstständige ohne Beschäftigte",0,1,0,13240,4,1,"2310","2310","Self empl w/no empoyees","78.16","'I: Higher Controllers'","'Self-employed professionals'"
"585",454,"2320","Selbstständige mit Beschäftigten",0,1,5,5460,4,1,"2320","2320","Self empl w/1-9 employees","57.00","'II: Lower Controllers'","'Self-employed professionals'"
"586",455,"2320","Selbstständige ohne Beschäftigte",0,1,0,26900,4,1,"2320","2320","Self empl w/no empoyees","57.00","'I: Higher Controllers'","'Self-employed professionals'"
"587",460,"2330","Selbstständige mit Beschäftigten",0,1,5,3960,4,1,"2320","2320","Self empl w/1-9 employees","62.63","'II: Lower Controllers'","'Self-employed professionals'"
"588",461,"2330","Selbstständige ohne Beschäftigte",0,1,0,13280,4,1,"2320","2320","Self empl w/no empoyees","62.63","'I: Higher Controllers'","'Self-employed professionals'"
"589",466,"2341","Selbstständige mit Beschäftigten",0,1,5,0,4,1,"2331","2331","Self empl w/1-9 employees","57.00","'II: Lower Controllers'","'Small business owners with employees'"
"590",467,"2341","Selbstständige ohne Beschäftigte",0,1,0,1600,4,1,"2331","2331","Self empl w/no empoyees","57.00","'I: Higher Controllers'","'Small business owners without employees'"
"591",472,"2342","Selbstständige mit Beschäftigten",0,1,5,2610,4,1,"2332","2332","Self empl w/1-9 employees","49.00","'II: Lower Controllers'","'Small business owners with employees'"
"592",473,"2342","Selbstständige ohne Beschäftigte",0,1,0,5280,4,1,"2332","2332","Self empl w/no empoyees","49.00","'I: Higher Controllers'","'Small business owners without employees'"
"593",478,"2351","Selbstständige mit Beschäftigten",0,1,5,580,4,1,"2351","2351","Self empl w/1-9 employees","62.28","'I: Higher Controllers'","'Self-employed professionals'"
"594",479,"2351","Selbstständige ohne Beschäftigte",0,1,0,4550,4,1,"2351","2351","Self empl w/no empoyees","62.28","'I: Higher Controllers'","'Self-employed professionals'"
"595",484,"2352","Selbstständige mit Beschäftigten",0,1,5,820,4,1,"2340","2340","Self empl w/1-9 employees","62.00","'II: Lower Controllers'","'Self-employed professionals'"
"596",485,"2352","Selbstständige ohne Beschäftigte",0,1,0,2570,4,1,"2340","2340","Self empl w/no empoyees","62.00","'I: Higher Controllers'","'Self-employed professionals'"
"597",490,"2353","Selbstständige mit Beschäftigten",0,1,5,1260,4,1,"2359","2359","Self empl w/1-9 employees","62.28","'II: Lower Controllers'","'Small business owners with employees'"
"598",491,"2353","Selbstständige ohne Beschäftigte",0,1,0,9140,4,1,"2359","2359","Self empl w/no empoyees","62.28","'I: Higher Controllers'","'Small business owners without employees'"
"599",496,"2354","Selbstständige mit Beschäftigten",0,1,5,3080,4,1,"2359","2359","Self empl w/1-9 employees","62.28","'II: Lower Controllers'","'Small business owners with employees'"
"600",497,"2354","Selbstständige ohne Beschäftigte",0,1,0,20690,4,1,"2359","2359","Self empl w/no empoyees","62.28","'I: Higher Controllers'","'Small business owners without employees'"
"601",502,"2355","Selbstständige mit Beschäftigten",0,1,5,3160,4,1,"2359","2359","Self empl w/1-9 employees","62.28","'II: Lower Controllers'","'Small business owners with employees'"
"602",503,"2355","Selbstständige ohne Beschäftigte",0,1,0,6270,4,1,"2359","2359","Self empl w/no empoyees","62.28","'I: Higher Controllers'","'Small business owners without employees'"
"603",508,"2356","Selbstständige mit Beschäftigten",0,1,5,270,4,1,"2359","2359","Self empl w/1-9 employees","62.28","'II: Lower Controllers'","'Small business owners with employees'"
"604",509,"2356","Selbstständige ohne Beschäftigte",0,1,0,1180,4,1,"2359","2359","Self empl w/no empoyees","62.28","'I: Higher Controllers'","'Small business owners without employees'"
"605",514,"2359","Selbstständige mit Beschäftigten",0,1,5,2170,4,1,"2359","2359","Self empl w/1-9 employees","68.00","'II: Lower Controllers'","'Self-employed professionals'"
"606",515,"2359","Selbstständige ohne Beschäftigte",0,1,0,16190,4,1,"2359","2359","Self empl w/no empoyees","68.00","'I: Higher Controllers'","'Self-employed professionals'"
"607",520,"2411","Selbstständige mit Beschäftigten",0,1,5,35340,4,1,"2411","2411","Self empl w/1-9 employees","58.45","'I: Higher Controllers'","'Self-employed professionals'"
"608",521,"2411","Selbstständige ohne Beschäftigte",0,1,0,11860,4,1,"2411","2411","Self empl w/no empoyees","58.45","'I: Higher Controllers'","'Self-employed professionals'"
"609",526,"2412","Selbstständige mit Beschäftigten",0,1,5,15170,4,1,"2419","2419","Self empl w/1-9 employees","58.45","'II: Lower Controllers'","'Self-employed professionals'"
"610",527,"2412","Selbstständige ohne Beschäftigte",0,1,0,17500,4,1,"2419","2419","Self empl w/no empoyees","58.45","'I: Higher Controllers'","'Self-employed professionals'"
"611",532,"2413","Selbstständige mit Beschäftigten",0,1,5,0,4,1,"2419","2419","Self empl w/1-9 employees","58.45","'II: Lower Controllers'","'Self-employed professionals'"
"612",533,"2413","Selbstständige ohne Beschäftigte",0,1,0,390,4,1,"2419","2419","Self empl w/no empoyees","58.45","'I: Higher Controllers'","'Self-employed professionals'"
"613",538,"2421","Selbstständige mit Beschäftigten",0,1,5,25370,4,1,"2419","2419","Self empl w/1-9 employees","55.80","'II: Lower Controllers'","'Self-employed professionals'"
"614",539,"2421","Selbstständige ohne Beschäftigte",0,1,0,47170,4,1,"2419","2419","Self empl w/no empoyees","55.80","'I: Higher Controllers'","'Self-employed professionals'"
"615",544,"2422","Selbstständige mit Beschäftigten",0,1,5,320,4,1,"2419","2419","Self empl w/1-9 employees","55.80","'II: Lower Controllers'","'Self-employed professionals'"
"616",545,"2422","Selbstständige ohne Beschäftigte",0,1,0,830,4,1,"2419","2419","Self empl w/no empoyees","55.80","'I: Higher Controllers'","'Self-employed professionals'"
"617",550,"2423","Selbstständige mit Beschäftigten",0,1,5,2460,4,1,"2412","2412","Self empl w/1-9 employees","55.80","'II: Lower Controllers'","'Self-employed professionals'"
"618",551,"2423","Selbstständige ohne Beschäftigte",0,1,0,3220,4,1,"2412","2412","Self empl w/no empoyees","55.80","'I: Higher Controllers'","'Self-employed professionals'"
"619",556,"2424","Selbstständige mit Beschäftigten",0,1,5,1360,4,1,"2412","2412","Self empl w/1-9 employees","55.80","'II: Lower Controllers'","'Self-employed professionals'"
"620",557,"2424","Selbstständige ohne Beschäftigte",0,1,0,2400,4,1,"2412","2412","Self empl w/no empoyees","55.80","'I: Higher Controllers'","'Self-employed professionals'"
"621",562,"2431","Selbstständige mit Beschäftigten",0,1,5,6750,4,1,"2419","2419","Self empl w/1-9 employees","50.09","'II: Lower Controllers'","'Self-employed professionals'"
"622",563,"2431","Selbstständige ohne Beschäftigte",0,1,0,15580,4,1,"2419","2419","Self empl w/no empoyees","50.09","'I: Higher Controllers'","'Self-employed professionals'"
"623",568,"2432","Selbstständige mit Beschäftigten",0,1,5,560,4,1,"2419","2419","Self empl w/1-9 employees","57.00","'II: Lower Controllers'","'Self-employed professionals'"
"624",569,"2432","Selbstständige ohne Beschäftigte",0,1,0,1980,4,1,"2419","2419","Self empl w/no empoyees","57.00","'I: Higher Controllers'","'Self-employed professionals'"
"625",574,"2433","Selbstständige mit Beschäftigten",0,1,5,2000,4,1,"3415","3415","Self empl w/1-9 employees","48.37","'IVb: Self-employed with no employees'","'Small business owners with employees'"
"626",575,"2433","Selbstständige ohne Beschäftigte",0,1,0,2960,4,1,"3415","3415","Self empl w/no empoyees","48.37","'I: Higher Controllers'","'Small business owners without employees'"
"627",580,"2434","Selbstständige mit Beschäftigten",0,1,5,1270,4,1,"3415","3415","Self empl w/1-9 employees","50.09","'IVb: Self-employed with no employees'","'Small business owners with employees'"
"628",581,"2434","Selbstständige ohne Beschäftigte",0,1,0,1350,4,1,"3415","3415","Self empl w/no empoyees","50.09","'I: Higher Controllers'","'Small business owners without employees'"
"629",586,"2511","Selbstständige mit Beschäftigten",0,1,5,11030,4,1,"2131","2131","Self empl w/1-9 employees","51.00","'I: Higher Controllers'","'Self-employed professionals'"
"630",587,"2511","Selbstständige ohne Beschäftigte",0,1,0,18140,4,1,"2131","2131","Self empl w/no empoyees","51.00","'I: Higher Controllers'","'Self-employed professionals'"
"631",592,"2512","Selbstständige mit Beschäftigten",0,1,5,8290,4,1,"2131","2131","Self empl w/1-9 employees","51.00","'I: Higher Controllers'","'Self-employed professionals'"
"632",593,"2512","Selbstständige ohne Beschäftigte",0,1,0,12740,4,1,"2131","2131","Self empl w/no empoyees","51.00","'I: Higher Controllers'","'Self-employed professionals'"
"633",598,"2513","Selbstständige mit Beschäftigten",0,1,5,1600,4,1,"2131","2131","Self empl w/1-9 employees","51.00","'I: Higher Controllers'","'Self-employed professionals'"
"634",599,"2513","Selbstständige ohne Beschäftigte",0,1,0,2840,4,1,"2131","2131","Self empl w/no empoyees","51.00","'I: Higher Controllers'","'Self-employed professionals'"
"635",604,"2514","Selbstständige mit Beschäftigten",0,1,5,1950,4,1,"2132","2131","Self empl w/1-9 employees","51.00","'II: Lower Controllers'","'Self-employed professionals'"
"636",605,"2514","Selbstständige ohne Beschäftigte",0,1,0,3430,4,1,"2132","2131","Self empl w/no empoyees","51.00","'I: Higher Controllers'","'Self-employed professionals'"
"637",610,"2519","Selbstständige mit Beschäftigten",0,1,5,520,4,1,"2131","2131","Self empl w/1-9 employees","51.00","'I: Higher Controllers'","'Self-employed professionals'"
"638",611,"2519","Selbstständige ohne Beschäftigte",0,1,0,1050,4,1,"2131","2131","Self empl w/no empoyees","51.00","'I: Higher Controllers'","'Self-employed professionals'"
"639",616,"2521","Selbstständige mit Beschäftigten",0,1,5,0,4,1,"2131","2131","Self empl w/1-9 employees","51.00","'I: Higher Controllers'","'Self-employed professionals'"
"640",617,"2521","Selbstständige ohne Beschäftigte",0,1,0,300,4,1,"2131","2131","Self empl w/no empoyees","51.00","'I: Higher Controllers'","'Self-employed professionals'"
"641",622,"2522","Selbstständige mit Beschäftigten",0,1,5,960,4,1,"2131","2131","Self empl w/1-9 employees","51.00","'I: Higher Controllers'","'Self-employed professionals'"
"642",623,"2522","Selbstständige ohne Beschäftigte",0,1,0,1530,4,1,"2131","2131","Self empl w/no empoyees","51.00","'I: Higher Controllers'","'Self-employed professionals'"
"643",628,"2523","Selbstständige mit Beschäftigten",0,1,5,280,4,1,"2131","2131","Self empl w/1-9 employees","51.00","'I: Higher Controllers'","'Self-employed professionals'"
"644",629,"2523","Selbstständige ohne Beschäftigte",0,1,0,0,4,1,"2131","2131","Self empl w/no empoyees","51.00","'I: Higher Controllers'","'Self-employed professionals'"
"645",634,"2529","Selbstständige mit Beschäftigten",0,1,5,0,4,1,"2139","2139","Self empl w/1-9 employees","51.00","'II: Lower Controllers'","'Self-employed professionals'"
"646",635,"2529","Selbstständige ohne Beschäftigte",0,1,0,0,4,1,"2139","2139","Self empl w/no empoyees","51.00","'I: Higher Controllers'","'Self-employed professionals'"
"647",640,"2611","Selbstständige mit Beschäftigten",0,1,5,48950,4,1,"2421","2421","Self empl w/1-9 employees","73.10","'I: Higher Controllers'","'Self-employed professionals'"
"648",641,"2611","Selbstständige ohne Beschäftigte",0,1,0,24100,4,1,"2421","2421","Self empl w/no empoyees","73.10","'I: Higher Controllers'","'Self-employed professionals'"
"649",646,"2612","Selbstständige mit Beschäftigten",0,1,5,0,4,1,"2422","2422","Self empl w/1-9 employees","76.11","'I: Higher Controllers'","'Self-employed professionals'"
"650",647,"2612","Selbstständige ohne Beschäftigte",0,1,0,0,4,1,"2422","2422","Self empl w/no empoyees","76.11","'I: Higher Controllers'","'Self-employed professionals'"
"651",652,"2619","Selbstständige mit Beschäftigten",0,1,5,6330,4,1,"2429","2429","Self empl w/1-9 employees","69.40","'I: Higher Controllers'","'Self-employed professionals'"
"652",653,"2619","Selbstständige ohne Beschäftigte",0,1,0,3880,4,1,"2429","2429","Self empl w/no empoyees","69.40","'I: Higher Controllers'","'Self-employed professionals'"
"653",658,"2621","Selbstständige mit Beschäftigten",0,1,5,430,4,1,"2431","2431","Self empl w/1-9 employees","54.00","'II: Lower Controllers'","'Self-employed professionals'"
"654",659,"2621","Selbstständige ohne Beschäftigte",0,1,0,2140,4,1,"2431","2431","Self empl w/no empoyees","54.00","'I: Higher Controllers'","'Self-employed professionals'"
"655",664,"2622","Selbstständige mit Beschäftigten",0,1,5,0,4,1,"2432","2432","Self empl w/1-9 employees","54.00","'II: Lower Controllers'","'Small business owners with employees'"
"656",665,"2622","Selbstständige ohne Beschäftigte",0,1,0,330,4,1,"2432","2432","Self empl w/no empoyees","54.00","'I: Higher Controllers'","'Small business owners without employees'"
"657",670,"2631","Selbstständige mit Beschäftigten",0,1,5,610,4,1,"2441","2441","Self empl w/1-9 employees","60.00","'I: Higher Controllers'","'Self-employed professionals'"
"658",671,"2631","Selbstständige ohne Beschäftigte",0,1,0,900,4,1,"2441","2441","Self empl w/no empoyees","60.00","'I: Higher Controllers'","'Self-employed professionals'"
"659",676,"2632","Selbstständige mit Beschäftigten",0,1,5,790,4,1,"2442","2442","Self empl w/1-9 employees","68.51","'I: Higher Controllers'","'Self-employed professionals'"
"660",677,"2632","Selbstständige ohne Beschäftigte",0,1,0,2210,4,1,"2442","2442","Self empl w/no empoyees","68.51","'I: Higher Controllers'","'Self-employed professionals'"
"661",682,"2633","Selbstständige mit Beschäftigten",0,1,5,300,4,1,"2443","2443","Self empl w/1-9 employees","56.30","'I: Higher Controllers'","'Self-employed professionals'"
"662",683,"2633","Selbstständige ohne Beschäftigte",0,1,0,1190,4,1,"2443","2443","Self empl w/no empoyees","56.30","'I: Higher Controllers'","'Self-employed professionals'"
"663",688,"2634","Selbstständige mit Beschäftigten",0,1,5,12720,4,1,"2445","2445","Self empl w/1-9 employees","66.00","'I: Higher Controllers'","'Self-employed professionals'"
"664",689,"2634","Selbstständige ohne Beschäftigte",0,1,0,35840,4,1,"2445","2445","Self empl w/no empoyees","66.00","'I: Higher Controllers'","'Self-employed professionals'"
"665",694,"2635","Selbstständige mit Beschäftigten",0,1,5,7210,4,1,"2446","2446","Self empl w/1-9 employees","53.89","'II: Lower Controllers'","'Small business owners with employees'"
"666",695,"2635","Selbstständige ohne Beschäftigte",0,1,0,13790,4,1,"2446","2446","Self empl w/no empoyees","53.89","'I: Higher Controllers'","'Small business owners without employees'"
"667",700,"2636","Selbstständige mit Beschäftigten",0,1,5,0,4,1,"2460","2460","Self empl w/1-9 employees","54.00","'II: Lower Controllers'","'Self-employed professionals'"
"668",701,"2636","Selbstständige ohne Beschäftigte",0,1,0,580,4,1,"2460","2460","Self empl w/no empoyees","54.00","'I: Higher Controllers'","'Self-employed professionals'"
"669",706,"2641","Selbstständige mit Beschäftigten",0,1,5,2810,4,1,"2451","2451","Self empl w/1-9 employees","56.92","'II: Lower Controllers'","'Small business owners with employees'"
"670",707,"2641","Selbstständige ohne Beschäftigte",0,1,0,18190,4,1,"2451","2451","Self empl w/no empoyees","56.92","'I: Higher Controllers'","'Small business owners without employees'"
"671",712,"2642","Selbstständige mit Beschäftigten",0,1,5,4690,4,1,"2451","2451","Self empl w/1-9 employees","62.99","'II: Lower Controllers'","'Self-employed professionals'"
"672",713,"2642","Selbstständige ohne Beschäftigte",0,1,0,25360,4,1,"2451","2451","Self empl w/no empoyees","62.99","'I: Higher Controllers'","'Self-employed professionals'"
"673",718,"2643","Selbstständige mit Beschäftigten",0,1,5,3920,4,1,"2444","2444","Self empl w/1-9 employees","65.66","'II: Lower Controllers'","'Self-employed professionals'"
"674",719,"2643","Selbstständige ohne Beschäftigte",0,1,0,17750,4,1,"2444","2444","Self empl w/no empoyees","65.66","'I: Higher Controllers'","'Self-employed professionals'"
"675",724,"2651","Selbstständige mit Beschäftigten",0,1,5,4680,4,1,"2452","2452","Self empl w/1-9 employees","57.00","'II: Lower Controllers'","'Small business owners with employees'"
"676",725,"2651","Selbstständige ohne Beschäftigte",0,1,0,20130,4,1,"2452","2452","Self empl w/no empoyees","57.00","'I: Higher Controllers'","'Small business owners without employees'"
"677",730,"2652","Selbstständige mit Beschäftigten",0,1,5,6380,4,1,"2453","2453","Self empl w/1-9 employees","46.09","'II: Lower Controllers'","'Small business owners with employees'"
"678",731,"2652","Selbstständige ohne Beschäftigte",0,1,0,27340,4,1,"2453","2453","Self empl w/no empoyees","46.09","'I: Higher Controllers'","'Small business owners without employees'"
"679",736,"2653","Selbstständige mit Beschäftigten",0,1,5,300,4,1,"2454","2454","Self empl w/1-9 employees","40.00","'II: Lower Controllers'","'Small business owners with employees'"
"680",737,"2653","Selbstständige ohne Beschäftigte",0,1,0,1500,4,1,"2454","2454","Self empl w/no empoyees","40.00","'I: Higher Controllers'","'Small business owners without employees'"
"681",742,"2654","Selbstständige mit Beschäftigten",0,1,5,3970,4,1,"2455","2455","Self empl w/1-9 employees","66.78","'II: Lower Controllers'","'Small business owners with employees'"
"682",743,"2654","Selbstständige ohne Beschäftigte",0,1,0,10580,4,1,"2455","2455","Self empl w/no empoyees","66.78","'I: Higher Controllers'","'Small business owners without employees'"
"683",748,"2655","Selbstständige mit Beschäftigten",0,1,5,1290,4,1,"2455","2455","Self empl w/1-9 employees","56.79","'II: Lower Controllers'","'Small business owners with employees'"
"684",749,"2655","Selbstständige ohne Beschäftigte",0,1,0,5420,4,1,"2455","2455","Self empl w/no empoyees","56.79","'I: Higher Controllers'","'Small business owners without employees'"
"685",754,"2656","Selbstständige mit Beschäftigten",0,1,5,370,4,1,"3472","3472","Self empl w/1-9 employees","50.00","'II: Lower Controllers'","'Small business owners with employees'"
"686",755,"2656","Selbstständige ohne Beschäftigte",0,1,0,1670,4,1,"3472","3472","Self empl w/no empoyees","50.00","'I: Higher Controllers'","'Small business owners without employees'"
"687",760,"2659","Selbstständige mit Beschäftigten",0,1,5,1190,4,1,"3474","3474","Self empl w/1-9 employees","33.00","'II: Lower Controllers'","'Small business owners with employees'"
"688",761,"2659","Selbstständige ohne Beschäftigte",0,1,0,4430,4,1,"3474","3474","Self empl w/no empoyees","33.00","'I: Higher Controllers'","'Small business owners without employees'"
"689",766,"3111","Selbstständige mit Beschäftigten",0,1,5,0,4,1,"3111","3111","Self empl w/1-9 employees","46.00","'II: Lower Controllers'","'Small business owners with employees'"
"690",767,"3111","Selbstständige ohne Beschäftigte",0,1,0,230,4,1,"3111","3111","Self empl w/no empoyees","46.00","'I: Higher Controllers'","'Small business owners without employees'"
"691",772,"3112","Selbstständige mit Beschäftigten",0,1,5,11390,4,1,"3112","3112","Self empl w/1-9 employees","52.72","'II: Lower Controllers'","'Small business owners with employees'"
"692",773,"3112","Selbstständige ohne Beschäftigte",0,1,0,8320,4,1,"3112","3112","Self empl w/no empoyees","52.72","'I: Higher Controllers'","'Small business owners without employees'"
"693",778,"3113","Selbstständige mit Beschäftigten",0,1,5,2470,4,1,"3113","3113","Self empl w/1-9 employees","46.00","'II: Lower Controllers'","'Small business owners with employees'"
"694",779,"3113","Selbstständige ohne Beschäftigte",0,1,0,2190,4,1,"3113","3113","Self empl w/no empoyees","46.00","'I: Higher Controllers'","'Small business owners without employees'"
"695",784,"3114","Selbstständige mit Beschäftigten",0,1,5,1800,4,1,"3114","3114","Self empl w/1-9 employees","49.65","'II: Lower Controllers'","'Small business owners with employees'"
"696",785,"3114","Selbstständige ohne Beschäftigte",0,1,0,2250,4,1,"3114","3114","Self empl w/no empoyees","49.65","'I: Higher Controllers'","'Small business owners without employees'"
"697",790,"3115","Selbstständige mit Beschäftigten",0,1,5,6400,4,1,"3115","3115","Self empl w/1-9 employees","46.00","'II: Lower Controllers'","'Small business owners with employees'"
"698",791,"3115","Selbstständige ohne Beschäftigte",0,1,0,5110,4,1,"3115","3115","Self empl w/no empoyees","46.00","'I: Higher Controllers'","'Small business owners without employees'"
"699",796,"3116","Selbstständige mit Beschäftigten",0,1,5,1130,4,1,"3116","3116","Self empl w/1-9 employees","46.00","'II: Lower Controllers'","'Small business owners with employees'"
"700",797,"3116","Selbstständige ohne Beschäftigte",0,1,0,440,4,1,"3116","3116","Self empl w/no empoyees","46.00","'I: Higher Controllers'","'Small business owners without employees'"
"701",802,"3117","Selbstständige mit Beschäftigten",0,1,5,0,4,1,"3117","3117","Self empl w/1-9 employees","54.00","'II: Lower Controllers'","'Small business owners with employees'"
"702",803,"3117","Selbstständige ohne Beschäftigte",0,1,0,210,4,1,"3117","3117","Self empl w/no empoyees","54.00","'I: Higher Controllers'","'Small business owners without employees'"
"703",808,"3118","Selbstständige mit Beschäftigten",0,1,5,1550,4,1,"3118","3118","Self empl w/1-9 employees","55.00","'II: Lower Controllers'","'Small business owners with employees'"
"704",809,"3118","Selbstständige ohne Beschäftigte",0,1,0,2140,4,1,"3118","3118","Self empl w/no empoyees","55.00","'I: Higher Controllers'","'Small business owners without employees'"
"705",814,"3119","Selbstständige mit Beschäftigten",0,1,5,7030,4,1,"3119","3119","Self empl w/1-9 employees","46.00","'II: Lower Controllers'","'Small business owners with employees'"
"706",815,"3119","Selbstständige ohne Beschäftigte",0,1,0,5040,4,1,"3119","3119","Self empl w/no empoyees","46.00","'I: Higher Controllers'","'Small business owners without employees'"
"707",820,"3121","Selbstständige mit Beschäftigten",0,1,5,0,4,1,"1229","1229","Self empl w/1-9 employees","45.94","'I: Higher Controllers'","'Small business owners with employees'"
"708",821,"3121","Selbstständige ohne Beschäftigte",0,1,0,0,4,1,"1229","1229","Self empl w/no empoyees","45.94","'I: Higher Controllers'","'Small business owners without employees'"
"709",826,"3122","Selbstständige mit Beschäftigten",0,1,5,57490,4,1,"1222","1222","Self empl w/1-9 employees","45.94","'I: Higher Controllers'","'Small business owners with employees'"
"710",827,"3122","Selbstständige ohne Beschäftigte",0,1,0,19860,4,1,"1222","1222","Self empl w/no empoyees","45.94","'I: Higher Controllers'","'Small business owners without employees'"
"711",832,"3123","Selbstständige mit Beschäftigten",0,1,5,50960,4,1,"1223","1223","Self empl w/1-9 employees","45.94","'I: Higher Controllers'","'Small business owners with employees'"
"712",833,"3123","Selbstständige ohne Beschäftigte",0,1,0,17440,4,1,"1223","1223","Self empl w/no empoyees","45.94","'I: Higher Controllers'","'Small business owners without employees'"
"713",838,"3131","Selbstständige mit Beschäftigten",0,1,5,4010,4,1,"8161","8161","Self empl w/1-9 employees","34.76","'IVb: Self-employed with no employees'","'Small business owners with employees'"
"714",839,"3131","Selbstständige ohne Beschäftigte",0,1,0,1410,4,1,"8161","8161","Self empl w/no empoyees","34.76","'V: Manual Supervisors'","'Small business owners without employees'"
"715",844,"3132","Selbstständige mit Beschäftigten",0,1,5,430,4,1,"8163","8163","Self empl w/1-9 employees","34.91","'IVb: Self-employed with no employees'","'Small business owners with employees'"
"716",845,"3132","Selbstständige ohne Beschäftigte",0,1,0,220,4,1,"8163","8163","Self empl w/no empoyees","34.91","'V: Manual Supervisors'","'Small business owners without employees'"
"717",850,"3133","Selbstständige mit Beschäftigten",0,1,5,0,4,1,"8150","8150","Self empl w/1-9 employees","34.91","'IVb: Self-employed with no employees'","'Small business owners with employees'"
"718",851,"3133","Selbstständige ohne Beschäftigte",0,1,0,0,4,1,"8150","8150","Self empl w/no empoyees","34.91","'V: Manual Supervisors'","'Small business owners without employees'"
"719",856,"3134","Selbstständige mit Beschäftigten",0,1,5,0,4,1,"8155","8155","Self empl w/1-9 employees","43.00","'IVb: Self-employed with no employees'","'Small business owners with employees'"
"720",857,"3134","Selbstständige ohne Beschäftigte",0,1,0,0,4,1,"8155","8155","Self empl w/no empoyees","43.00","'V: Manual Supervisors'","'Small business owners without employees'"
"721",862,"3135","Selbstständige mit Beschäftigten",0,1,5,0,4,1,"8120","8120","Self empl w/1-9 employees","34.91","'IVb: Self-employed with no employees'","'Small business owners with employees'"
"722",863,"3135","Selbstständige ohne Beschäftigte",0,1,0,0,4,1,"8120","8120","Self empl w/no empoyees","34.91","'V: Manual Supervisors'","'Small business owners without employees'"
"723",868,"3139","Selbstständige mit Beschäftigten",0,1,5,0,4,1,"8290","8290","Self empl w/1-9 employees","34.91","'IVb: Self-employed with no employees'","'Small business owners with employees'"
"724",869,"3139","Selbstständige ohne Beschäftigte",0,1,0,0,4,1,"8290","8290","Self empl w/no empoyees","34.91","'VIIa: Unskilled Worker'","'Small business owners without employees'"
"725",874,"3141","Selbstständige mit Beschäftigten",0,1,5,0,4,1,"3211","3211","Self empl w/1-9 employees","52.00","'II: Lower Controllers'","'Small business owners with employees'"
"726",875,"3141","Selbstständige ohne Beschäftigte",0,1,0,270,4,1,"3211","3211","Self empl w/no empoyees","52.00","'I: Higher Controllers'","'Small business owners without employees'"
"727",880,"3142","Selbstständige mit Beschäftigten",0,1,5,2030,4,1,"3212","3212","Self empl w/1-9 employees","48.57","'II: Lower Controllers'","'Small business owners with employees'"
"728",881,"3142","Selbstständige ohne Beschäftigte",0,1,0,1270,4,1,"3212","3212","Self empl w/no empoyees","48.57","'I: Higher Controllers'","'Small business owners without employees'"
"729",886,"3143","Selbstständige mit Beschäftigten",0,1,5,710,4,1,"3212","3212","Self empl w/1-9 employees","49.00","'II: Lower Controllers'","'Small business owners with employees'"
"730",887,"3143","Selbstständige ohne Beschäftigte",0,1,0,690,4,1,"3212","3212","Self empl w/no empoyees","49.00","'I: Higher Controllers'","'Small business owners without employees'"
"731",892,"3151","Selbstständige mit Beschäftigten",0,1,5,0,4,1,"3141","3141","Self empl w/1-9 employees","60.00","'II: Lower Controllers'","'Small business owners with employees'"
"732",893,"3151","Selbstständige ohne Beschäftigte",0,1,0,0,4,1,"3141","3141","Self empl w/no empoyees","60.00","'I: Higher Controllers'","'Small business owners without employees'"
"733",898,"3152","Selbstständige mit Beschäftigten",0,1,5,810,4,1,"3142","3142","Self empl w/1-9 employees","55.44","'II: Lower Controllers'","'Small business owners with employees'"
"734",899,"3152","Selbstständige ohne Beschäftigte",0,1,0,890,4,1,"3142","3142","Self empl w/no empoyees","55.44","'I: Higher Controllers'","'Small business owners without employees'"
"735",904,"3153","Selbstständige mit Beschäftigten",0,1,5,250,4,1,"3143","3143","Self empl w/1-9 employees","66.00","'I: Higher Controllers'","'Small business owners with employees'"
"736",905,"3153","Selbstständige ohne Beschäftigte",0,1,0,670,4,1,"3143","3143","Self empl w/no empoyees","66.00","'I: Higher Controllers'","'Small business owners without employees'"
"737",910,"3154","Selbstständige mit Beschäftigten",0,1,5,0,4,1,"3144","3144","Self empl w/1-9 employees","59.00","'I: Higher Controllers'","'Small business owners with employees'"
"738",911,"3154","Selbstständige ohne Beschäftigte",0,1,0,0,4,1,"3144","3144","Self empl w/no empoyees","59.00","'I: Higher Controllers'","'Small business owners without employees'"
"739",916,"3155","Selbstständige mit Beschäftigten",0,1,5,0,4,1,"3145","3145","Self empl w/1-9 employees","59.00","'II: Lower Controllers'","'Small business owners with employees'"
"740",917,"3155","Selbstständige ohne Beschäftigte",0,1,0,0,4,1,"3145","3145","Self empl w/no empoyees","59.00","'I: Higher Controllers'","'Small business owners without employees'"
"741",922,"3211","Selbstständige mit Beschäftigten",0,1,5,0,4,1,"3133","3133","Self empl w/1-9 employees","58.00","'II: Lower Controllers'","'Small business owners with employees'"
"742",923,"3211","Selbstständige ohne Beschäftigte",0,1,0,0,4,1,"3133","3133","Self empl w/no empoyees","58.00","'I: Higher Controllers'","'Small business owners without employees'"
"743",928,"3212","Selbstständige mit Beschäftigten",0,1,5,0,4,1,"3211","3211","Self empl w/1-9 employees","54.58","'II: Lower Controllers'","'Small business owners with employees'"
"744",929,"3212","Selbstständige ohne Beschäftigte",0,1,0,0,4,1,"3211","3211","Self empl w/no empoyees","54.58","'I: Higher Controllers'","'Small business owners without employees'"
"745",934,"3213","Selbstständige mit Beschäftigten",0,1,5,0,4,1,"3228","3228","Self empl w/1-9 employees","44.00","'II: Lower Controllers'","'Small business owners with employees'"
"746",935,"3213","Selbstständige ohne Beschäftigte",0,1,0,0,4,1,"3228","3228","Self empl w/no empoyees","44.00","'I: Higher Controllers'","'Small business owners without employees'"
"747",940,"3214","Selbstständige mit Beschäftigten",0,1,5,3340,4,1,"7311","7311","Self empl w/1-9 employees","60.00","'IVb: Self-employed with no employees'","'Small business owners with employees'"
"748",941,"3214","Selbstständige ohne Beschäftigte",0,1,0,1010,4,1,"7311","7311","Self empl w/no empoyees","60.00","'V: Manual Supervisors'","'Small business owners without employees'"
"749",946,"3221","Selbstständige mit Beschäftigten",0,1,5,5370,4,1,"3231","3231","Self empl w/1-9 employees","44.00","'IIIa: Routine Nonmanual'","'Small business owners with employees'"
"750",947,"3221","Selbstständige ohne Beschäftigte",0,1,0,4130,4,1,"3231","3231","Self empl w/no empoyees","44.00","'I: Higher Controllers'","'Small business owners without employees'"
"751",952,"3222","Selbstständige mit Beschäftigten",0,1,5,0,4,1,"3232","3232","Self empl w/1-9 employees","44.00","'IIIa: Routine Nonmanual'","'Small business owners with employees'"
"752",953,"3222","Selbstständige ohne Beschäftigte",0,1,0,310,4,1,"3232","3232","Self empl w/no empoyees","44.00","'I: Higher Controllers'","'Small business owners without employees'"
"753",958,"3230","Selbstständige mit Beschäftigten",0,1,5,0,4,1,"3241","3229","Self empl w/1-9 employees","50.27","'II: Lower Controllers'","'Small business owners with employees'"
"754",959,"3230","Selbstständige ohne Beschäftigte",0,1,0,650,4,1,"3241","3229","Self empl w/no empoyees","50.27","'I: Higher Controllers'","'Small business owners without employees'"
"755",964,"3240","Selbstständige mit Beschäftigten",0,1,5,0,4,1,"3227","3227","Self empl w/1-9 employees","48.00","'II: Lower Controllers'","'Small business owners with employees'"
"756",965,"3240","Selbstständige ohne Beschäftigte",0,1,0,0,4,1,"3227","3227","Self empl w/no empoyees","48.00","'I: Higher Controllers'","'Small business owners without employees'"
"757",970,"3251","Selbstständige mit Beschäftigten",0,1,5,460,4,1,"3225","3225","Self empl w/1-9 employees","49.87","'II: Lower Controllers'","'Small business owners with employees'"
"758",971,"3251","Selbstständige ohne Beschäftigte",0,1,0,300,4,1,"3225","3225","Self empl w/no empoyees","49.87","'I: Higher Controllers'","'Small business owners without employees'"
"759",976,"3252","Selbstständige mit Beschäftigten",0,1,5,0,4,1,"3229","3229","Self empl w/1-9 employees","49.87","'II: Lower Controllers'","'Small business owners with employees'"
"760",977,"3252","Selbstständige ohne Beschäftigte",0,1,0,0,4,1,"3229","3229","Self empl w/no empoyees","49.87","'I: Higher Controllers'","'Small business owners without employees'"
"761",982,"3253","Selbstständige mit Beschäftigten",0,1,5,0,4,1,"3229","3229","Self empl w/1-9 employees","49.87","'II: Lower Controllers'","'Small business owners with employees'"
"762",983,"3253","Selbstständige ohne Beschäftigte",0,1,0,380,4,1,"3229","3229","Self empl w/no empoyees","49.87","'I: Higher Controllers'","'Small business owners without employees'"
"763",988,"3254","Selbstständige mit Beschäftigten",0,1,5,4880,4,1,"3224","3224","Self empl w/1-9 employees","57.00","'II: Lower Controllers'","'Small business owners with employees'"
"764",989,"3254","Selbstständige ohne Beschäftigte",0,1,0,1120,4,1,"3224","3224","Self empl w/no empoyees","57.00","'I: Higher Controllers'","'Small business owners without employees'"
"765",994,"3255","Selbstständige mit Beschäftigten",0,1,5,7550,4,1,"3226","3226","Self empl w/1-9 employees","49.87","'II: Lower Controllers'","'Small business owners with employees'"
"766",995,"3255","Selbstständige ohne Beschäftigte",0,1,0,13240,4,1,"3226","3226","Self empl w/no empoyees","49.87","'I: Higher Controllers'","'Small business owners without employees'"
"767",1000,"3256","Selbstständige mit Beschäftigten",0,1,5,1000,4,1,"3221","3221","Self empl w/1-9 employees","50.00","'II: Lower Controllers'","'Small business owners with employees'"
"768",1001,"3256","Selbstständige ohne Beschäftigte",0,1,0,1110,4,1,"3221","3221","Self empl w/no empoyees","50.00","'I: Higher Controllers'","'Small business owners without employees'"
"769",1006,"3257","Selbstständige mit Beschäftigten",0,1,5,1560,4,1,"3152","3152","Self empl w/1-9 employees","48.00","'II: Lower Controllers'","'Small business owners with employees'"
"770",1007,"3257","Selbstständige ohne Beschäftigte",0,1,0,2110,4,1,"3152","3152","Self empl w/no empoyees","48.00","'I: Higher Controllers'","'Small business owners without employees'"
"771",1012,"3258","Selbstständige mit Beschäftigten",0,1,5,240,4,1,"3152","3152","Self empl w/1-9 employees","49.87","'II: Lower Controllers'","'Small business owners with employees'"
"772",1013,"3258","Selbstständige ohne Beschäftigte",0,1,0,430,4,1,"3152","3152","Self empl w/no empoyees","49.87","'I: Higher Controllers'","'Small business owners without employees'"
"773",1018,"3259","Selbstständige mit Beschäftigten",0,1,5,3330,4,1,"3229","3229","Self empl w/1-9 employees","49.89","'II: Lower Controllers'","'Small business owners with employees'"
"774",1019,"3259","Selbstständige ohne Beschäftigte",0,1,0,3830,4,1,"3229","3229","Self empl w/no empoyees","49.89","'I: Higher Controllers'","'Small business owners without employees'"
"775",1024,"3311","Selbstständige mit Beschäftigten",0,1,5,5030,4,1,"3411","3411","Self empl w/1-9 employees","56.00","'IVb: Self-employed with no employees'","'Small business owners with employees'"
"776",1025,"3311","Selbstständige ohne Beschäftigte",0,1,0,5130,4,1,"3411","3411","Self empl w/no empoyees","56.00","'I: Higher Controllers'","'Small business owners without employees'"
"777",1030,"3312","Selbstständige mit Beschäftigten",0,1,5,1770,4,1,"3419","3419","Self empl w/1-9 employees","45.93","'IVb: Self-employed with no employees'","'Small business owners with employees'"
"778",1031,"3312","Selbstständige ohne Beschäftigte",0,1,0,2430,4,1,"3419","3419","Self empl w/no empoyees","45.93","'I: Higher Controllers'","'Small business owners without employees'"
"779",1036,"3313","Selbstständige mit Beschäftigten",0,1,5,8030,4,1,"3433","3433","Self empl w/1-9 employees","43.81","'IVb: Self-employed with no employees'","'Small business owners with employees'"
"780",1037,"3313","Selbstständige ohne Beschäftigte",0,1,0,7220,4,1,"3433","3433","Self empl w/no empoyees","43.81","'I: Higher Controllers'","'Small business owners without employees'"
"781",1042,"3314","Selbstständige mit Beschäftigten",0,1,5,0,4,1,"3434","3434","Self empl w/1-9 employees","51.00","'IVb: Self-employed with no employees'","'Small business owners with employees'"
"782",1043,"3314","Selbstständige ohne Beschäftigte",0,1,0,0,4,1,"3434","3434","Self empl w/no empoyees","51.00","'I: Higher Controllers'","'Small business owners without employees'"
"783",1048,"3315","Selbstständige mit Beschäftigten",0,1,5,1240,4,1,"3417","3417","Self empl w/1-9 employees","48.97","'IVb: Self-employed with no employees'","'Small business owners with employees'"
"784",1049,"3315","Selbstständige ohne Beschäftigte",0,1,0,1880,4,1,"3417","3417","Self empl w/no empoyees","48.97","'I: Higher Controllers'","'Small business owners without employees'"
"785",1054,"3321","Selbstständige mit Beschäftigten",0,1,5,29430,4,1,"3412","3412","Self empl w/1-9 employees","46.00","'IVb: Self-employed with no employees'","'Small business owners with employees'"
"786",1055,"3321","Selbstständige ohne Beschäftigte",0,1,0,21450,4,1,"3412","3412","Self empl w/no empoyees","46.00","'I: Higher Controllers'","'Small business owners without employees'"
"787",1060,"3322","Selbstständige mit Beschäftigten",0,1,5,26320,4,1,"3415","3415","Self empl w/1-9 employees","47.00","'IVb: Self-employed with no employees'","'Small business owners with employees'"
"788",1061,"3322","Selbstständige ohne Beschäftigte",0,1,0,27950,4,1,"3415","3415","Self empl w/no empoyees","47.00","'I: Higher Controllers'","'Small business owners without employees'"
"789",1066,"3323","Selbstständige mit Beschäftigten",0,1,5,650,4,1,"3416","3416","Self empl w/1-9 employees","48.86","'IVb: Self-employed with no employees'","'Small business owners with employees'"
"790",1067,"3323","Selbstständige ohne Beschäftigte",0,1,0,570,4,1,"3416","3416","Self empl w/no empoyees","48.86","'I: Higher Controllers'","'Small business owners without employees'"
"791",1072,"3324","Selbstständige mit Beschäftigten",0,1,5,660,4,1,"3421","3421","Self empl w/1-9 employees","55.00","'IVb: Self-employed with no employees'","'Small business owners with employees'"
"792",1073,"3324","Selbstständige ohne Beschäftigte",0,1,0,770,4,1,"3421","3421","Self empl w/no empoyees","55.00","'I: Higher Controllers'","'Small business owners without employees'"
"793",1078,"3331","Selbstständige mit Beschäftigten",0,1,5,3980,4,1,"3422","3422","Self empl w/1-9 employees","47.61","'IVb: Self-employed with no employees'","'Small business owners with employees'"
"794",1079,"3331","Selbstständige ohne Beschäftigte",0,1,0,990,4,1,"3422","3422","Self empl w/no empoyees","47.61","'I: Higher Controllers'","'Small business owners without employees'"
"795",1084,"3332","Selbstständige mit Beschäftigten",0,1,5,6010,4,1,"3414","3414","Self empl w/1-9 employees","47.61","'IVb: Self-employed with no employees'","'Small business owners with employees'"
"796",1085,"3332","Selbstständige ohne Beschäftigte",0,1,0,4800,4,1,"3414","3414","Self empl w/no empoyees","47.61","'I: Higher Controllers'","'Small business owners without employees'"
"797",1090,"3333","Selbstständige mit Beschäftigten",0,1,5,2740,4,1,"3423","3423","Self empl w/1-9 employees","47.61","'IVb: Self-employed with no employees'","'Small business owners with employees'"
"798",1091,"3333","Selbstständige ohne Beschäftigte",0,1,0,4660,4,1,"3423","3423","Self empl w/no empoyees","47.61","'I: Higher Controllers'","'Small business owners without employees'"
"799",1096,"3334","Selbstständige mit Beschäftigten",0,1,5,30050,4,1,"3413","3413","Self empl w/1-9 employees","49.00","'IVb: Self-employed with no employees'","'Small business owners with employees'"
"800",1097,"3334","Selbstständige ohne Beschäftigte",0,1,0,31040,4,1,"3413","3413","Self empl w/no empoyees","49.00","'I: Higher Controllers'","'Small business owners without employees'"
"801",1102,"3339","Selbstständige mit Beschäftigten",0,1,5,1700,4,1,"3429","3429","Self empl w/1-9 employees","42.15","'IVb: Self-employed with no employees'","'Small business owners with employees'"
"802",1103,"3339","Selbstständige ohne Beschäftigte",0,1,0,2370,4,1,"3429","3429","Self empl w/no empoyees","42.15","'I: Higher Controllers'","'Small business owners without employees'"
"803",1108,"3341","Selbstständige mit Beschäftigten",0,1,5,8380,4,1,"3431","3431","Self empl w/1-9 employees","48.81","'IVb: Self-employed with no employees'","'Small business owners with employees'"
"804",1109,"3341","Selbstständige ohne Beschäftigte",0,1,0,8530,4,1,"3431","3431","Self empl w/no empoyees","48.81","'I: Higher Controllers'","'Small business owners without employees'"
"805",1114,"3342","Selbstständige mit Beschäftigten",0,1,5,480,4,1,"3431","3431","Self empl w/1-9 employees","48.81","'IVb: Self-employed with no employees'","'Small business owners with employees'"
"806",1115,"3342","Selbstständige ohne Beschäftigte",0,1,0,620,4,1,"3431","3431","Self empl w/no empoyees","48.81","'I: Higher Controllers'","'Small business owners without employees'"
"807",1120,"3343","Selbstständige mit Beschäftigten",0,1,5,2950,4,1,"3431","3431","Self empl w/1-9 employees","48.81","'IVb: Self-employed with no employees'","'Small business owners with employees'"
"808",1121,"3343","Selbstständige ohne Beschäftigte",0,1,0,2060,4,1,"3431","3431","Self empl w/no empoyees","48.81","'I: Higher Controllers'","'Small business owners without employees'"
"809",1126,"3344","Selbstständige mit Beschäftigten",0,1,5,750,4,1,"3431","3431","Self empl w/1-9 employees","48.81","'IVb: Self-employed with no employees'","'Small business owners with employees'"
"810",1127,"3344","Selbstständige ohne Beschäftigte",0,1,0,660,4,1,"3431","3431","Self empl w/no empoyees","48.81","'I: Higher Controllers'","'Small business owners without employees'"
"811",1132,"3351","Selbstständige mit Beschäftigten",0,1,5,0,4,1,"3441","3441","Self empl w/1-9 employees","54.64","'II: Lower Controllers'","'Small business owners with employees'"
"812",1133,"3351","Selbstständige ohne Beschäftigte",0,1,0,0,4,1,"3441","3441","Self empl w/no empoyees","54.64","'I: Higher Controllers'","'Small business owners without employees'"
"813",1138,"3352","Selbstständige mit Beschäftigten",0,1,5,0,4,1,"3442","3442","Self empl w/1-9 employees","52.00","'II: Lower Controllers'","'Small business owners with employees'"
"814",1139,"3352","Selbstständige ohne Beschäftigte",0,1,0,0,4,1,"3442","3442","Self empl w/no empoyees","52.00","'I: Higher Controllers'","'Small business owners without employees'"
"815",1144,"3353","Selbstständige mit Beschäftigten",0,1,5,230,4,1,"3443","3443","Self empl w/1-9 employees","54.64","'II: Lower Controllers'","'Small business owners with employees'"
"816",1145,"3353","Selbstständige ohne Beschäftigte",0,1,0,350,4,1,"3443","3443","Self empl w/no empoyees","54.64","'I: Higher Controllers'","'Small business owners without employees'"
"817",1150,"3354","Selbstständige mit Beschäftigten",0,1,5,0,4,1,"3444","3444","Self empl w/1-9 employees","54.64","'II: Lower Controllers'","'Small business owners with employees'"
"818",1151,"3354","Selbstständige ohne Beschäftigte",0,1,0,0,4,1,"3444","3444","Self empl w/no empoyees","54.64","'I: Higher Controllers'","'Small business owners without employees'"
"819",1156,"3355","Selbstständige mit Beschäftigten",0,1,5,0,4,1,"3450","3450","Self empl w/1-9 employees","54.64","'II: Lower Controllers'","'Small business owners with employees'"
"820",1157,"3355","Selbstständige ohne Beschäftigte",0,1,0,0,4,1,"3450","3450","Self empl w/no empoyees","54.64","'I: Higher Controllers'","'Small business owners without employees'"
"821",1162,"3359","Selbstständige mit Beschäftigten",0,1,5,0,4,1,"3449","3449","Self empl w/1-9 employees","54.64","'II: Lower Controllers'","'Small business owners with employees'"
"822",1163,"3359","Selbstständige ohne Beschäftigte",0,1,0,0,4,1,"3449","3449","Self empl w/no empoyees","54.64","'I: Higher Controllers'","'Small business owners without employees'"
"823",1168,"3411","Selbstständige mit Beschäftigten",0,1,5,320,4,1,"3432","3432","Self empl w/1-9 employees","54.17","'IVb: Self-employed with no employees'","'Small business owners with employees'"
"824",1169,"3411","Selbstständige ohne Beschäftigte",0,1,0,250,4,1,"3432","3432","Self empl w/no empoyees","54.17","'I: Higher Controllers'","'Small business owners without employees'"
"825",1174,"3412","Selbstständige mit Beschäftigten",0,1,5,880,4,1,"3460","3460","Self empl w/1-9 employees","49.00","'IIIa: Routine Nonmanual'","'Small business owners with employees'"
"826",1175,"3412","Selbstständige ohne Beschäftigte",0,1,0,2900,4,1,"3460","3460","Self empl w/no empoyees","49.00","'I: Higher Controllers'","'Small business owners without employees'"
"827",1180,"3413","Selbstständige mit Beschäftigten",0,1,5,0,4,1,"3480","3480","Self empl w/1-9 employees","39.00","'IIIa: Routine Nonmanual'","'Small business owners with employees'"
"828",1181,"3413","Selbstständige ohne Beschäftigte",0,1,0,0,4,1,"3480","3480","Self empl w/no empoyees","39.00","'I: Higher Controllers'","'Small business owners without employees'"
"829",1186,"3421","Selbstständige mit Beschäftigten",0,1,5,330,4,1,"3475","3475","Self empl w/1-9 employees","48.62","'II: Lower Controllers'","'Small business owners with employees'"
"830",1187,"3421","Selbstständige ohne Beschäftigte",0,1,0,500,4,1,"3475","3475","Self empl w/no empoyees","48.62","'I: Higher Controllers'","'Small business owners without employees'"
"831",1192,"3422","Selbstständige mit Beschäftigten",0,1,5,3340,4,1,"3475","3475","Self empl w/1-9 employees","50.00","'II: Lower Controllers'","'Small business owners with employees'"
"832",1193,"3422","Selbstständige ohne Beschäftigte",0,1,0,8770,4,1,"3475","3475","Self empl w/no empoyees","50.00","'I: Higher Controllers'","'Small business owners without employees'"
"833",1198,"3423","Selbstständige mit Beschäftigten",0,1,5,9400,4,1,"3340","3340","Self empl w/1-9 employees","49.63","'IIIa: Routine Nonmanual'","'Small business owners with employees'"
"834",1199,"3423","Selbstständige ohne Beschäftigte",0,1,0,23200,4,1,"3340","3340","Self empl w/no empoyees","49.63","'I: Higher Controllers'","'Small business owners without employees'"
"835",1204,"3431","Selbstständige mit Beschäftigten",0,1,5,6540,4,1,"3131","3131","Self empl w/1-9 employees","45.69","'II: Lower Controllers'","'Small business owners with employees'"
"836",1205,"3431","Selbstständige ohne Beschäftigte",0,1,0,17980,4,1,"3131","3131","Self empl w/no empoyees","45.69","'I: Higher Controllers'","'Small business owners without employees'"
"837",1210,"3432","Selbstständige mit Beschäftigten",0,1,5,5920,4,1,"3471","3471","Self empl w/1-9 employees","38.00","'II: Lower Controllers'","'Small business owners with employees'"
"838",1211,"3432","Selbstständige ohne Beschäftigte",0,1,0,6430,4,1,"3471","3471","Self empl w/no empoyees","38.00","'I: Higher Controllers'","'Small business owners without employees'"
"839",1216,"3433","Selbstständige mit Beschäftigten",0,1,5,280,4,1,"3470","3470","Self empl w/1-9 employees","50.38","'II: Lower Controllers'","'Small business owners with employees'"
"840",1217,"3433","Selbstständige ohne Beschäftigte",0,1,0,880,4,1,"3470","3470","Self empl w/no empoyees","50.38","'I: Higher Controllers'","'Small business owners without employees'"
"841",1222,"3434","Selbstständige mit Beschäftigten",0,1,5,2890,4,1,"5122","5122","Self empl w/1-9 employees","38.00","'IVb: Self-employed with no employees'","'Small business owners with employees'"
"842",1223,"3434","Selbstständige ohne Beschäftigte",0,1,0,470,4,1,"5122","5122","Self empl w/no empoyees","38.00","'V: Manual Supervisors'","'Small business owners without employees'"
"843",1228,"3435","Selbstständige mit Beschäftigten",0,1,5,5160,4,1,"3470","3470","Self empl w/1-9 employees","54.59","'II: Lower Controllers'","'Small business owners with employees'"
"844",1229,"3435","Selbstständige ohne Beschäftigte",0,1,0,11820,4,1,"3470","3470","Self empl w/no empoyees","54.59","'I: Higher Controllers'","'Small business owners without employees'"
"845",1234,"3511","Selbstständige mit Beschäftigten",0,1,5,0,4,1,"3122","3122","Self empl w/1-9 employees","53.00","'II: Lower Controllers'","'Small business owners with employees'"
"846",1235,"3511","Selbstständige ohne Beschäftigte",0,1,0,0,4,1,"3122","3122","Self empl w/no empoyees","53.00","'I: Higher Controllers'","'Small business owners without employees'"
"847",1240,"3512","Selbstständige mit Beschäftigten",0,1,5,2430,4,1,"3121","3121","Self empl w/1-9 employees","53.00","'II: Lower Controllers'","'Small business owners with employees'"
"848",1241,"3512","Selbstständige ohne Beschäftigte",0,1,0,3700,4,1,"3121","3121","Self empl w/no empoyees","53.00","'I: Higher Controllers'","'Small business owners without employees'"
"849",1246,"3513","Selbstständige mit Beschäftigten",0,1,5,1280,4,1,"2139","2139","Self empl w/1-9 employees","53.00","'II: Lower Controllers'","'Small business owners with employees'"
"850",1247,"3513","Selbstständige ohne Beschäftigte",0,1,0,1840,4,1,"2139","2139","Self empl w/no empoyees","53.00","'I: Higher Controllers'","'Small business owners without employees'"
"851",1252,"3514","Selbstständige mit Beschäftigten",0,1,5,220,4,1,"3121","3121","Self empl w/1-9 employees","53.00","'II: Lower Controllers'","'Small business owners with employees'"
"852",1253,"3514","Selbstständige ohne Beschäftigte",0,1,0,440,4,1,"3121","3121","Self empl w/no empoyees","53.00","'I: Higher Controllers'","'Small business owners without employees'"
"853",1258,"3521","Selbstständige mit Beschäftigten",0,1,5,2960,4,1,"3130","3130","Self empl w/1-9 employees","44.87","'II: Lower Controllers'","'Small business owners with employees'"
"854",1259,"3521","Selbstständige ohne Beschäftigte",0,1,0,8730,4,1,"3130","3130","Self empl w/no empoyees","44.87","'I: Higher Controllers'","'Small business owners without employees'"
"855",1264,"3522","Selbstständige mit Beschäftigten",0,1,5,350,4,1,"3114","3114","Self empl w/1-9 employees","44.87","'II: Lower Controllers'","'Small business owners with employees'"
"856",1265,"3522","Selbstständige ohne Beschäftigte",0,1,0,440,4,1,"3114","3114","Self empl w/no empoyees","44.87","'I: Higher Controllers'","'Small business owners without employees'"
"857",1270,"4110","Selbstständige mit Beschäftigten",0,1,5,270,4,1,"4100","4100","Self empl w/1-9 employees","42.09","'IVb: Self-employed with no employees'","'Small business owners with employees'"
"858",1271,"4110","Selbstständige ohne Beschäftigte",0,1,0,450,4,1,"4100","4100","Self empl w/no empoyees","42.09","'I: Higher Controllers'","'Small business owners without employees'"
"859",1276,"4120","Selbstständige mit Beschäftigten",0,1,5,13150,4,1,"4115","4115","Self empl w/1-9 employees","50.87","'IVb: Self-employed with no employees'","'Small business owners with employees'"
"860",1277,"4120","Selbstständige ohne Beschäftigte",0,1,0,10230,4,1,"4115","4115","Self empl w/no empoyees","50.87","'I: Higher Controllers'","'Small business owners without employees'"
"861",1282,"4131","Selbstständige mit Beschäftigten",0,1,5,0,4,1,"4112","4112","Self empl w/1-9 employees","42.00","'IVb: Self-employed with no employees'","'Small business owners with employees'"
"862",1283,"4131","Selbstständige ohne Beschäftigte",0,1,0,540,4,1,"4112","4112","Self empl w/no empoyees","42.00","'I: Higher Controllers'","'Small business owners without employees'"
"863",1288,"4132","Selbstständige mit Beschäftigten",0,1,5,0,4,1,"4113","4113","Self empl w/1-9 employees","45.00","'IVb: Self-employed with no employees'","'Small business owners with employees'"
"864",1289,"4132","Selbstständige ohne Beschäftigte",0,1,0,0,4,1,"4113","4113","Self empl w/no empoyees","45.00","'I: Higher Controllers'","'Small business owners without employees'"
"865",1294,"4211","Selbstständige mit Beschäftigten",0,1,5,2200,4,1,"4211","4211","Self empl w/1-9 employees","40.28","'IVb: Self-employed with no employees'","'Small business owners with employees'"
"866",1295,"4211","Selbstständige ohne Beschäftigte",0,1,0,1680,4,1,"4211","4211","Self empl w/no empoyees","40.28","'I: Higher Controllers'","'Small business owners without employees'"
"867",1300,"4212","Selbstständige mit Beschäftigten",0,1,5,2730,4,1,"4213","4213","Self empl w/1-9 employees","38.53","'IVb: Self-employed with no employees'","'Small business owners with employees'"
"868",1301,"4212","Selbstständige ohne Beschäftigte",0,1,0,1680,4,1,"4213","4213","Self empl w/no empoyees","38.53","'I: Higher Controllers'","'Small business owners without employees'"
"869",1306,"4213","Selbstständige mit Beschäftigten",0,1,5,0,4,1,"4214","4214","Self empl w/1-9 employees","38.53","'IVb: Self-employed with no employees'","'Small business owners with employees'"
"870",1307,"4213","Selbstständige ohne Beschäftigte",0,1,0,0,4,1,"4214","4214","Self empl w/no empoyees","38.53","'I: Higher Controllers'","'Small business owners without employees'"
"871",1312,"4214","Selbstständige mit Beschäftigten",0,1,5,0,4,1,"4215","4215","Self empl w/1-9 employees","27.00","'IVb: Self-employed with no employees'","'Small business owners with employees'"
"872",1313,"4214","Selbstständige ohne Beschäftigte",0,1,0,0,4,1,"4215","4215","Self empl w/no empoyees","27.00","'I: Higher Controllers'","'Small business owners without employees'"
"873",1318,"4221","Selbstständige mit Beschäftigten",0,1,5,5190,4,1,"3414","3414","Self empl w/1-9 employees","43.00","'IVb: Self-employed with no employees'","'Small business owners with employees'"
"874",1319,"4221","Selbstständige ohne Beschäftigte",0,1,0,2880,4,1,"3414","3414","Self empl w/no empoyees","43.00","'I: Higher Controllers'","'Small business owners without employees'"
"875",1324,"4222","Selbstständige mit Beschäftigten",0,1,5,0,4,1,"4222","4222","Self empl w/1-9 employees","37.83","'IVb: Self-employed with no employees'","'Small business owners with employees'"
"876",1325,"4222","Selbstständige ohne Beschäftigte",0,1,0,300,4,1,"4222","4222","Self empl w/no empoyees","37.83","'I: Higher Controllers'","'Small business owners without employees'"
"877",1330,"4223","Selbstständige mit Beschäftigten",0,1,5,0,4,1,"4223","4223","Self empl w/1-9 employees","42.15","'IVb: Self-employed with no employees'","'Small business owners with employees'"
"878",1331,"4223","Selbstständige ohne Beschäftigte",0,1,0,0,4,1,"4223","4223","Self empl w/no empoyees","42.15","'I: Higher Controllers'","'Small business owners without employees'"
"879",1336,"4224","Selbstständige mit Beschäftigten",0,1,5,250,4,1,"4222","4222","Self empl w/1-9 employees","33.00","'IVb: Self-employed with no employees'","'Small business owners with employees'"
"880",1337,"4224","Selbstständige ohne Beschäftigte",0,1,0,250,4,1,"4222","4222","Self empl w/no empoyees","33.00","'I: Higher Controllers'","'Small business owners without employees'"
"881",1342,"4225","Selbstständige mit Beschäftigten",0,1,5,0,4,1,"4222","4222","Self empl w/1-9 employees","37.83","'IVb: Self-employed with no employees'","'Small business owners with employees'"
"882",1343,"4225","Selbstständige ohne Beschäftigte",0,1,0,0,4,1,"4222","4222","Self empl w/no empoyees","37.83","'I: Higher Controllers'","'Small business owners without employees'"
"883",1348,"4226","Selbstständige mit Beschäftigten",0,1,5,0,4,1,"4222","4222","Self empl w/1-9 employees","34.24","'IVb: Self-employed with no employees'","'Small business owners with employees'"
"884",1349,"4226","Selbstständige ohne Beschäftigte",0,1,0,0,4,1,"4222","4222","Self empl w/no empoyees","34.24","'I: Higher Controllers'","'Small business owners without employees'"
"885",1354,"4227","Selbstständige mit Beschäftigten",0,1,5,280,4,1,"4190","4190","Self empl w/1-9 employees","37.83","'IVb: Self-employed with no employees'","'Small business owners with employees'"
"886",1355,"4227","Selbstständige ohne Beschäftigte",0,1,0,1030,4,1,"4190","4190","Self empl w/no empoyees","37.83","'I: Higher Controllers'","'Small business owners without employees'"
"887",1360,"4229","Selbstständige mit Beschäftigten",0,1,5,0,4,1,"4222","4222","Self empl w/1-9 employees","37.83","'IVb: Self-employed with no employees'","'Small business owners with employees'"
"888",1361,"4229","Selbstständige ohne Beschäftigte",0,1,0,0,4,1,"4222","4222","Self empl w/no empoyees","37.83","'I: Higher Controllers'","'Small business owners without employees'"
"889",1366,"4311","Selbstständige mit Beschäftigten",0,1,5,4120,4,1,"4121","4121","Self empl w/1-9 employees","34.00","'IVb: Self-employed with no employees'","'Small business owners with employees'"
"890",1367,"4311","Selbstständige ohne Beschäftigte",0,1,0,3440,4,1,"4121","4121","Self empl w/no empoyees","34.00","'I: Higher Controllers'","'Small business owners without employees'"
"891",1372,"4312","Selbstständige mit Beschäftigten",0,1,5,1040,4,1,"4122","4122","Self empl w/1-9 employees","34.00","'IVb: Self-employed with no employees'","'Small business owners with employees'"
"892",1373,"4312","Selbstständige ohne Beschäftigte",0,1,0,880,4,1,"4122","4122","Self empl w/no empoyees","34.00","'I: Higher Controllers'","'Small business owners without employees'"
"893",1378,"4313","Selbstständige mit Beschäftigten",0,1,5,0,4,1,"4121","4121","Self empl w/1-9 employees","34.00","'IVb: Self-employed with no employees'","'Small business owners with employees'"
"894",1379,"4313","Selbstständige ohne Beschäftigte",0,1,0,0,4,1,"4121","4121","Self empl w/no empoyees","34.00","'I: Higher Controllers'","'Small business owners without employees'"
"895",1384,"4321","Selbstständige mit Beschäftigten",0,1,5,1700,4,1,"4131","4131","Self empl w/1-9 employees","30.28","'IVb: Self-employed with no employees'","'Small business owners with employees'"
"896",1385,"4321","Selbstständige ohne Beschäftigte",0,1,0,1150,4,1,"4131","4131","Self empl w/no empoyees","30.28","'I: Higher Controllers'","'Small business owners without employees'"
"897",1390,"4322","Selbstständige mit Beschäftigten",0,1,5,2470,4,1,"4132","4132","Self empl w/1-9 employees","44.00","'IVb: Self-employed with no employees'","'Small business owners with employees'"
"898",1391,"4322","Selbstständige ohne Beschäftigte",0,1,0,1090,4,1,"4132","4132","Self empl w/no empoyees","44.00","'I: Higher Controllers'","'Small business owners without employees'"
"899",1396,"4323","Selbstständige mit Beschäftigten",0,1,5,6020,4,1,"4133","4133","Self empl w/1-9 employees","32.49","'IVb: Self-employed with no employees'","'Small business owners with employees'"
"900",1397,"4323","Selbstständige ohne Beschäftigte",0,1,0,1670,4,1,"4133","4133","Self empl w/no empoyees","32.49","'I: Higher Controllers'","'Small business owners without employees'"
"901",1402,"4411","Selbstständige mit Beschäftigten",0,1,5,0,4,1,"4141","4141","Self empl w/1-9 employees","36.00","'IVb: Self-employed with no employees'","'Small business owners with employees'"
"902",1403,"4411","Selbstständige ohne Beschäftigte",0,1,0,0,4,1,"4141","4141","Self empl w/no empoyees","36.00","'I: Higher Controllers'","'Small business owners without employees'"
"903",1408,"4412","Selbstständige mit Beschäftigten",0,1,5,1540,4,1,"4142","4142","Self empl w/1-9 employees","30.05","'IVb: Self-employed with no employees'","'Small business owners with employees'"
"904",1409,"4412","Selbstständige ohne Beschäftigte",0,1,0,970,4,1,"4142","4142","Self empl w/no empoyees","30.05","'VIIa: Unskilled Worker'","'Small business owners without employees'"
"905",1414,"4413","Selbstständige mit Beschäftigten",0,1,5,0,4,1,"4143","4143","Self empl w/1-9 employees","41.00","'IVb: Self-employed with no employees'","'Small business owners with employees'"
"906",1415,"4413","Selbstständige ohne Beschäftigte",0,1,0,590,4,1,"4143","4143","Self empl w/no empoyees","41.00","'I: Higher Controllers'","'Small business owners without employees'"
"907",1420,"4414","Selbstständige mit Beschäftigten",0,1,5,0,4,1,"4144","4144","Self empl w/1-9 employees","34.44","'IVb: Self-employed with no employees'","'Small business owners with employees'"
"908",1421,"4414","Selbstständige ohne Beschäftigte",0,1,0,0,4,1,"4144","4144","Self empl w/no empoyees","34.44","'I: Higher Controllers'","'Small business owners without employees'"
"909",1426,"4415","Selbstständige mit Beschäftigten",0,1,5,0,4,1,"4141","4141","Self empl w/1-9 employees","31.00","'IVb: Self-employed with no employees'","'Small business owners with employees'"
"910",1427,"4415","Selbstständige ohne Beschäftigte",0,1,0,0,4,1,"4141","4141","Self empl w/no empoyees","31.00","'I: Higher Controllers'","'Small business owners without employees'"
"911",1432,"4416","Selbstständige mit Beschäftigten",0,1,5,780,4,1,"4190","4190","Self empl w/1-9 employees","34.44","'IVb: Self-employed with no employees'","'Small business owners with employees'"
"912",1433,"4416","Selbstständige ohne Beschäftigte",0,1,0,600,4,1,"4190","4190","Self empl w/no empoyees","34.44","'I: Higher Controllers'","'Small business owners without employees'"
"913",1438,"4419","Selbstständige mit Beschäftigten",0,1,5,2260,4,1,"4190","4190","Self empl w/1-9 employees","37.00","'IVb: Self-employed with no employees'","'Small business owners with employees'"
"914",1439,"4419","Selbstständige ohne Beschäftigte",0,1,0,3930,4,1,"4190","4190","Self empl w/no empoyees","37.00","'I: Higher Controllers'","'Small business owners without employees'"
"915",1444,"5111","Selbstständige mit Beschäftigten",0,1,5,0,4,1,"5111","5111","Self empl w/1-9 employees","50.00","'IVb: Self-employed with no employees'","'Small business owners with employees'"
"916",1445,"5111","Selbstständige ohne Beschäftigte",0,1,0,0,4,1,"5111","5111","Self empl w/no empoyees","50.00","'I: Higher Controllers'","'Small business owners without employees'"
"917",1450,"5112","Selbstständige mit Beschäftigten",0,1,5,0,4,1,"5112","5112","Self empl w/1-9 employees","30.93","'IVb: Self-employed with no employees'","'Small business owners with employees'"
"918",1451,"5112","Selbstständige ohne Beschäftigte",0,1,0,0,4,1,"5112","5112","Self empl w/no empoyees","30.93","'I: Higher Controllers'","'Small business owners without employees'"
"919",1456,"5113","Selbstständige mit Beschäftigten",0,1,5,670,4,1,"5113","5113","Self empl w/1-9 employees","31.07","'IVb: Self-employed with no employees'","'Small business owners with employees'"
"920",1457,"5113","Selbstständige ohne Beschäftigte",0,1,0,3380,4,1,"5113","5113","Self empl w/no empoyees","31.07","'I: Higher Controllers'","'Small business owners without employees'"
"921",1462,"5120","Selbstständige mit Beschäftigten",0,1,5,16530,4,1,"5122","5122","Self empl w/1-9 employees","30.98","'IVb: Self-employed with no employees'","'Small business owners with employees'"
"922",1463,"5120","Selbstständige ohne Beschäftigte",0,1,0,3840,4,1,"5122","5122","Self empl w/no empoyees","30.98","'V: Manual Supervisors'","'Small business owners without employees'"
"923",1468,"5131","Selbstständige mit Beschäftigten",0,1,5,10110,4,1,"5123","5123","Self empl w/1-9 employees","21.67","'IVb: Self-employed with no employees'","'Small business owners with employees'"
"924",1469,"5131","Selbstständige ohne Beschäftigte",0,1,0,2940,4,1,"5123","5123","Self empl w/no empoyees","21.67","'I: Higher Controllers'","'Small business owners without employees'"
"925",1474,"5132","Selbstständige mit Beschäftigten",0,1,5,1270,4,1,"5123","5123","Self empl w/1-9 employees","23.00","'IVb: Self-employed with no employees'","'Small business owners with employees'"
"926",1475,"5132","Selbstständige ohne Beschäftigte",0,1,0,600,4,1,"5123","5123","Self empl w/no empoyees","23.00","'I: Higher Controllers'","'Small business owners without employees'"
"927",1480,"5141","Selbstständige mit Beschäftigten",0,1,5,40530,4,1,"5141","5141","Self empl w/1-9 employees","32.00","'IVb: Self-employed with no employees'","'Small business owners with employees'"
"928",1481,"5141","Selbstständige ohne Beschäftigte",0,1,0,23830,4,1,"5141","5141","Self empl w/no empoyees","32.00","'V: Manual Supervisors'","'Small business owners without employees'"
"929",1486,"5142","Selbstständige mit Beschäftigten",0,1,5,21060,4,1,"5141","5141","Self empl w/1-9 employees","32.00","'IVb: Self-employed with no employees'","'Small business owners with employees'"
"930",1487,"5142","Selbstständige ohne Beschäftigte",0,1,0,35430,4,1,"5141","5141","Self empl w/no empoyees","32.00","'V: Manual Supervisors'","'Small business owners without employees'"
"931",1492,"5151","Selbstständige mit Beschäftigten",0,1,5,2970,4,1,"5121","5121","Self empl w/1-9 employees","37.03","'IVb: Self-employed with no employees'","'Small business owners with employees'"
"932",1493,"5151","Selbstständige ohne Beschäftigte",0,1,0,750,4,1,"5121","5121","Self empl w/no empoyees","37.03","'I: Higher Controllers'","'Small business owners without employees'"
"933",1498,"5152","Selbstständige mit Beschäftigten",0,1,5,2490,4,1,"5121","5121","Self empl w/1-9 employees","24.00","'IVb: Self-employed with no employees'","'Small business owners with employees'"
"934",1499,"5152","Selbstständige ohne Beschäftigte",0,1,0,2730,4,1,"5121","5121","Self empl w/no empoyees","24.00","'I: Higher Controllers'","'Small business owners without employees'"
"935",1504,"5153","Selbstständige mit Beschäftigten",0,1,5,13550,4,1,"9141","9141","Self empl w/1-9 employees","23.27","'IVb: Self-employed with no employees'","'Small business owners with employees'"
"936",1505,"5153","Selbstständige ohne Beschäftigte",0,1,0,14210,4,1,"9141","9141","Self empl w/no empoyees","23.27","'VIIa: Unskilled Worker'","'Small business owners without employees'"
"937",1510,"5161","Selbstständige mit Beschäftigten",0,1,5,0,4,1,"5152","5149","Self empl w/1-9 employees","22.90","'IVb: Self-employed with no employees'","'Small business owners with employees'"
"938",1511,"5161","Selbstständige ohne Beschäftigte",0,1,0,470,4,1,"5152","5149","Self empl w/no empoyees","22.90","'I: Higher Controllers'","'Small business owners without employees'"
"939",1516,"5162","Selbstständige mit Beschäftigten",0,1,5,0,4,1,"5142","5142","Self empl w/1-9 employees","17.00","'IVb: Self-employed with no employees'","'Small business owners with employees'"
"940",1517,"5162","Selbstständige ohne Beschäftigte",0,1,0,0,4,1,"5142","5142","Self empl w/no empoyees","17.00","'I: Higher Controllers'","'Small business owners without employees'"
"941",1522,"5163","Selbstständige mit Beschäftigten",0,1,5,2630,4,1,"5143","5143","Self empl w/1-9 employees","34.00","'IVb: Self-employed with no employees'","'Small business owners with employees'"
"942",1523,"5163","Selbstständige ohne Beschäftigte",0,1,0,740,4,1,"5143","5143","Self empl w/no empoyees","34.00","'V: Manual Supervisors'","'Small business owners without employees'"
"943",1528,"5164","Selbstständige mit Beschäftigten",0,1,5,4250,4,1,"5149","5149","Self empl w/1-9 employees","22.90","'IVb: Self-employed with no employees'","'Small business owners with employees'"
"944",1529,"5164","Selbstständige ohne Beschäftigte",0,1,0,8440,4,1,"5149","5149","Self empl w/no empoyees","22.90","'I: Higher Controllers'","'Small business owners without employees'"
"945",1534,"5165","Selbstständige mit Beschäftigten",0,1,5,7260,4,1,"3340","3340","Self empl w/1-9 employees","41.00","'IIIa: Routine Nonmanual'","'Small business owners with employees'"
"946",1535,"5165","Selbstständige ohne Beschäftigte",0,1,0,1960,4,1,"3340","3340","Self empl w/no empoyees","41.00","'I: Higher Controllers'","'Small business owners without employees'"
"947",1540,"5169","Selbstständige mit Beschäftigten",0,1,5,0,4,1,"5149","5149","Self empl w/1-9 employees","22.90","'IVb: Self-employed with no employees'","'Small business owners with employees'"
"948",1541,"5169","Selbstständige ohne Beschäftigte",0,1,0,480,4,1,"5149","5149","Self empl w/no empoyees","22.90","'I: Higher Controllers'","'Small business owners without employees'"
"949",1546,"5211","Selbstständige mit Beschäftigten",0,1,5,660,4,1,"5230","5220","Self empl w/1-9 employees","36.69","'IVb: Self-employed with no employees'","'Small business owners with employees'"
"950",1547,"5211","Selbstständige ohne Beschäftigte",0,1,0,830,4,1,"5230","5220","Self empl w/no empoyees","36.69","'I: Higher Controllers'","'Small business owners without employees'"
"951",1552,"5212","Selbstständige mit Beschäftigten",0,1,5,0,4,1,"9111","9111","Self empl w/1-9 employees","36.69","'IIIa: Routine Nonmanual'","'Small business owners with employees'"
"952",1553,"5212","Selbstständige ohne Beschäftigte",0,1,0,0,4,1,"9111","9111","Self empl w/no empoyees","36.69","'I: Higher Controllers'","'Small business owners without employees'"
"953",1558,"5221","Selbstständige mit Beschäftigten",0,1,5,20220,4,1,"1314","1314","Self empl w/1-9 employees","48.00","'IVb: Self-employed with no employees'","'Small business owners with employees'"
"954",1559,"5221","Selbstständige ohne Beschäftigte",0,1,0,13120,4,1,"1314","1314","Self empl w/no empoyees","48.00","'I: Higher Controllers'","'Small business owners without employees'"
"955",1564,"5222","Selbstständige mit Beschäftigten",0,1,5,2040,4,1,"1314","1314","Self empl w/1-9 employees","42.78","'IVb: Self-employed with no employees'","'Small business owners with employees'"
"956",1565,"5222","Selbstständige ohne Beschäftigte",0,1,0,750,4,1,"1314","1314","Self empl w/no empoyees","42.78","'I: Higher Controllers'","'Small business owners without employees'"
"957",1570,"5223","Selbstständige mit Beschäftigten",0,1,5,89850,4,1,"5220","5220","Self empl w/1-9 employees","42.78","'IVb: Self-employed with no employees'","'Small business owners with employees'"
"958",1571,"5223","Selbstständige ohne Beschäftigte",0,1,0,49690,4,1,"5220","5220","Self empl w/no empoyees","42.78","'I: Higher Controllers'","'Small business owners without employees'"
"959",1576,"5230","Selbstständige mit Beschäftigten",0,1,5,740,4,1,"4211","4211","Self empl w/1-9 employees","32.16","'IVb: Self-employed with no employees'","'Small business owners with employees'"
"960",1577,"5230","Selbstständige ohne Beschäftigte",0,1,0,400,4,1,"4211","4211","Self empl w/no empoyees","32.16","'I: Higher Controllers'","'Small business owners without employees'"
"961",1582,"5241","Selbstständige mit Beschäftigten",0,1,5,420,4,1,"5210","5210","Self empl w/1-9 employees","24.09","'IVb: Self-employed with no employees'","'Small business owners with employees'"
"962",1583,"5241","Selbstständige ohne Beschäftigte",0,1,0,640,4,1,"5210","5210","Self empl w/no empoyees","24.09","'I: Higher Controllers'","'Small business owners without employees'"
"963",1588,"5242","Selbstständige mit Beschäftigten",0,1,5,360,4,1,"5220","5220","Self empl w/1-9 employees","24.09","'IVb: Self-employed with no employees'","'Small business owners with employees'"
"964",1589,"5242","Selbstständige ohne Beschäftigte",0,1,0,1050,4,1,"5220","5220","Self empl w/no empoyees","24.09","'I: Higher Controllers'","'Small business owners without employees'"
"965",1594,"5243","Selbstständige mit Beschäftigten",0,1,5,0,4,1,"9113","9113","Self empl w/1-9 employees","24.00","'IIIa: Routine Nonmanual'","'Small business owners with employees'"
"966",1595,"5243","Selbstständige ohne Beschäftigte",0,1,0,0,4,1,"9113","9113","Self empl w/no empoyees","24.00","'I: Higher Controllers'","'Small business owners without employees'"
"967",1600,"5244","Selbstständige mit Beschäftigten",0,1,5,2480,4,1,"9113","9113","Self empl w/1-9 employees","26.00","'IIIa: Routine Nonmanual'","'Small business owners with employees'"
"968",1601,"5244","Selbstständige ohne Beschäftigte",0,1,0,3940,4,1,"9113","9113","Self empl w/no empoyees","26.00","'I: Higher Controllers'","'Small business owners without employees'"
"969",1606,"5245","Selbstständige mit Beschäftigten",0,1,5,780,4,1,"5220","5220","Self empl w/1-9 employees","25.00","'IVb: Self-employed with no employees'","'Small business owners with employees'"
"970",1607,"5245","Selbstständige ohne Beschäftigte",0,1,0,0,4,1,"5220","5220","Self empl w/no empoyees","25.00","'I: Higher Controllers'","'Small business owners without employees'"
"971",1612,"5246","Selbstständige mit Beschäftigten",0,1,5,8990,4,1,"5123","5123","Self empl w/1-9 employees","16.00","'IVb: Self-employed with no employees'","'Small business owners with employees'"
"972",1613,"5246","Selbstständige ohne Beschäftigte",0,1,0,4200,4,1,"5123","5123","Self empl w/no empoyees","16.00","'I: Higher Controllers'","'Small business owners without employees'"
"973",1618,"5249","Selbstständige mit Beschäftigten",0,1,5,1210,4,1,"5220","5220","Self empl w/1-9 employees","24.09","'IVb: Self-employed with no employees'","'Small business owners with employees'"
"974",1619,"5249","Selbstständige ohne Beschäftigte",0,1,0,900,4,1,"5220","5220","Self empl w/no empoyees","24.09","'I: Higher Controllers'","'Small business owners without employees'"
"975",1624,"5311","Selbstständige mit Beschäftigten",0,1,5,7910,4,1,"5131","5131","Self empl w/1-9 employees","23.00","'IVb: Self-employed with no employees'","'Small business owners with employees'"
"976",1625,"5311","Selbstständige ohne Beschäftigte",0,1,0,22660,4,1,"5131","5131","Self empl w/no empoyees","23.00","'I: Higher Controllers'","'Small business owners without employees'"
"977",1630,"5312","Selbstständige mit Beschäftigten",0,1,5,270,4,1,"5131","5131","Self empl w/1-9 employees","50.00","'IVb: Self-employed with no employees'","'Small business owners with employees'"
"978",1631,"5312","Selbstständige ohne Beschäftigte",0,1,0,1610,4,1,"5131","5131","Self empl w/no empoyees","50.00","'I: Higher Controllers'","'Small business owners without employees'"
"979",1636,"5321","Selbstständige mit Beschäftigten",0,1,5,1340,4,1,"5132","5132","Self empl w/1-9 employees","29.00","'IVb: Self-employed with no employees'","'Small business owners with employees'"
"980",1637,"5321","Selbstständige ohne Beschäftigte",0,1,0,2240,4,1,"5132","5132","Self empl w/no empoyees","29.00","'I: Higher Controllers'","'Small business owners without employees'"
"981",1642,"5322","Selbstständige mit Beschäftigten",0,1,5,1170,4,1,"5133","5133","Self empl w/1-9 employees","29.00","'IVb: Self-employed with no employees'","'Small business owners with employees'"
"982",1643,"5322","Selbstständige ohne Beschäftigte",0,1,0,3490,4,1,"5133","5133","Self empl w/no empoyees","29.00","'I: Higher Controllers'","'Small business owners without employees'"
"983",1648,"5329","Selbstständige mit Beschäftigten",0,1,5,0,4,1,"5139","5139","Self empl w/1-9 employees","29.00","'IVb: Self-employed with no employees'","'Small business owners with employees'"
"984",1649,"5329","Selbstständige ohne Beschäftigte",0,1,0,0,4,1,"5139","5139","Self empl w/no empoyees","29.00","'I: Higher Controllers'","'Small business owners without employees'"
"985",1654,"5411","Selbstständige mit Beschäftigten",0,1,5,0,4,1,"5161","5161","Self empl w/1-9 employees","35.00","'IVb: Self-employed with no employees'","'Small business owners with employees'"
"986",1655,"5411","Selbstständige ohne Beschäftigte",0,1,0,0,4,1,"5161","5161","Self empl w/no empoyees","35.00","'V: Manual Supervisors'","'Small business owners without employees'"
"987",1660,"5412","Selbstständige mit Beschäftigten",0,1,5,0,4,1,"5162","5162","Self empl w/1-9 employees","40.89","'IVb: Self-employed with no employees'","'Small business owners with employees'"
"988",1661,"5412","Selbstständige ohne Beschäftigte",0,1,0,0,4,1,"5162","5162","Self empl w/no empoyees","40.89","'V: Manual Supervisors'","'Small business owners without employees'"
"989",1666,"5413","Selbstständige mit Beschäftigten",0,1,5,0,4,1,"5163","5163","Self empl w/1-9 employees","39.00","'IVb: Self-employed with no employees'","'Small business owners with employees'"
"990",1667,"5413","Selbstständige ohne Beschäftigte",0,1,0,0,4,1,"5163","5163","Self empl w/no empoyees","39.00","'VIIa: Unskilled Worker'","'Small business owners without employees'"
"991",1672,"5414","Selbstständige mit Beschäftigten",0,1,5,1580,4,1,"5169","5169","Self empl w/1-9 employees","27.89","'IVb: Self-employed with no employees'","'Small business owners with employees'"
"992",1673,"5414","Selbstständige ohne Beschäftigte",0,1,0,1230,4,1,"5169","5169","Self empl w/no empoyees","27.89","'VIIa: Unskilled Worker'","'Small business owners without employees'"
"993",1678,"5419","Selbstständige mit Beschäftigten",0,1,5,0,4,1,"5169","5169","Self empl w/1-9 employees","33.71","'IVb: Self-employed with no employees'","'Small business owners with employees'"
"994",1679,"5419","Selbstständige ohne Beschäftigte",0,1,0,320,4,1,"5169","5169","Self empl w/no empoyees","33.71","'VIIa: Unskilled Worker'","'Small business owners without employees'"
"995",1684,"6111","Selbstständige mit Beschäftigten",0,1,5,970,4,1,"6111","6111","Self empl w/1-9 employees","43.53","'IVc: Self-employed Farmer'","'Small business owners with employees'"
"996",1685,"6111","Selbstständige ohne Beschäftigte",0,1,0,650,4,1,"6111","6111","Self empl w/no empoyees","43.53","'IVc: Self-employed Farmer'","'Small business owners without employees'"
"997",1690,"6112","Selbstständige mit Beschäftigten",0,1,5,5040,4,1,"6112","6111","Self empl w/1-9 employees","43.53","'IVc: Self-employed Farmer'","'Small business owners with employees'"
"998",1691,"6112","Selbstständige ohne Beschäftigte",0,1,0,2550,4,1,"6112","6111","Self empl w/no empoyees","43.53","'IVc: Self-employed Farmer'","'Small business owners without employees'"
"999",1696,"6113","Selbstständige mit Beschäftigten",0,1,5,29050,4,1,"6113","6112","Self empl w/1-9 employees","43.53","'IVc: Self-employed Farmer'","'Small business owners with employees'"
"1000",1697,"6113","Selbstständige ohne Beschäftigte",0,1,0,15030,4,1,"6113","6112","Self empl w/no empoyees","43.53","'IVc: Self-employed Farmer'","'Small business owners without employees'"
"1001",1702,"6114","Selbstständige mit Beschäftigten",0,1,5,0,4,1,"6114","6111","Self empl w/1-9 employees","43.53","'IVc: Self-employed Farmer'","'Small business owners with employees'"
"1002",1703,"6114","Selbstständige ohne Beschäftigte",0,1,0,0,4,1,"6114","6111","Self empl w/no empoyees","43.53","'IVc: Self-employed Farmer'","'Small business owners without employees'"
"1003",1708,"6121","Selbstständige mit Beschäftigten",0,1,5,3500,4,1,"6124","6129","Self empl w/1-9 employees","43.53","'IVc: Self-employed Farmer'","'Small business owners with employees'"
"1004",1709,"6121","Selbstständige ohne Beschäftigte",0,1,0,2570,4,1,"6124","6129","Self empl w/no empoyees","43.53","'IVc: Self-employed Farmer'","'Small business owners without employees'"
"1005",1714,"6122","Selbstständige mit Beschäftigten",0,1,5,0,4,1,"6122","6122","Self empl w/1-9 employees","43.53","'IVc: Self-employed Farmer'","'Small business owners with employees'"
"1006",1715,"6122","Selbstständige ohne Beschäftigte",0,1,0,0,4,1,"6122","6122","Self empl w/no empoyees","43.53","'IVc: Self-employed Farmer'","'Small business owners without employees'"
"1007",1720,"6123","Selbstständige mit Beschäftigten",0,1,5,400,4,1,"6123","6129","Self empl w/1-9 employees","43.53","'IVc: Self-employed Farmer'","'Small business owners with employees'"
"1008",1721,"6123","Selbstständige ohne Beschäftigte",0,1,0,570,4,1,"6123","6129","Self empl w/no empoyees","43.53","'IVc: Self-employed Farmer'","'Small business owners without employees'"
"1009",1726,"6129","Selbstständige mit Beschäftigten",0,1,5,0,4,1,"6129","6129","Self empl w/1-9 employees","43.53","'IVc: Self-employed Farmer'","'Small business owners with employees'"
"1010",1727,"6129","Selbstständige ohne Beschäftigte",0,1,0,0,4,1,"6129","6129","Self empl w/no empoyees","43.53","'IVc: Self-employed Farmer'","'Small business owners without employees'"
"1011",1732,"6130","Selbstständige mit Beschäftigten",0,1,5,58570,4,1,"6130","6130","Self empl w/1-9 employees","43.53","'IVc: Self-employed Farmer'","'Small business owners with employees'"
"1012",1733,"6130","Selbstständige ohne Beschäftigte",0,1,0,42880,4,1,"6130","6130","Self empl w/no empoyees","43.53","'IVc: Self-employed Farmer'","'Small business owners without employees'"
"1013",1738,"6210","Selbstständige mit Beschäftigten",0,1,5,1550,4,1,"6141","6141","Self empl w/1-9 employees","22.69","'IVc: Self-employed Farmer'","'Small business owners with employees'"
"1014",1739,"6210","Selbstständige ohne Beschäftigte",0,1,0,1690,4,1,"6141","6141","Self empl w/no empoyees","22.69","'VIIb: Farm Labor'","'Small business owners without employees'"
"1015",1744,"6221","Selbstständige mit Beschäftigten",0,1,5,250,4,1,"6151","6151","Self empl w/1-9 employees","27.24","'IVc: Self-employed Farmer'","'Small business owners with employees'"
"1016",1745,"6221","Selbstständige ohne Beschäftigte",0,1,0,230,4,1,"6151","6151","Self empl w/no empoyees","27.24","'VIIb: Farm Labor'","'Small business owners without employees'"
"1017",1750,"6222","Selbstständige mit Beschäftigten",0,1,5,460,4,1,"6152","6152","Self empl w/1-9 employees","27.24","'IVc: Self-employed Farmer'","'Small business owners with employees'"
"1018",1751,"6222","Selbstständige ohne Beschäftigte",0,1,0,260,4,1,"6152","6152","Self empl w/no empoyees","27.24","'VIIb: Farm Labor'","'Small business owners without employees'"
"1019",1756,"6223","Selbstständige mit Beschäftigten",0,1,5,0,4,1,"6153","6153","Self empl w/1-9 employees","27.24","'IVc: Self-employed Farmer'","'Small business owners with employees'"
"1020",1757,"6223","Selbstständige ohne Beschäftigte",0,1,0,0,4,1,"6153","6153","Self empl w/no empoyees","27.24","'VIIb: Farm Labor'","'Small business owners without employees'"
"1021",1762,"6224","Selbstständige mit Beschäftigten",0,1,5,0,4,1,"6154","6154","Self empl w/1-9 employees","27.24","'IVc: Self-employed Farmer'","'Small business owners with employees'"
"1022",1763,"6224","Selbstständige ohne Beschäftigte",0,1,0,0,4,1,"6154","6154","Self empl w/no empoyees","27.24","'VIIb: Farm Labor'","'Small business owners without employees'"
"1023",1768,"6310","Selbstständige mit Beschäftigten",0,1,5,0,4,1,"6210","6100","Self empl w/1-9 employees","05.00","'IVc: Self-employed Farmer'","'Small business owners with employees'"
"1024",1769,"6310","Selbstständige ohne Beschäftigte",0,1,0,0,4,1,"6210","6100","Self empl w/no empoyees","05.00","'IVc: Self-employed Farmer'","'Small business owners without employees'"
"1025",1774,"6320","Selbstständige mit Beschäftigten",0,1,5,0,4,1,"6210","6100","Self empl w/1-9 employees","05.00","'IVc: Self-employed Farmer'","'Small business owners with employees'"
"1026",1775,"6320","Selbstständige ohne Beschäftigte",0,1,0,0,4,1,"6210","6100","Self empl w/no empoyees","05.00","'IVc: Self-employed Farmer'","'Small business owners without employees'"
"1027",1780,"6330","Selbstständige mit Beschäftigten",0,1,5,0,4,1,"6210","6100","Self empl w/1-9 employees","05.00","'IVc: Self-employed Farmer'","'Small business owners with employees'"
"1028",1781,"6330","Selbstständige ohne Beschäftigte",0,1,0,0,4,1,"6210","6100","Self empl w/no empoyees","05.00","'IVc: Self-employed Farmer'","'Small business owners without employees'"
"1029",1786,"6340","Selbstständige mit Beschäftigten",0,1,5,0,4,1,"6210","6100","Self empl w/1-9 employees","05.00","'IVc: Self-employed Farmer'","'Small business owners with employees'"
"1030",1787,"6340","Selbstständige ohne Beschäftigte",0,1,0,0,4,1,"6210","6100","Self empl w/no empoyees","05.00","'IVc: Self-employed Farmer'","'Small business owners without employees'"
"1031",1792,"7111","Selbstständige mit Beschäftigten",0,1,5,1930,4,1,"7129","7129","Self empl w/1-9 employees","34.10","'IVb: Self-employed with no employees'","'Small business owners with employees'"
"1032",1793,"7111","Selbstständige ohne Beschäftigte",0,1,0,1890,4,1,"7129","7129","Self empl w/no empoyees","34.10","'V: Manual Supervisors'","'Small business owners without employees'"
"1033",1798,"7112","Selbstständige mit Beschäftigten",0,1,5,8740,4,1,"7122","7122","Self empl w/1-9 employees","34.00","'IVb: Self-employed with no employees'","'Small business owners with employees'"
"1034",1799,"7112","Selbstständige ohne Beschäftigte",0,1,0,6750,4,1,"7122","7122","Self empl w/no empoyees","34.00","'VIIa: Unskilled Worker'","'Small business owners without employees'"
"1035",1804,"7113","Selbstständige mit Beschäftigten",0,1,5,2150,4,1,"7113","7113","Self empl w/1-9 employees","38.00","'IVb: Self-employed with no employees'","'Small business owners with employees'"
"1036",1805,"7113","Selbstständige ohne Beschäftigte",0,1,0,1250,4,1,"7113","7113","Self empl w/no empoyees","38.00","'V: Manual Supervisors'","'Small business owners without employees'"
"1037",1810,"7114","Selbstständige mit Beschäftigten",0,1,5,5090,4,1,"7123","7123","Self empl w/1-9 employees","34.00","'IVb: Self-employed with no employees'","'Small business owners with employees'"
"1038",1811,"7114","Selbstständige ohne Beschäftigte",0,1,0,2430,4,1,"7123","7123","Self empl w/no empoyees","34.00","'VIIa: Unskilled Worker'","'Small business owners without employees'"
"1039",1816,"7115","Selbstständige mit Beschäftigten",0,1,5,10180,4,1,"7124","7124","Self empl w/1-9 employees","36.76","'IVb: Self-employed with no employees'","'Small business owners with employees'"
"1040",1817,"7115","Selbstständige ohne Beschäftigte",0,1,0,9240,4,1,"7124","7124","Self empl w/no empoyees","36.76","'V: Manual Supervisors'","'Small business owners without employees'"
"1041",1822,"7119","Selbstständige mit Beschäftigten",0,1,5,2570,4,1,"7129","7129","Self empl w/1-9 employees","29.83","'IVb: Self-employed with no employees'","'Small business owners with employees'"
"1042",1823,"7119","Selbstständige ohne Beschäftigte",0,1,0,1530,4,1,"7129","7129","Self empl w/no empoyees","29.83","'V: Manual Supervisors'","'Small business owners without employees'"
"1043",1828,"7121","Selbstständige mit Beschäftigten",0,1,5,6370,4,1,"7131","7131","Self empl w/1-9 employees","31.00","'IVb: Self-employed with no employees'","'Small business owners with employees'"
"1044",1829,"7121","Selbstständige ohne Beschäftigte",0,1,0,2900,4,1,"7131","7131","Self empl w/no empoyees","31.00","'VIIa: Unskilled Worker'","'Small business owners without employees'"
"1045",1834,"7122","Selbstständige mit Beschäftigten",0,1,5,15450,4,1,"7132","7132","Self empl w/1-9 employees","32.27","'IVb: Self-employed with no employees'","'Small business owners with employees'"
"1046",1835,"7122","Selbstständige ohne Beschäftigte",0,1,0,15080,4,1,"7132","7132","Self empl w/no empoyees","32.27","'V: Manual Supervisors'","'Small business owners without employees'"
"1047",1840,"7123","Selbstständige mit Beschäftigten",0,1,5,16190,4,1,"7133","7133","Self empl w/1-9 employees","31.00","'IVb: Self-employed with no employees'","'Small business owners with employees'"
"1048",1841,"7123","Selbstständige ohne Beschäftigte",0,1,0,17800,4,1,"7133","7133","Self empl w/no empoyees","31.00","'V: Manual Supervisors'","'Small business owners without employees'"
"1049",1846,"7124","Selbstständige mit Beschäftigten",0,1,5,420,4,1,"7134","7134","Self empl w/1-9 employees","28.00","'IVb: Self-employed with no employees'","'Small business owners with employees'"
"1050",1847,"7124","Selbstständige ohne Beschäftigte",0,1,0,300,4,1,"7134","7134","Self empl w/no empoyees","28.00","'V: Manual Supervisors'","'Small business owners without employees'"
"1051",1852,"7125","Selbstständige mit Beschäftigten",0,1,5,1370,4,1,"7135","7135","Self empl w/1-9 employees","26.00","'IVb: Self-employed with no employees'","'Small business owners with employees'"
"1052",1853,"7125","Selbstständige ohne Beschäftigte",0,1,0,490,4,1,"7135","7135","Self empl w/no empoyees","26.00","'VIIa: Unskilled Worker'","'Small business owners without employees'"
"1053",1858,"7126","Selbstständige mit Beschäftigten",0,1,5,14790,4,1,"7136","7136","Self empl w/1-9 employees","34.01","'IVb: Self-employed with no employees'","'Small business owners with employees'"
"1054",1859,"7126","Selbstständige ohne Beschäftigte",0,1,0,5730,4,1,"7136","7136","Self empl w/no empoyees","34.01","'V: Manual Supervisors'","'Small business owners without employees'"
"1055",1864,"7127","Selbstständige mit Beschäftigten",0,1,5,890,4,1,"7240","7240","Self empl w/1-9 employees","32.27","'IVb: Self-employed with no employees'","'Small business owners with employees'"
"1056",1865,"7127","Selbstständige ohne Beschäftigte",0,1,0,310,4,1,"7240","7240","Self empl w/no empoyees","32.27","'V: Manual Supervisors'","'Small business owners without employees'"
"1057",1870,"7131","Selbstständige mit Beschäftigten",0,1,5,11300,4,1,"7141","7141","Self empl w/1-9 employees","30.92","'IVb: Self-employed with no employees'","'Small business owners with employees'"
"1058",1871,"7131","Selbstständige ohne Beschäftigte",0,1,0,8340,4,1,"7141","7141","Self empl w/no empoyees","30.92","'V: Manual Supervisors'","'Small business owners without employees'"
"1059",1876,"7132","Selbstständige mit Beschäftigten",0,1,5,4580,4,1,"7142","7141","Self empl w/1-9 employees","29.00","'IVb: Self-employed with no employees'","'Small business owners with employees'"
"1060",1877,"7132","Selbstständige ohne Beschäftigte",0,1,0,2420,4,1,"7142","7141","Self empl w/no empoyees","29.00","'VIIa: Unskilled Worker'","'Small business owners without employees'"
"1061",1882,"7133","Selbstständige mit Beschäftigten",0,1,5,4340,4,1,"7143","7143","Self empl w/1-9 employees","25.00","'IVb: Self-employed with no employees'","'Small business owners with employees'"
"1062",1883,"7133","Selbstständige ohne Beschäftigte",0,1,0,860,4,1,"7143","7143","Self empl w/no empoyees","25.00","'VIIa: Unskilled Worker'","'Small business owners without employees'"
"1063",1888,"7211","Selbstständige mit Beschäftigten",0,1,5,0,4,1,"7211","7211","Self empl w/1-9 employees","37.45","'IVb: Self-employed with no employees'","'Small business owners with employees'"
"1064",1889,"7211","Selbstständige ohne Beschäftigte",0,1,0,0,4,1,"7211","7211","Self empl w/no empoyees","37.45","'V: Manual Supervisors'","'Small business owners without employees'"
"1065",1894,"7212","Selbstständige mit Beschäftigten",0,1,5,1280,4,1,"7212","7212","Self empl w/1-9 employees","39.00","'IVb: Self-employed with no employees'","'Small business owners with employees'"
"1066",1895,"7212","Selbstständige ohne Beschäftigte",0,1,0,1090,4,1,"7212","7212","Self empl w/no empoyees","39.00","'V: Manual Supervisors'","'Small business owners without employees'"
"1067",1900,"7213","Selbstständige mit Beschäftigten",0,1,5,2200,4,1,"7213","7213","Self empl w/1-9 employees","33.02","'IVb: Self-employed with no employees'","'Small business owners with employees'"
"1068",1901,"7213","Selbstständige ohne Beschäftigte",0,1,0,1380,4,1,"7213","7213","Self empl w/no empoyees","33.02","'V: Manual Supervisors'","'Small business owners without employees'"
"1069",1906,"7214","Selbstständige mit Beschäftigten",0,1,5,4640,4,1,"7214","7214","Self empl w/1-9 employees","44.00","'IVb: Self-employed with no employees'","'Small business owners with employees'"
"1070",1907,"7214","Selbstständige ohne Beschäftigte",0,1,0,2350,4,1,"7214","7214","Self empl w/no empoyees","44.00","'V: Manual Supervisors'","'Small business owners without employees'"
"1071",1912,"7215","Selbstständige mit Beschäftigten",0,1,5,0,4,1,"7215","7215","Self empl w/1-9 employees","32.00","'IVb: Self-employed with no employees'","'Small business owners with employees'"
"1072",1913,"7215","Selbstständige ohne Beschäftigte",0,1,0,0,4,1,"7215","7215","Self empl w/no empoyees","32.00","'V: Manual Supervisors'","'Small business owners without employees'"
"1073",1918,"7221","Selbstständige mit Beschäftigten",0,1,5,1630,4,1,"7221","7221","Self empl w/1-9 employees","35.42","'IVb: Self-employed with no employees'","'Small business owners with employees'"
"1074",1919,"7221","Selbstständige ohne Beschäftigte",0,1,0,1650,4,1,"7221","7221","Self empl w/no empoyees","35.42","'V: Manual Supervisors'","'Small business owners without employees'"
"1075",1924,"7222","Selbstständige mit Beschäftigten",0,1,5,3010,4,1,"7222","7222","Self empl w/1-9 employees","39.96","'IVb: Self-employed with no employees'","'Small business owners with employees'"
"1076",1925,"7222","Selbstständige ohne Beschäftigte",0,1,0,2020,4,1,"7222","7222","Self empl w/no empoyees","39.96","'V: Manual Supervisors'","'Small business owners without employees'"
"1077",1930,"7223","Selbstständige mit Beschäftigten",0,1,5,2430,4,1,"7223","7223","Self empl w/1-9 employees","37.87","'IVb: Self-employed with no employees'","'Small business owners with employees'"
"1078",1931,"7223","Selbstständige ohne Beschäftigte",0,1,0,1120,4,1,"7223","7223","Self empl w/no empoyees","37.87","'V: Manual Supervisors'","'Small business owners without employees'"
"1079",1936,"7224","Selbstständige mit Beschäftigten",0,1,5,480,4,1,"7224","7224","Self empl w/1-9 employees","27.62","'IVb: Self-employed with no employees'","'Small business owners with employees'"
"1080",1937,"7224","Selbstständige ohne Beschäftigte",0,1,0,560,4,1,"7224","7224","Self empl w/no empoyees","27.62","'V: Manual Supervisors'","'Small business owners without employees'"
"1081",1942,"7231","Selbstständige mit Beschäftigten",0,1,5,12630,4,1,"7231","7231","Self empl w/1-9 employees","44.00","'IVb: Self-employed with no employees'","'Small business owners with employees'"
"1082",1943,"7231","Selbstständige ohne Beschäftigte",0,1,0,7290,4,1,"7231","7231","Self empl w/no empoyees","44.00","'V: Manual Supervisors'","'Small business owners without employees'"
"1083",1948,"7232","Selbstständige mit Beschäftigten",0,1,5,0,4,1,"7232","7232","Self empl w/1-9 employees","49.89","'IVb: Self-employed with no employees'","'Small business owners with employees'"
"1084",1949,"7232","Selbstständige ohne Beschäftigte",0,1,0,0,4,1,"7232","7232","Self empl w/no empoyees","49.89","'V: Manual Supervisors'","'Small business owners without employees'"
"1085",1954,"7233","Selbstständige mit Beschäftigten",0,1,5,10160,4,1,"7233","7233","Self empl w/1-9 employees","42.17","'IVb: Self-employed with no employees'","'Small business owners with employees'"
"1086",1955,"7233","Selbstständige ohne Beschäftigte",0,1,0,5780,4,1,"7233","7233","Self empl w/no empoyees","42.17","'V: Manual Supervisors'","'Small business owners without employees'"
"1087",1960,"7234","Selbstständige mit Beschäftigten",0,1,5,1180,4,1,"7231","7231","Self empl w/1-9 employees","28.00","'IVb: Self-employed with no employees'","'Small business owners with employees'"
"1088",1961,"7234","Selbstständige ohne Beschäftigte",0,1,0,870,4,1,"7231","7231","Self empl w/no empoyees","28.00","'V: Manual Supervisors'","'Small business owners without employees'"
"1089",1966,"7311","Selbstständige mit Beschäftigten",0,1,5,1520,4,1,"7311","7311","Self empl w/1-9 employees","43.52","'IVb: Self-employed with no employees'","'Small business owners with employees'"
"1090",1967,"7311","Selbstständige ohne Beschäftigte",0,1,0,1030,4,1,"7311","7311","Self empl w/no empoyees","43.52","'V: Manual Supervisors'","'Small business owners without employees'"
"1091",1972,"7312","Selbstständige mit Beschäftigten",0,1,5,790,4,1,"7312","7312","Self empl w/1-9 employees","33.00","'IVb: Self-employed with no employees'","'Small business owners with employees'"
"1092",1973,"7312","Selbstständige ohne Beschäftigte",0,1,0,1020,4,1,"7312","7312","Self empl w/no empoyees","33.00","'V: Manual Supervisors'","'Small business owners without employees'"
"1093",1978,"7313","Selbstständige mit Beschäftigten",0,1,5,1850,4,1,"7313","7313","Self empl w/1-9 employees","43.00","'IVb: Self-employed with no employees'","'Small business owners with employees'"
"1094",1979,"7313","Selbstständige ohne Beschäftigte",0,1,0,2580,4,1,"7313","7313","Self empl w/no empoyees","43.00","'V: Manual Supervisors'","'Small business owners without employees'"
"1095",1984,"7314","Selbstständige mit Beschäftigten",0,1,5,410,4,1,"7321","7321","Self empl w/1-9 employees","25.00","'IVb: Self-employed with no employees'","'Small business owners with employees'"
"1096",1985,"7314","Selbstständige ohne Beschäftigte",0,1,0,1050,4,1,"7321","7321","Self empl w/no empoyees","25.00","'VIIa: Unskilled Worker'","'Small business owners without employees'"
"1097",1990,"7315","Selbstständige mit Beschäftigten",0,1,5,0,4,1,"7322","7322","Self empl w/1-9 employees","32.48","'IVb: Self-employed with no employees'","'Small business owners with employees'"
"1098",1991,"7315","Selbstständige ohne Beschäftigte",0,1,0,220,4,1,"7322","7322","Self empl w/no empoyees","32.48","'VIIa: Unskilled Worker'","'Small business owners without employees'"
"1099",1996,"7316","Selbstständige mit Beschäftigten",0,1,5,2300,4,1,"3471","3471","Self empl w/1-9 employees","31.00","'II: Lower Controllers'","'Small business owners with employees'"
"1100",1997,"7316","Selbstständige ohne Beschäftigte",0,1,0,2210,4,1,"3471","3471","Self empl w/no empoyees","31.00","'I: Higher Controllers'","'Small business owners without employees'"
"1101",2002,"7317","Selbstständige mit Beschäftigten",0,1,5,0,4,1,"7331","7331","Self empl w/1-9 employees","21.00","'IVb: Self-employed with no employees'","'Small business owners with employees'"
"1102",2003,"7317","Selbstständige ohne Beschäftigte",0,1,0,430,4,1,"7331","7331","Self empl w/no empoyees","21.00","'VIIa: Unskilled Worker'","'Small business owners without employees'"
"1103",2008,"7318","Selbstständige mit Beschäftigten",0,1,5,240,4,1,"7332","7332","Self empl w/1-9 employees","35.06","'IVb: Self-employed with no employees'","'Small business owners with employees'"
"1104",2009,"7318","Selbstständige ohne Beschäftigte",0,1,0,570,4,1,"7332","7332","Self empl w/no empoyees","35.06","'VIIa: Unskilled Worker'","'Small business owners without employees'"
"1105",2014,"7319","Selbstständige mit Beschäftigten",0,1,5,470,4,1,"7330","7330","Self empl w/1-9 employees","35.06","'IVb: Self-employed with no employees'","'Small business owners with employees'"
"1106",2015,"7319","Selbstständige ohne Beschäftigte",0,1,0,1600,4,1,"7330","7330","Self empl w/no empoyees","35.06","'VIIa: Unskilled Worker'","'Small business owners without employees'"
"1107",2020,"7321","Selbstständige mit Beschäftigten",0,1,5,3200,4,1,"7340","7340","Self empl w/1-9 employees","42.31","'IVb: Self-employed with no employees'","'Small business owners with employees'"
"1108",2021,"7321","Selbstständige ohne Beschäftigte",0,1,0,7000,4,1,"7340","7340","Self empl w/no empoyees","42.31","'V: Manual Supervisors'","'Small business owners without employees'"
"1109",2026,"7322","Selbstständige mit Beschäftigten",0,1,5,1540,4,1,"7340","7340","Self empl w/1-9 employees","41.08","'IVb: Self-employed with no employees'","'Small business owners with employees'"
"1110",2027,"7322","Selbstständige ohne Beschäftigte",0,1,0,830,4,1,"7340","7340","Self empl w/no empoyees","41.08","'V: Manual Supervisors'","'Small business owners without employees'"
"1111",2032,"7323","Selbstständige mit Beschäftigten",0,1,5,310,4,1,"7345","7345","Self empl w/1-9 employees","32.00","'IVb: Self-employed with no employees'","'Small business owners with employees'"
"1112",2033,"7323","Selbstständige ohne Beschäftigte",0,1,0,320,4,1,"7345","7345","Self empl w/no empoyees","32.00","'V: Manual Supervisors'","'Small business owners without employees'"
"1113",2038,"7411","Selbstständige mit Beschäftigten",0,1,5,7410,4,1,"7137","7137","Self empl w/1-9 employees","44.01","'IVb: Self-employed with no employees'","'Small business owners with employees'"
"1114",2039,"7411","Selbstständige ohne Beschäftigte",0,1,0,5040,4,1,"7137","7137","Self empl w/no empoyees","44.01","'V: Manual Supervisors'","'Small business owners without employees'"
"1115",2044,"7412","Selbstständige mit Beschäftigten",0,1,5,3250,4,1,"7241","7241","Self empl w/1-9 employees","38.00","'IVb: Self-employed with no employees'","'Small business owners with employees'"
"1116",2045,"7412","Selbstständige ohne Beschäftigte",0,1,0,2250,4,1,"7241","7241","Self empl w/no empoyees","38.00","'V: Manual Supervisors'","'Small business owners without employees'"
"1117",2050,"7413","Selbstständige mit Beschäftigten",0,1,5,250,4,1,"7245","7245","Self empl w/1-9 employees","36.00","'IVb: Self-employed with no employees'","'Small business owners with employees'"
"1118",2051,"7413","Selbstständige ohne Beschäftigte",0,1,0,0,4,1,"7245","7245","Self empl w/no empoyees","36.00","'V: Manual Supervisors'","'Small business owners without employees'"
"1119",2056,"7421","Selbstständige mit Beschäftigten",0,1,5,1290,4,1,"7242","7242","Self empl w/1-9 employees","44.15","'IVb: Self-employed with no employees'","'Small business owners with employees'"
"1120",2057,"7421","Selbstständige ohne Beschäftigte",0,1,0,1180,4,1,"7242","7242","Self empl w/no empoyees","44.15","'V: Manual Supervisors'","'Small business owners without employees'"
"1121",2062,"7422","Selbstständige mit Beschäftigten",0,1,5,5620,4,1,"7243","7242","Self empl w/1-9 employees","35.00","'IVb: Self-employed with no employees'","'Small business owners with employees'"
"1122",2063,"7422","Selbstständige ohne Beschäftigte",0,1,0,5860,4,1,"7243","7242","Self empl w/no empoyees","35.00","'V: Manual Supervisors'","'Small business owners without employees'"
"1123",2068,"7511","Selbstständige mit Beschäftigten",0,1,5,2610,4,1,"7411","7411","Self empl w/1-9 employees","23.79","'IVb: Self-employed with no employees'","'Small business owners with employees'"
"1124",2069,"7511","Selbstständige ohne Beschäftigte",0,1,0,440,4,1,"7411","7411","Self empl w/no empoyees","23.79","'V: Manual Supervisors'","'Small business owners without employees'"
"1125",2074,"7512","Selbstständige mit Beschäftigten",0,1,5,4270,4,1,"7412","7412","Self empl w/1-9 employees","33.00","'IVb: Self-employed with no employees'","'Small business owners with employees'"
"1126",2075,"7512","Selbstständige ohne Beschäftigte",0,1,0,1090,4,1,"7412","7412","Self empl w/no empoyees","33.00","'V: Manual Supervisors'","'Small business owners without employees'"
"1127",2080,"7513","Selbstständige mit Beschäftigten",0,1,5,400,4,1,"7413","7413","Self empl w/1-9 employees","34.00","'IVb: Self-employed with no employees'","'Small business owners with employees'"
"1128",2081,"7513","Selbstständige ohne Beschäftigte",0,1,0,0,4,1,"7413","7413","Self empl w/no empoyees","34.00","'V: Manual Supervisors'","'Small business owners without employees'"
"1129",2086,"7514","Selbstständige mit Beschäftigten",0,1,5,0,4,1,"7414","7414","Self empl w/1-9 employees","30.11","'IVb: Self-employed with no employees'","'Small business owners with employees'"
"1130",2087,"7514","Selbstständige ohne Beschäftigte",0,1,0,0,4,1,"7414","7414","Self empl w/no empoyees","30.11","'V: Manual Supervisors'","'Small business owners without employees'"
"1131",2092,"7515","Selbstständige mit Beschäftigten",0,1,5,0,4,1,"7415","7415","Self empl w/1-9 employees","34.00","'IVb: Self-employed with no employees'","'Small business owners with employees'"
"1132",2093,"7515","Selbstständige ohne Beschäftigte",0,1,0,0,4,1,"7415","7415","Self empl w/no empoyees","34.00","'V: Manual Supervisors'","'Small business owners without employees'"
"1133",2098,"7516","Selbstständige mit Beschäftigten",0,1,5,0,4,1,"7416","7416","Self empl w/1-9 employees","34.18","'IVb: Self-employed with no employees'","'Small business owners with employees'"
"1134",2099,"7516","Selbstständige ohne Beschäftigte",0,1,0,0,4,1,"7416","7416","Self empl w/no empoyees","34.18","'V: Manual Supervisors'","'Small business owners without employees'"
"1135",2104,"7521","Selbstständige mit Beschäftigten",0,1,5,0,4,1,"7421","7421","Self empl w/1-9 employees","39.41","'IVb: Self-employed with no employees'","'Small business owners with employees'"
"1136",2105,"7521","Selbstständige ohne Beschäftigte",0,1,0,0,4,1,"7421","7421","Self empl w/no empoyees","39.41","'VIIa: Unskilled Worker'","'Small business owners without employees'"
"1137",2110,"7522","Selbstständige mit Beschäftigten",0,1,5,14750,4,1,"7422","7422","Self empl w/1-9 employees","39.99","'IVb: Self-employed with no employees'","'Small business owners with employees'"
"1138",2111,"7522","Selbstständige ohne Beschäftigte",0,1,0,12020,4,1,"7422","7422","Self empl w/no empoyees","39.99","'V: Manual Supervisors'","'Small business owners without employees'"
"1139",2116,"7523","Selbstständige mit Beschäftigten",0,1,5,1870,4,1,"7423","7423","Self empl w/1-9 employees","36.00","'IVb: Self-employed with no employees'","'Small business owners with employees'"
"1140",2117,"7523","Selbstständige ohne Beschäftigte",0,1,0,1310,4,1,"7423","7423","Self empl w/no empoyees","36.00","'V: Manual Supervisors'","'Small business owners without employees'"
"1141",2122,"7531","Selbstständige mit Beschäftigten",0,1,5,3290,4,1,"7434","7434","Self empl w/1-9 employees","38.57","'IVb: Self-employed with no employees'","'Small business owners with employees'"
"1142",2123,"7531","Selbstständige ohne Beschäftigte",0,1,0,5180,4,1,"7434","7434","Self empl w/no empoyees","38.57","'V: Manual Supervisors'","'Small business owners without employees'"
"1143",2128,"7532","Selbstständige mit Beschäftigten",0,1,5,0,4,1,"7435","7435","Self empl w/1-9 employees","41.00","'IVb: Self-employed with no employees'","'Small business owners with employees'"
"1144",2129,"7532","Selbstständige ohne Beschäftigte",0,1,0,0,4,1,"7435","7435","Self empl w/no empoyees","41.00","'V: Manual Supervisors'","'Small business owners without employees'"
"1145",2134,"7533","Selbstständige mit Beschäftigten",0,1,5,870,4,1,"7436","7436","Self empl w/1-9 employees","26.00","'IVb: Self-employed with no employees'","'Small business owners with employees'"
"1146",2135,"7533","Selbstständige ohne Beschäftigte",0,1,0,1250,4,1,"7436","7436","Self empl w/no empoyees","26.00","'V: Manual Supervisors'","'Small business owners without employees'"
"1147",2140,"7534","Selbstständige mit Beschäftigten",0,1,5,900,4,1,"7437","7437","Self empl w/1-9 employees","31.00","'IVb: Self-employed with no employees'","'Small business owners with employees'"
"1148",2141,"7534","Selbstständige ohne Beschäftigte",0,1,0,970,4,1,"7437","7437","Self empl w/no empoyees","31.00","'V: Manual Supervisors'","'Small business owners without employees'"
"1149",2146,"7535","Selbstständige mit Beschäftigten",0,1,5,0,4,1,"7441","7441","Self empl w/1-9 employees","22.00","'IVb: Self-employed with no employees'","'Small business owners with employees'"
"1150",2147,"7535","Selbstständige ohne Beschäftigte",0,1,0,0,4,1,"7441","7441","Self empl w/no empoyees","22.00","'V: Manual Supervisors'","'Small business owners without employees'"
"1151",2152,"7536","Selbstständige mit Beschäftigten",0,1,5,1520,4,1,"7442","7442","Self empl w/1-9 employees","27.37","'IVb: Self-employed with no employees'","'Small business owners with employees'"
"1152",2153,"7536","Selbstständige ohne Beschäftigte",0,1,0,1300,4,1,"7442","7442","Self empl w/no empoyees","27.37","'V: Manual Supervisors'","'Small business owners without employees'"
"1153",2158,"7541","Selbstständige mit Beschäftigten",0,1,5,0,4,1,"7216","7216","Self empl w/1-9 employees","39.22","'IVb: Self-employed with no employees'","'Small business owners with employees'"
"1154",2159,"7541","Selbstständige ohne Beschäftigte",0,1,0,0,4,1,"7216","7216","Self empl w/no empoyees","39.22","'V: Manual Supervisors'","'Small business owners without employees'"
"1155",2164,"7542","Selbstständige mit Beschäftigten",0,1,5,0,4,1,"7112","7112","Self empl w/1-9 employees","39.22","'IVb: Self-employed with no employees'","'Small business owners with employees'"
"1156",2165,"7542","Selbstständige ohne Beschäftigte",0,1,0,0,4,1,"7112","7112","Self empl w/no empoyees","39.22","'V: Manual Supervisors'","'Small business owners without employees'"
"1157",2170,"7543","Selbstständige mit Beschäftigten",0,1,5,700,4,1,"3152","3152","Self empl w/1-9 employees","38.81","'II: Lower Controllers'","'Small business owners with employees'"
"1158",2171,"7543","Selbstständige ohne Beschäftigte",0,1,0,980,4,1,"3152","3152","Self empl w/no empoyees","38.81","'I: Higher Controllers'","'Small business owners without employees'"
"1159",2176,"7544","Selbstständige mit Beschäftigten",0,1,5,480,4,1,"7143","7143","Self empl w/1-9 employees","39.22","'IVb: Self-employed with no employees'","'Small business owners with employees'"
"1160",2177,"7544","Selbstständige ohne Beschäftigte",0,1,0,0,4,1,"7143","7143","Self empl w/no empoyees","39.22","'VIIa: Unskilled Worker'","'Small business owners without employees'"
"1161",2182,"7549","Selbstständige mit Beschäftigten",0,1,5,7440,4,1,"7000","7000","Self empl w/1-9 employees","41.00","'IVb: Self-employed with no employees'","'Small business owners with employees'"
"1162",2183,"7549","Selbstständige ohne Beschäftigte",0,1,0,3370,4,1,"7000","7000","Self empl w/no empoyees","41.00","'V: Manual Supervisors'","'Small business owners without employees'"
"1163",2188,"8111","Selbstständige mit Beschäftigten",0,1,5,0,4,1,"7111","7111","Self empl w/1-9 employees","32.25","'IVb: Self-employed with no employees'","'Small business owners with employees'"
"1164",2189,"8111","Selbstständige ohne Beschäftigte",0,1,0,0,4,1,"7111","7111","Self empl w/no empoyees","32.25","'V: Manual Supervisors'","'Small business owners without employees'"
"1165",2194,"8112","Selbstständige mit Beschäftigten",0,1,5,1450,4,1,"8112","8112","Self empl w/1-9 employees","32.00","'IVb: Self-employed with no employees'","'Small business owners with employees'"
"1166",2195,"8112","Selbstständige ohne Beschäftigte",0,1,0,1060,4,1,"8112","8112","Self empl w/no empoyees","32.00","'V: Manual Supervisors'","'Small business owners without employees'"
"1167",2200,"8113","Selbstständige mit Beschäftigten",0,1,5,0,4,1,"8113","8113","Self empl w/1-9 employees","31.00","'IVb: Self-employed with no employees'","'Small business owners with employees'"
"1168",2201,"8113","Selbstständige ohne Beschäftigte",0,1,0,0,4,1,"8113","8113","Self empl w/no empoyees","31.00","'V: Manual Supervisors'","'Small business owners without employees'"
"1169",2206,"8114","Selbstständige mit Beschäftigten",0,1,5,290,4,1,"8212","8212","Self empl w/1-9 employees","30.00","'IVb: Self-employed with no employees'","'Small business owners with employees'"
"1170",2207,"8114","Selbstständige ohne Beschäftigte",0,1,0,0,4,1,"8212","8212","Self empl w/no empoyees","30.00","'VIIa: Unskilled Worker'","'Small business owners without employees'"
"1171",2212,"8121","Selbstständige mit Beschäftigten",0,1,5,250,4,1,"8120","8120","Self empl w/1-9 employees","41.13","'IVb: Self-employed with no employees'","'Small business owners with employees'"
"1172",2213,"8121","Selbstständige ohne Beschäftigte",0,1,0,0,4,1,"8120","8120","Self empl w/no empoyees","41.13","'V: Manual Supervisors'","'Small business owners without employees'"
"1173",2218,"8122","Selbstständige mit Beschäftigten",0,1,5,390,4,1,"8223","8223","Self empl w/1-9 employees","28.00","'IVb: Self-employed with no employees'","'Small business owners with employees'"
"1174",2219,"8122","Selbstständige ohne Beschäftigte",0,1,0,0,4,1,"8223","8223","Self empl w/no empoyees","28.00","'VIIa: Unskilled Worker'","'Small business owners without employees'"
"1175",2224,"8131","Selbstständige mit Beschäftigten",0,1,5,0,4,1,"8220","8220","Self empl w/1-9 employees","31.55","'IVb: Self-employed with no employees'","'Small business owners with employees'"
"1176",2225,"8131","Selbstständige ohne Beschäftigte",0,1,0,0,4,1,"8220","8220","Self empl w/no empoyees","31.55","'VIIa: Unskilled Worker'","'Small business owners without employees'"
"1177",2230,"8132","Selbstständige mit Beschäftigten",0,1,5,0,4,1,"8224","8224","Self empl w/1-9 employees","36.00","'IVb: Self-employed with no employees'","'Small business owners with employees'"
"1178",2231,"8132","Selbstständige ohne Beschäftigte",0,1,0,0,4,1,"8224","8224","Self empl w/no empoyees","36.00","'VIIa: Unskilled Worker'","'Small business owners without employees'"
"1179",2236,"8141","Selbstständige mit Beschäftigten",0,1,5,0,4,1,"8231","8231","Self empl w/1-9 employees","30.00","'IVb: Self-employed with no employees'","'Small business owners with employees'"
"1180",2237,"8141","Selbstständige ohne Beschäftigte",0,1,0,0,4,1,"8231","8231","Self empl w/no empoyees","30.00","'VIIa: Unskilled Worker'","'Small business owners without employees'"
"1181",2242,"8142","Selbstständige mit Beschäftigten",0,1,5,360,4,1,"8232","8232","Self empl w/1-9 employees","29.30","'IVb: Self-employed with no employees'","'Small business owners with employees'"
"1182",2243,"8142","Selbstständige ohne Beschäftigte",0,1,0,0,4,1,"8232","8232","Self empl w/no empoyees","29.30","'VIIa: Unskilled Worker'","'Small business owners without employees'"
"1183",2248,"8143","Selbstständige mit Beschäftigten",0,1,5,0,4,1,"8253","8253","Self empl w/1-9 employees","28.00","'IVb: Self-employed with no employees'","'Small business owners with employees'"
"1184",2249,"8143","Selbstständige ohne Beschäftigte",0,1,0,0,4,1,"8253","8253","Self empl w/no empoyees","28.00","'VIIa: Unskilled Worker'","'Small business owners without employees'"
"1185",2254,"8151","Selbstständige mit Beschäftigten",0,1,5,0,4,1,"8261","8261","Self empl w/1-9 employees","32.64","'IVb: Self-employed with no employees'","'Small business owners with employees'"
"1186",2255,"8151","Selbstständige ohne Beschäftigte",0,1,0,0,4,1,"8261","8261","Self empl w/no empoyees","32.64","'VIIa: Unskilled Worker'","'Small business owners without employees'"
"1187",2260,"8152","Selbstständige mit Beschäftigten",0,1,5,0,4,1,"8262","8262","Self empl w/1-9 employees","30.20","'IVb: Self-employed with no employees'","'Small business owners with employees'"
"1188",2261,"8152","Selbstständige ohne Beschäftigte",0,1,0,0,4,1,"8262","8262","Self empl w/no empoyees","30.20","'VIIa: Unskilled Worker'","'Small business owners without employees'"
"1189",2266,"8153","Selbstständige mit Beschäftigten",0,1,5,290,4,1,"8263","8263","Self empl w/1-9 employees","27.86","'IVb: Self-employed with no employees'","'Small business owners with employees'"
"1190",2267,"8153","Selbstständige ohne Beschäftigte",0,1,0,820,4,1,"8263","8263","Self empl w/no empoyees","27.86","'VIIa: Unskilled Worker'","'Small business owners without employees'"
"1191",2272,"8154","Selbstständige mit Beschäftigten",0,1,5,270,4,1,"8264","8264","Self empl w/1-9 employees","23.32","'IVb: Self-employed with no employees'","'Small business owners with employees'"
"1192",2273,"8154","Selbstständige ohne Beschäftigte",0,1,0,250,4,1,"8264","8264","Self empl w/no empoyees","23.32","'VIIa: Unskilled Worker'","'Small business owners without employees'"
"1193",2278,"8155","Selbstständige mit Beschäftigten",0,1,5,0,4,1,"8265","8265","Self empl w/1-9 employees","27.86","'IVb: Self-employed with no employees'","'Small business owners with employees'"
"1194",2279,"8155","Selbstständige ohne Beschäftigte",0,1,0,0,4,1,"8265","8265","Self empl w/no empoyees","27.86","'VIIa: Unskilled Worker'","'Small business owners without employees'"
"1195",2284,"8156","Selbstständige mit Beschäftigten",0,1,5,0,4,1,"8266","8266","Self empl w/1-9 employees","27.86","'IVb: Self-employed with no employees'","'Small business owners with employees'"
"1196",2285,"8156","Selbstständige ohne Beschäftigte",0,1,0,0,4,1,"8266","8266","Self empl w/no empoyees","27.86","'VIIa: Unskilled Worker'","'Small business owners without employees'"
"1197",2290,"8157","Selbstständige mit Beschäftigten",0,1,5,1280,4,1,"8264","8264","Self empl w/1-9 employees","27.86","'IVb: Self-employed with no employees'","'Small business owners with employees'"
"1198",2291,"8157","Selbstständige ohne Beschäftigte",0,1,0,920,4,1,"8264","8264","Self empl w/no empoyees","27.86","'VIIa: Unskilled Worker'","'Small business owners without employees'"
"1199",2296,"8159","Selbstständige mit Beschäftigten",0,1,5,0,4,1,"8269","8269","Self empl w/1-9 employees","27.86","'IVb: Self-employed with no employees'","'Small business owners with employees'"
"1200",2297,"8159","Selbstständige ohne Beschäftigte",0,1,0,0,4,1,"8269","8269","Self empl w/no empoyees","27.86","'VIIa: Unskilled Worker'","'Small business owners without employees'"
"1201",2302,"8160","Selbstständige mit Beschäftigten",0,1,5,2490,4,1,"8270","8270","Self empl w/1-9 employees","36.28","'IVb: Self-employed with no employees'","'Small business owners with employees'"
"1202",2303,"8160","Selbstständige ohne Beschäftigte",0,1,0,1410,4,1,"8270","8270","Self empl w/no empoyees","36.28","'VIIa: Unskilled Worker'","'Small business owners without employees'"
"1203",2308,"8171","Selbstständige mit Beschäftigten",0,1,5,0,4,1,"8140","8140","Self empl w/1-9 employees","28.00","'IVb: Self-employed with no employees'","'Small business owners with employees'"
"1204",2309,"8171","Selbstständige ohne Beschäftigte",0,1,0,0,4,1,"8140","8140","Self empl w/no empoyees","28.00","'VIIa: Unskilled Worker'","'Small business owners without employees'"
"1205",2314,"8172","Selbstständige mit Beschäftigten",0,1,5,380,4,1,"8141","8141","Self empl w/1-9 employees","29.95","'IVb: Self-employed with no employees'","'Small business owners with employees'"
"1206",2315,"8172","Selbstständige ohne Beschäftigte",0,1,0,370,4,1,"8141","8141","Self empl w/no empoyees","29.95","'VIIa: Unskilled Worker'","'Small business owners without employees'"
"1207",2320,"8181","Selbstständige mit Beschäftigten",0,1,5,330,4,1,"8131","8131","Self empl w/1-9 employees","25.00","'IVb: Self-employed with no employees'","'Small business owners with employees'"
"1208",2321,"8181","Selbstständige ohne Beschäftigte",0,1,0,0,4,1,"8131","8131","Self empl w/no empoyees","25.00","'VIIa: Unskilled Worker'","'Small business owners without employees'"
"1209",2326,"8182","Selbstständige mit Beschäftigten",0,1,5,0,4,1,"8162","8162","Self empl w/1-9 employees","25.00","'IVb: Self-employed with no employees'","'Small business owners with employees'"
"1210",2327,"8182","Selbstständige ohne Beschäftigte",0,1,0,0,4,1,"8162","8162","Self empl w/no empoyees","25.00","'V: Manual Supervisors'","'Small business owners without employees'"
"1211",2332,"8183","Selbstständige mit Beschäftigten",0,1,5,0,4,1,"8290","8290","Self empl w/1-9 employees","25.00","'IVb: Self-employed with no employees'","'Small business owners with employees'"
"1212",2333,"8183","Selbstständige ohne Beschäftigte",0,1,0,0,4,1,"8290","8290","Self empl w/no empoyees","25.00","'VIIa: Unskilled Worker'","'Small business owners without employees'"
"1213",2338,"8189","Selbstständige mit Beschäftigten",0,1,5,410,4,1,"8290","8290","Self empl w/1-9 employees","25.00","'IVb: Self-employed with no employees'","'Small business owners with employees'"
"1214",2339,"8189","Selbstständige ohne Beschäftigte",0,1,0,430,4,1,"8290","8290","Self empl w/no empoyees","25.00","'VIIa: Unskilled Worker'","'Small business owners without employees'"
"1215",2344,"8211","Selbstständige mit Beschäftigten",0,1,5,650,4,1,"8281","8281","Self empl w/1-9 employees","39.34","'IVb: Self-employed with no employees'","'Small business owners with employees'"
"1216",2345,"8211","Selbstständige ohne Beschäftigte",0,1,0,940,4,1,"8281","8281","Self empl w/no empoyees","39.34","'VIIa: Unskilled Worker'","'Small business owners without employees'"
"1217",2350,"8212","Selbstständige mit Beschäftigten",0,1,5,0,4,1,"8283","8283","Self empl w/1-9 employees","48.00","'IVb: Self-employed with no employees'","'Small business owners with employees'"
"1218",2351,"8212","Selbstständige ohne Beschäftigte",0,1,0,250,4,1,"8283","8283","Self empl w/no empoyees","48.00","'VIIa: Unskilled Worker'","'Small business owners without employees'"
"1219",2356,"8219","Selbstständige mit Beschäftigten",0,1,5,0,4,1,"8290","8290","Self empl w/1-9 employees","39.34","'IVb: Self-employed with no employees'","'Small business owners with employees'"
"1220",2357,"8219","Selbstständige ohne Beschäftigte",0,1,0,0,4,1,"8290","8290","Self empl w/no empoyees","39.34","'VIIa: Unskilled Worker'","'Small business owners without employees'"
"1221",2362,"8311","Selbstständige mit Beschäftigten",0,1,5,0,4,1,"8311","8311","Self empl w/1-9 employees","39.41","'IVb: Self-employed with no employees'","'Small business owners with employees'"
"1222",2363,"8311","Selbstständige ohne Beschäftigte",0,1,0,0,4,1,"8311","8311","Self empl w/no empoyees","39.41","'V: Manual Supervisors'","'Small business owners without employees'"
"1223",2368,"8312","Selbstständige mit Beschäftigten",0,1,5,0,4,1,"8312","8312","Self empl w/1-9 employees","29.09","'IVb: Self-employed with no employees'","'Small business owners with employees'"
"1224",2369,"8312","Selbstständige ohne Beschäftigte",0,1,0,0,4,1,"8312","8312","Self empl w/no empoyees","29.09","'VIIa: Unskilled Worker'","'Small business owners without employees'"
"1225",2374,"8321","Selbstständige mit Beschäftigten",0,1,5,0,4,1,"8321","8321","Self empl w/1-9 employees","30.76","'IVb: Self-employed with no employees'","'Small business owners with employees'"
"1226",2375,"8321","Selbstständige ohne Beschäftigte",0,1,0,0,4,1,"8321","8321","Self empl w/no empoyees","30.76","'VIIa: Unskilled Worker'","'Small business owners without employees'"
"1227",2380,"8322","Selbstständige mit Beschäftigten",0,1,5,10270,4,1,"8322","8322","Self empl w/1-9 employees","30.76","'IVb: Self-employed with no employees'","'Small business owners with employees'"
"1228",2381,"8322","Selbstständige ohne Beschäftigte",0,1,0,8580,4,1,"8322","8322","Self empl w/no empoyees","30.76","'VIIa: Unskilled Worker'","'Small business owners without employees'"
"1229",2386,"8331","Selbstständige mit Beschäftigten",0,1,5,1280,4,1,"8323","8323","Self empl w/1-9 employees","32.00","'IVb: Self-employed with no employees'","'Small business owners with employees'"
"1230",2387,"8331","Selbstständige ohne Beschäftigte",0,1,0,790,4,1,"8323","8323","Self empl w/no empoyees","32.00","'VIIa: Unskilled Worker'","'Small business owners without employees'"
"1231",2392,"8332","Selbstständige mit Beschäftigten",0,1,5,7350,4,1,"8324","8324","Self empl w/1-9 employees","33.00","'IVb: Self-employed with no employees'","'Small business owners with employees'"
"1232",2393,"8332","Selbstständige ohne Beschäftigte",0,1,0,4350,4,1,"8324","8324","Self empl w/no empoyees","33.00","'VIIa: Unskilled Worker'","'Small business owners without employees'"
"1233",2398,"8341","Selbstständige mit Beschäftigten",0,1,5,400,4,1,"8331","8331","Self empl w/1-9 employees","31.00","'IVc: Self-employed Farmer'","'Small business owners with employees'"
"1234",2399,"8341","Selbstständige ohne Beschäftigte",0,1,0,350,4,1,"8331","8331","Self empl w/no empoyees","31.00","'VIIb: Farm Labor'","'Small business owners without employees'"
"1235",2404,"8342","Selbstständige mit Beschäftigten",0,1,5,2380,4,1,"8332","8332","Self empl w/1-9 employees","32.00","'IVb: Self-employed with no employees'","'Small business owners with employees'"
"1236",2405,"8342","Selbstständige ohne Beschäftigte",0,1,0,1720,4,1,"8332","8332","Self empl w/no empoyees","32.00","'V: Manual Supervisors'","'Small business owners without employees'"
"1237",2410,"8343","Selbstständige mit Beschäftigten",0,1,5,280,4,1,"8333","8333","Self empl w/1-9 employees","32.39","'IVb: Self-employed with no employees'","'Small business owners with employees'"
"1238",2411,"8343","Selbstständige ohne Beschäftigte",0,1,0,420,4,1,"8333","8333","Self empl w/no empoyees","32.39","'V: Manual Supervisors'","'Small business owners without employees'"
"1239",2416,"8344","Selbstständige mit Beschäftigten",0,1,5,0,4,1,"8334","8334","Self empl w/1-9 employees","28.00","'IVb: Self-employed with no employees'","'Small business owners with employees'"
"1240",2417,"8344","Selbstständige ohne Beschäftigte",0,1,0,0,4,1,"8334","8334","Self empl w/no empoyees","28.00","'VIIa: Unskilled Worker'","'Small business owners without employees'"
"1241",2422,"8350","Selbstständige mit Beschäftigten",0,1,5,0,4,1,"8340","8340","Self empl w/1-9 employees","28.69","'IVb: Self-employed with no employees'","'Small business owners with employees'"
"1242",2423,"8350","Selbstständige ohne Beschäftigte",0,1,0,0,4,1,"8340","8340","Self empl w/no empoyees","28.69","'VIIa: Unskilled Worker'","'Small business owners without employees'"
"1243",2428,"9111","Selbstständige mit Beschäftigten",0,1,5,1980,4,1,"9131","9131","Self empl w/1-9 employees","20.00","'IVb: Self-employed with no employees'","'Small business owners with employees'"
"1244",2429,"9111","Selbstständige ohne Beschäftigte",0,1,0,3420,4,1,"9131","9131","Self empl w/no empoyees","20.00","'VIIa: Unskilled Worker'","'Small business owners without employees'"
"1245",2434,"9112","Selbstständige mit Beschäftigten",0,1,5,11250,4,1,"9132","9132","Self empl w/1-9 employees","20.00","'IVb: Self-employed with no employees'","'Small business owners with employees'"
"1246",2435,"9112","Selbstständige ohne Beschäftigte",0,1,0,9470,4,1,"9132","9132","Self empl w/no empoyees","20.00","'VIIa: Unskilled Worker'","'Small business owners without employees'"
"1247",2440,"9121","Selbstständige mit Beschäftigten",0,1,5,0,4,1,"9133","9133","Self empl w/1-9 employees","20.03","'IVb: Self-employed with no employees'","'Small business owners with employees'"
"1248",2441,"9121","Selbstständige ohne Beschäftigte",0,1,0,0,4,1,"9133","9133","Self empl w/no empoyees","20.03","'VIIa: Unskilled Worker'","'Small business owners without employees'"
"1249",2446,"9122","Selbstständige mit Beschäftigten",0,1,5,920,4,1,"9142","9142","Self empl w/1-9 employees","20.03","'IVb: Self-employed with no employees'","'Small business owners with employees'"
"1250",2447,"9122","Selbstständige ohne Beschäftigte",0,1,0,740,4,1,"9142","9142","Self empl w/no empoyees","20.03","'VIIa: Unskilled Worker'","'Small business owners without employees'"
"1251",2452,"9123","Selbstständige mit Beschäftigten",0,1,5,640,4,1,"9142","9142","Self empl w/1-9 employees","20.03","'IVb: Self-employed with no employees'","'Small business owners with employees'"
"1252",2453,"9123","Selbstständige ohne Beschäftigte",0,1,0,590,4,1,"9142","9142","Self empl w/no empoyees","20.03","'VIIa: Unskilled Worker'","'Small business owners without employees'"
"1253",2458,"9129","Selbstständige mit Beschäftigten",0,1,5,2500,4,1,"9140","9140","Self empl w/1-9 employees","20.03","'IVb: Self-employed with no employees'","'Small business owners with employees'"
"1254",2459,"9129","Selbstständige ohne Beschäftigte",0,1,0,1220,4,1,"9140","9140","Self empl w/no empoyees","20.03","'VIIa: Unskilled Worker'","'Small business owners without employees'"
"1255",2464,"9211","Selbstständige mit Beschäftigten",0,1,5,340,4,1,"9211","9211","Self empl w/1-9 employees","21.00","'IVc: Self-employed Farmer'","'Small business owners with employees'"
"1256",2465,"9211","Selbstständige ohne Beschäftigte",0,1,0,420,4,1,"9211","9211","Self empl w/no empoyees","21.00","'IVc: Self-employed Farmer'","'Small business owners without employees'"
"1257",2470,"9212","Selbstständige mit Beschäftigten",0,1,5,220,4,1,"9211","9211","Self empl w/1-9 employees","26.00","'IVc: Self-employed Farmer'","'Small business owners with employees'"
"1258",2471,"9212","Selbstständige ohne Beschäftigte",0,1,0,290,4,1,"9211","9211","Self empl w/no empoyees","26.00","'IVc: Self-employed Farmer'","'Small business owners without employees'"
"1259",2476,"9213","Selbstständige mit Beschäftigten",0,1,5,1520,4,1,"9211","9211","Self empl w/1-9 employees","22.28","'IVc: Self-employed Farmer'","'Small business owners with employees'"
"1260",2477,"9213","Selbstständige ohne Beschäftigte",0,1,0,1540,4,1,"9211","9211","Self empl w/no empoyees","22.28","'IVc: Self-employed Farmer'","'Small business owners without employees'"
"1261",2482,"9214","Selbstständige mit Beschäftigten",0,1,5,1300,4,1,"9211","9211","Self empl w/1-9 employees","21.00","'IVc: Self-employed Farmer'","'Small business owners with employees'"
"1262",2483,"9214","Selbstständige ohne Beschäftigte",0,1,0,1590,4,1,"9211","9211","Self empl w/no empoyees","21.00","'IVc: Self-employed Farmer'","'Small business owners without employees'"
"1263",2488,"9215","Selbstständige mit Beschäftigten",0,1,5,820,4,1,"9212","9212","Self empl w/1-9 employees","42.00","'IVc: Self-employed Farmer'","'Small business owners with employees'"
"1264",2489,"9215","Selbstständige ohne Beschäftigte",0,1,0,870,4,1,"9212","9212","Self empl w/no empoyees","42.00","'IVc: Self-employed Farmer'","'Small business owners without employees'"
"1265",2494,"9216","Selbstständige mit Beschäftigten",0,1,5,0,4,1,"9213","9213","Self empl w/1-9 employees","22.28","'IVc: Self-employed Farmer'","'Small business owners with employees'"
"1266",2495,"9216","Selbstständige ohne Beschäftigte",0,1,0,0,4,1,"9213","9213","Self empl w/no empoyees","22.28","'IVc: Self-employed Farmer'","'Small business owners without employees'"
"1267",2500,"9311","Selbstständige mit Beschäftigten",0,1,5,0,4,1,"9311","9311","Self empl w/1-9 employees","18.02","'VIIa: Unskilled Worker'","'Small business owners with employees'"
"1268",2501,"9311","Selbstständige ohne Beschäftigte",0,1,0,0,4,1,"9311","9311","Self empl w/no empoyees","18.02","'VIIa: Unskilled Worker'","'Small business owners without employees'"
"1269",2506,"9312","Selbstständige mit Beschäftigten",0,1,5,820,4,1,"9312","9312","Self empl w/1-9 employees","27.60","'VIIa: Unskilled Worker'","'Small business owners with employees'"
"1270",2507,"9312","Selbstständige ohne Beschäftigte",0,1,0,580,4,1,"9312","9312","Self empl w/no empoyees","27.60","'VIIa: Unskilled Worker'","'Small business owners without employees'"
"1271",2512,"9313","Selbstständige mit Beschäftigten",0,1,5,3940,4,1,"9313","9313","Self empl w/1-9 employees","15.00","'VIIa: Unskilled Worker'","'Small business owners with employees'"
"1272",2513,"9313","Selbstständige ohne Beschäftigte",0,1,0,4090,4,1,"9313","9313","Self empl w/no empoyees","15.00","'VIIa: Unskilled Worker'","'Small business owners without employees'"
"1273",2518,"9321","Selbstständige mit Beschäftigten",0,1,5,420,4,1,"9322","9320","Self empl w/1-9 employees","22.00","'VIIa: Unskilled Worker'","'Small business owners with employees'"
"1274",2519,"9321","Selbstständige ohne Beschäftigte",0,1,0,0,4,1,"9322","9320","Self empl w/no empoyees","22.00","'VIIa: Unskilled Worker'","'Small business owners without employees'"
"1275",2524,"9329","Selbstständige mit Beschäftigten",0,1,5,1990,4,1,"9320","9320","Self empl w/1-9 employees","21.08","'VIIa: Unskilled Worker'","'Small business owners with employees'"
"1276",2525,"9329","Selbstständige ohne Beschäftigte",0,1,0,2260,4,1,"9320","9320","Self empl w/no empoyees","21.08","'VIIa: Unskilled Worker'","'Small business owners without employees'"
"1277",2530,"9331","Selbstständige mit Beschäftigten",0,1,5,0,4,1,"9331","9330","Self empl w/1-9 employees","17.00","'VIIa: Unskilled Worker'","'Small business owners with employees'"
"1278",2531,"9331","Selbstständige ohne Beschäftigte",0,1,0,260,4,1,"9331","9330","Self empl w/no empoyees","17.00","'VIIa: Unskilled Worker'","'Small business owners without employees'"
"1279",2536,"9332","Selbstständige mit Beschäftigten",0,1,5,0,4,1,"9332","9330","Self empl w/1-9 employees","23.97","'VIIa: Unskilled Worker'","'Small business owners with employees'"
"1280",2537,"9332","Selbstständige ohne Beschäftigte",0,1,0,0,4,1,"9332","9330","Self empl w/no empoyees","23.97","'VIIa: Unskilled Worker'","'Small business owners without employees'"
"1281",2542,"9333","Selbstständige mit Beschäftigten",0,1,5,2650,4,1,"9333","9330","Self empl w/1-9 employees","20.30","'VIIa: Unskilled Worker'","'Small business owners with employees'"
"1282",2543,"9333","Selbstständige ohne Beschäftigte",0,1,0,2110,4,1,"9333","9330","Self empl w/no empoyees","20.30","'VIIa: Unskilled Worker'","'Small business owners without employees'"
"1283",2548,"9334","Selbstständige mit Beschäftigten",0,1,5,520,4,1,"9333","9330","Self empl w/1-9 employees","20.39","'VIIa: Unskilled Worker'","'Small business owners with employees'"
"1284",2549,"9334","Selbstständige ohne Beschäftigte",0,1,0,600,4,1,"9333","9330","Self empl w/no empoyees","20.39","'VIIa: Unskilled Worker'","'Small business owners without employees'"
"1285",2554,"9411","Selbstständige mit Beschäftigten",0,1,5,2660,4,1,"5122","5122","Self empl w/1-9 employees","22.00","'IVb: Self-employed with no employees'","'Small business owners with employees'"
"1286",2555,"9411","Selbstständige ohne Beschäftigte",0,1,0,680,4,1,"5122","5122","Self empl w/no empoyees","22.00","'V: Manual Supervisors'","'Small business owners without employees'"
"1287",2560,"9412","Selbstständige mit Beschäftigten",0,1,5,780,4,1,"9132","9132","Self empl w/1-9 employees","22.00","'IVb: Self-employed with no employees'","'Small business owners with employees'"
"1288",2561,"9412","Selbstständige ohne Beschäftigte",0,1,0,550,4,1,"9132","9132","Self empl w/no empoyees","22.00","'VIIa: Unskilled Worker'","'Small business owners without employees'"
"1289",2566,"9510","Selbstständige mit Beschäftigten",0,1,5,0,4,1,"9120","9120","Self empl w/1-9 employees","12.00","'IVb: Self-employed with no employees'","'Small business owners with employees'"
"1290",2567,"9510","Selbstständige ohne Beschäftigte",0,1,0,0,4,1,"9120","9120","Self empl w/no empoyees","12.00","'VIIa: Unskilled Worker'","'Small business owners without employees'"
"1291",2572,"9520","Selbstständige mit Beschäftigten",0,1,5,0,4,1,"9112","9111","Self empl w/1-9 employees","21.80","'IIIa: Routine Nonmanual'","'Small business owners with employees'"
"1292",2573,"9520","Selbstständige ohne Beschäftigte",0,1,0,0,4,1,"9112","9111","Self empl w/no empoyees","21.80","'I: Higher Controllers'","'Small business owners without employees'"
"1293",2578,"9611","Selbstständige mit Beschäftigten",0,1,5,0,4,1,"9161","9161","Self empl w/1-9 employees","13.00","'IVb: Self-employed with no employees'","'Small business owners with employees'"
"1294",2579,"9611","Selbstständige ohne Beschäftigte",0,1,0,0,4,1,"9161","9161","Self empl w/no empoyees","13.00","'VIIa: Unskilled Worker'","'Small business owners without employees'"
"1295",2584,"9612","Selbstständige mit Beschäftigten",0,1,5,1030,4,1,"9161","9161","Self empl w/1-9 employees","13.00","'IVb: Self-employed with no employees'","'Small business owners with employees'"
"1296",2585,"9612","Selbstständige ohne Beschäftigte",0,1,0,720,4,1,"9161","9161","Self empl w/no empoyees","13.00","'VIIa: Unskilled Worker'","'Small business owners without employees'"
"1297",2590,"9613","Selbstständige mit Beschäftigten",0,1,5,0,4,1,"9162","9162","Self empl w/1-9 employees","13.00","'IVb: Self-employed with no employees'","'Small business owners with employees'"
"1298",2591,"9613","Selbstständige ohne Beschäftigte",0,1,0,0,4,1,"9162","9162","Self empl w/no empoyees","13.00","'VIIa: Unskilled Worker'","'Small business owners without employees'"
"1299",2596,"9621","Selbstständige mit Beschäftigten",0,1,5,680,4,1,"9151","9151","Self empl w/1-9 employees","23.13","'IVb: Self-employed with no employees'","'Small business owners with employees'"
"1300",2597,"9621","Selbstständige ohne Beschäftigte",0,1,0,860,4,1,"9151","9151","Self empl w/no empoyees","23.13","'VIIa: Unskilled Worker'","'Small business owners without employees'"
"1301",2602,"9622","Selbstständige mit Beschäftigten",0,1,5,0,4,1,"9160","9160","Self empl w/1-9 employees","22.88","'IVb: Self-employed with no employees'","'Small business owners with employees'"
"1302",2603,"9622","Selbstständige ohne Beschäftigte",0,1,0,0,4,1,"9160","9160","Self empl w/no empoyees","22.88","'VIIa: Unskilled Worker'","'Small business owners without employees'"
"1303",2608,"9623","Selbstständige mit Beschäftigten",0,1,5,1240,4,1,"9153","9153","Self empl w/1-9 employees","21.00","'IVb: Self-employed with no employees'","'Small business owners with employees'"
"1304",2609,"9623","Selbstständige ohne Beschäftigte",0,1,0,760,4,1,"9153","9153","Self empl w/no empoyees","21.00","'VIIa: Unskilled Worker'","'Small business owners without employees'"
"1305",2614,"9624","Selbstständige mit Beschäftigten",0,1,5,0,4,1,"9160","9160","Self empl w/1-9 employees","22.88","'IVb: Self-employed with no employees'","'Small business owners with employees'"
"1306",2615,"9624","Selbstständige ohne Beschäftigte",0,1,0,0,4,1,"9160","9160","Self empl w/no empoyees","22.88","'VIIa: Unskilled Worker'","'Small business owners without employees'"
"1307",2620,"9629","Selbstständige mit Beschäftigten",0,1,5,710,4,1,"9100","9100","Self empl w/1-9 employees","24.00","'IIIa: Routine Nonmanual'","'Small business owners with employees'"
"1308",2621,"9629","Selbstständige ohne Beschäftigte",0,1,0,610,4,1,"9100","9100","Self empl w/no empoyees","24.00","'I: Higher Controllers'","'Small business owners without employees'"
