;;;;;;;Klassifikation der Berufe 2010 – überarbeitete Fassung 2020;
;;;;;;;;
Umsteigeschlüssel von der Klassifikation der Berufe 2010 – überarbeitete Fassung 2020 (5-Steller) zur ISCO-08 (4-Steller);;;;;;;;
;;;;;;;;
"KldB 2010
(5-Steller)";Bezeichnungen der KldB2010 (5-Steller);Classification title (English);"ISCO-08
(4-Steller)";Bezeichnungen der ISCO-08 (4-Steller);Unit Group (English);"Umstieg eindeutig (1);
nicht eindeutig (0)";"Schwerpunkt (1) und 
Anzahl der Alternativen";
11101;Berufe in der Landwirtschaft (ohne Spezialisierung) - Helfer-/Anlerntätigkeiten;Occupations in farming (without specialisation)-unskilled/semiskilled tasks;9211;Hilfsarbeiter im Ackerbau;Crop farm labourers;0;1;
11101;Berufe in der Landwirtschaft (ohne Spezialisierung) - Helfer-/Anlerntätigkeiten;Occupations in farming (without specialisation)-unskilled/semiskilled tasks;9213;Hilfsarbeiter in Ackerbau und Tierhaltung (ohne ausgeprägten Schwerpunkt);Mixed crop and livestock farm labourers;0;2;
11102;Berufe in der Landwirtschaft (ohne Spezialisierung) - fachlich ausgerichtete Tätigkeiten;Occupations in farming (without specialisation)-skilled tasks;6111;Ackerbauern und Gemüseanbauer;Field crop and vegetable growers;0;2;
11102;Berufe in der Landwirtschaft (ohne Spezialisierung) - fachlich ausgerichtete Tätigkeiten;Occupations in farming (without specialisation)-skilled tasks;6130;Landwirte mit Ackerbau und Tierhaltung (ohne ausgeprägten Schwerpunkt);Mixed crop and animal producers;0;1;
11103;Berufe in der Landwirtschaft (ohne Spezialisierung) - komplexe Spezialistentätigkeiten;Occupations in farming (without specialisation)-complex tasks;2132;Agrar-, Forst- und Fischereiwissenschaftler und -berater;Farming, forestry and fisheries advisers;1;1;
11104;Berufe in der Landwirtschaft (ohne Spezialisierung) - hoch komplexe Tätigkeiten;Occupations in farming (without specialisation)-highly complex tasks;2132;Agrar-, Forst- und Fischereiwissenschaftler und -berater;Farming, forestry and fisheries advisers;1;1;
11113;Berufe in der Landtechnik - komplexe Spezialistentätigkeiten;Technical occupations in farming-complex tasks;3142;Agrartechniker;Agricultural technicians;1;1;
11114;Berufe in der Landtechnik - hoch komplexe Tätigkeiten;Technical occupations in farming-highly complex tasks;2132;Agrar-, Forst- und Fischereiwissenschaftler und -berater;Farming, forestry and fisheries advisers;1;1;
11123;Landwirtschaftliche Sachverständige - komplexe Spezialistentätigkeiten;Agricultural experts-complex tasks;3315;Schätzer und Schadensgutachter;Valuers and loss assessors;1;1;
11124;Landwirtschaftliche Sachverständige - hoch komplexe Tätigkeiten;Agricultural experts-high complex tasks;2132;Agrar-, Forst- und Fischereiwissenschaftler und -berater;Farming, forestry and fisheries advisers;1;1;
11132;Berufe im landwirtschaftlich-technischen Laboratorium - fachlich ausgerichtete Tätigkeiten;Technical laboratory occupations in agriculture-skilled tasks;3142;Agrartechniker;Agricultural technicians;1;1;
11133;Berufe im landwirtschaftlich-technischen Laboratorium - komplexe Spezialistentätigkeiten;Technical laboratory occupations in agriculture-complex tasks;3142;Agrartechniker;Agricultural technicians;1;1;
11182;Berufe in der Landwirtschaft (sonstige spezifische Tätigkeitsangabe) - fachlich ausgerichtete Tätigkeiten;Occupations in farming (with specialisation, not elsewhere classified)-skilled tasks;6111;Ackerbauern und Gemüseanbauer;Field crop and vegetable growers;0;2;
11182;Berufe in der Landwirtschaft (sonstige spezifische Tätigkeitsangabe) - fachlich ausgerichtete Tätigkeiten;Occupations in farming (with specialisation, not elsewhere classified)-skilled tasks;6130;Landwirte mit Ackerbau und Tierhaltung (ohne ausgeprägten Schwerpunkt);Mixed crop and animal producers;0;1;
11183;Berufe in der Landwirtschaft (sonstige spezifische Tätigkeitsangabe) - komplexe Spezialistentätigkeiten;Occupations in farming (with specialisation, not elsewhere classified)-complex tasks;3142;Agrartechniker;Agricultural technicians;0;1;
11183;Berufe in der Landwirtschaft (sonstige spezifische Tätigkeitsangabe) - komplexe Spezialistentätigkeiten;Occupations in farming (with specialisation, not elsewhere classified)-complex tasks;3339;Fachkräfte für unternehmensbezogene Dienstleistungen, anderweitig nicht genannt;Business services agents not elsewhere classified;0;2;
11183;Berufe in der Landwirtschaft (sonstige spezifische Tätigkeitsangabe) - komplexe Spezialistentätigkeiten;Occupations in farming (with specialisation, not elsewhere classified)-complex tasks;3131;Steuerer von Energieerzeugungsanlagen;Power production plant operators;0;3;
11184;Berufe in der Landwirtschaft (sonstige spezifische Tätigkeitsangabe) - hoch komplexe Tätigkeiten;Occupations in farming (with specialisation, not elsewhere classified)-highly complex tasks;2132;Agrar-, Forst- und Fischereiwissenschaftler und -berater;Farming, forestry and fisheries advisers;1;1;
11193;Aufsichtskräfte - Landwirtschaft;Supervisors in farming;6111;Ackerbauern und Gemüseanbauer;Field crop and vegetable growers;0;2;
11193;Aufsichtskräfte - Landwirtschaft;Supervisors in farming;6130;Landwirte mit Ackerbau und Tierhaltung (ohne ausgeprägten Schwerpunkt);Mixed crop and animal producers;0;1;
11194;Führungskräfte - Landwirtschaft;Managers in farming;6111;Ackerbauern und Gemüseanbauer;Field crop and vegetable growers;0;2;
11194;Führungskräfte - Landwirtschaft;Managers in farming;6130;Landwirte mit Ackerbau und Tierhaltung (ohne ausgeprägten Schwerpunkt);Mixed crop and animal producers;0;1;
11211;Berufe in der Nutztierhaltung (außer Geflügelhaltung) - Helfer-/Anlerntätigkeiten;Occupations in livestock farming (without poultry farming)-unskilled/semiskilled tasks;9212;Hilfsarbeiter in der Tierhaltung;Livestock farm labourers;1;1;
11212;Berufe in der Nutztierhaltung (außer Geflügelhaltung) - fachlich ausgerichtete Tätigkeiten;Occupations in livestock farming (without poultry farming)-skilled tasks;6121;Nutztierhalter (ohne Geflügel) und Milchproduzenten;Livestock and dairy producers;1;1;
11213;Berufe in der Nutztierhaltung (außer Geflügelhaltung) - komplexe Spezialistentätigkeiten;Occupations in livestock farming (without poultry farming)-complex tasks;6121;Nutztierhalter (ohne Geflügel) und Milchproduzenten;Livestock and dairy producers;1;1;
11214;Berufe in der Nutztierhaltung (außer Geflügelhaltung) - hoch komplexe Tätigkeiten;Occupations in livestock farming (without poultry farming)-highly complex tasks;2132;Agrar-, Forst- und Fischereiwissenschaftler und -berater;Farming, forestry and fisheries advisers;1;1;
11222;Berufe in der Geflügelhaltung - fachlich ausgerichtete Tätigkeiten;Occupations in poultry farming-skilled tasks;6122;Geflügelhalter;Poultry producers;1;1;
11223;Berufe in der Geflügelhaltung - komplexe Spezialistentätigkeiten;Occupations in poultry farming-complex tasks;3142;Agrartechniker;Agricultural technicians;0;2;
11223;Berufe in der Geflügelhaltung - komplexe Spezialistentätigkeiten;Occupations in poultry farming-complex tasks;6122;Geflügelhalter;Poultry producers;0;1;
11232;Berufe in der Imkerei - fachlich ausgerichtete Tätigkeiten;Occupations in beekeeping-skilled tasks;6123;Imker und Seidenraupenzüchter;Apiarists and sericulturists;1;1;
11233;Berufe in der Imkerei - komplexe Spezialistentätigkeiten;Occupations in beekeeping-complex tasks;3142;Agrartechniker;Agricultural technicians;1;1;
11282;Berufe in der Tierwirtschaft (sonstige spezifische Tätigkeitsangabe) - fachlich ausgerichtete Tätigkeiten;Occupations in animal husbandry (with specialisation, not elsewhere classified)-skilled tasks;6129;Tierhalter, anderweitig nicht genannt;Animal producers not elsewhere classified;1;1;
11283;Berufe in der Tierwirtschaft (sonstige spezifische Tätigkeitsangabe) - komplexe Spezialistentätigkeiten;Occupations in animal husbandry (with specialisation, not elsewhere classified)-complex tasks;6129;Tierhalter, anderweitig nicht genannt;Animal producers not elsewhere classified;1;1;
11293;Aufsichtskräfte - Tierwirtschaft;Supervisors in animal husbandry;6122;Geflügelhalter;Poultry producers;0;2;
11293;Aufsichtskräfte - Tierwirtschaft;Supervisors in animal husbandry;6123;Imker und Seidenraupenzüchter;Apiarists and sericulturists;0;3;
11293;Aufsichtskräfte - Tierwirtschaft;Supervisors in animal husbandry;6121;Nutztierhalter (ohne Geflügel) und Milchproduzenten;Livestock and dairy producers;0;1;
11293;Aufsichtskräfte - Tierwirtschaft;Supervisors in animal husbandry;6129;Tierhalter, anderweitig nicht genannt;Animal producers not elsewhere classified;0;4;
11294;Führungskräfte - Tierwirtschaft;Managers in animal husbandry;6122;Geflügelhalter;Poultry producers;0;2;
11294;Führungskräfte - Tierwirtschaft;Managers in animal husbandry;6123;Imker und Seidenraupenzüchter;Apiarists and sericulturists;0;3;
11294;Führungskräfte - Tierwirtschaft;Managers in animal husbandry;6121;Nutztierhalter (ohne Geflügel) und Milchproduzenten;Livestock and dairy producers;0;1;
11294;Führungskräfte - Tierwirtschaft;Managers in animal husbandry;6129;Tierhalter, anderweitig nicht genannt;Animal producers not elsewhere classified;0;4;
11302;Berufe in der Pferdewirtschaft (ohne Spezialisierung) - fachlich ausgerichtete Tätigkeiten;Occupations in horsekeeping (without specialisation)-skilled tasks;6121;Nutztierhalter (ohne Geflügel) und Milchproduzenten;Livestock and dairy producers;0;2;
11302;Berufe in der Pferdewirtschaft (ohne Spezialisierung) - fachlich ausgerichtete Tätigkeiten;Occupations in horsekeeping (without specialisation)-skilled tasks;5164;Tierpfleger und -betreuer;Pet groomers and animal care workers;0;1;
11312;Berufe in der Pferdewirtschaft - Pferdezucht - fachlich ausgerichtete Tätigkeiten;Occupations in horse breeding-skilled tasks;6121;Nutztierhalter (ohne Geflügel) und Milchproduzenten;Livestock and dairy producers;1;1;
11322;Berufe in der Pferdewirtschaft - Reiten - fachlich ausgerichtete Tätigkeiten;Occupations in horsekeeping: riding-skilled tasks;5164;Tierpfleger und -betreuer;Pet groomers and animal care workers;1;1;
11333;Hufbeschlagschmiede/-schmiedinnen - komplexe Spezialistentätigkeiten;Farrier-complex tasks;7221;Grobschmiede, Hammerschmiede und Schmiedepresser;Blacksmiths, hammer smiths and forging press workers;1;1;
11342;Kutscher/innen - fachlich ausgerichtete Tätigkeiten;Coachman-skilled tasks;9332;Führer von Fahrzeugen und Maschinen mit Zugtierantrieb;Drivers of animal-drawn vehicles and machinery;1;1;
11393;Aufsichtskräfte - Pferdewirtschaft;Supervisors in horsekeeping;6121;Nutztierhalter (ohne Geflügel) und Milchproduzenten;Livestock and dairy producers;0;1;
11393;Aufsichtskräfte - Pferdewirtschaft;Supervisors in horsekeeping;5164;Tierpfleger und -betreuer;Pet groomers and animal care workers;0;2;
11393;Aufsichtskräfte - Pferdewirtschaft;Supervisors in horsekeeping;3423;Trainer und Betreuer im Bereich Fitness und Erholung;Fitness and recreation instructors and program leaders;0;3;
11394;Führungskräfte - Pferdewirtschaft;Managers in horsekeeping;6121;Nutztierhalter (ohne Geflügel) und Milchproduzenten;Livestock and dairy producers;0;1;
11394;Führungskräfte - Pferdewirtschaft;Managers in horsekeeping;5164;Tierpfleger und -betreuer;Pet groomers and animal care workers;0;2;
11394;Führungskräfte - Pferdewirtschaft;Managers in horsekeeping;3423;Trainer und Betreuer im Bereich Fitness und Erholung;Fitness and recreation instructors and program leaders;0;3;
11401;Berufe in der Fischwirtschaft (ohne Spezialisierung) - Helfer-/Anlerntätigkeiten;Occupations in fishing (without specialisation)-unskilled/semiskilled tasks;9216;Hilfsarbeiter in der Fischerei und Aquakultur;Fishery and aquaculture labourers;1;1;
11402;Berufe in der Fischwirtschaft (ohne Spezialisierung) - fachlich ausgerichtete Tätigkeiten;Occupations in fishing (without specialisation)-skilled tasks;6222;Binnen- und Küstenfischer;Inland and coastal waters fishery workers;0;2;
11402;Berufe in der Fischwirtschaft (ohne Spezialisierung) - fachlich ausgerichtete Tätigkeiten;Occupations in fishing (without specialisation)-skilled tasks;6221;Fachkräfte im Bereich Aquakultur;Aquaculture workers;0;1;
11402;Berufe in der Fischwirtschaft (ohne Spezialisierung) - fachlich ausgerichtete Tätigkeiten;Occupations in fishing (without specialisation)-skilled tasks;6223;Hochseefischer;Deep-sea fishery workers;0;3;
11412;Berufe in der Fischzucht - fachlich ausgerichtete Tätigkeiten;Occupations in fish farming-skilled tasks;6221;Fachkräfte im Bereich Aquakultur;Aquaculture workers;1;1;
11422;Berufe in der Fischerei - fachlich ausgerichtete Tätigkeiten;Occupations in fishery-skilled tasks;6222;Binnen- und Küstenfischer;Inland and coastal waters fishery workers;0;1;
11422;Berufe in der Fischerei - fachlich ausgerichtete Tätigkeiten;Occupations in fishery-skilled tasks;6223;Hochseefischer;Deep-sea fishery workers;0;2;
11423;Berufe in der Fischerei - komplexe Spezialistentätigkeiten;Occupations in fishery-complex tasks;3141;Biotechniker (ohne medizinische Fachberufe);Life science technicians (excluding medical);1;1;
11424;Berufe in der Fischerei - hoch komplexe Tätigkeiten;Occupations in fishery-highly complex tasks;2132;Agrar-, Forst- und Fischereiwissenschaftler und -berater;Farming, forestry and fisheries advisers;1;1;
11493;Aufsichtskräfte - Fischwirtschaft;Supervisors in fishing;6222;Binnen- und Küstenfischer;Inland and coastal waters fishery workers;0;2;
11493;Aufsichtskräfte - Fischwirtschaft;Supervisors in fishing;6221;Fachkräfte im Bereich Aquakultur;Aquaculture workers;0;1;
11493;Aufsichtskräfte - Fischwirtschaft;Supervisors in fishing;6223;Hochseefischer;Deep-sea fishery workers;0;3;
11494;Führungskräfte - Fischwirtschaft;Managers in fishing;1312;Führungskräfte in der Produktion in Aquakultur und Fischerei;Aquaculture and fisheries production managers;1;1;
11501;Berufe in der Tierpflege (ohne Spezialisierung) - Helfer-/Anlerntätigkeiten;Occupations in animal care (without specialisation)-unskilled/semiskilled tasks;9212;Hilfsarbeiter in der Tierhaltung;Livestock farm labourers;1;1;
11502;Berufe in der Tierpflege (ohne Spezialisierung) - fachlich ausgerichtete Tätigkeiten;Occupations in animal care (without specialisation)-skilled tasks;5164;Tierpfleger und -betreuer;Pet groomers and animal care workers;1;1;
11512;Berufe in der Nutztierpflege - fachlich ausgerichtete Tätigkeiten;Occupations in livestock care-skilled tasks;5164;Tierpfleger und -betreuer;Pet groomers and animal care workers;1;1;
11522;Berufe in der Haus- und Zootierpflege - fachlich ausgerichtete Tätigkeiten;Occupations in pet and zoo animal care-skilled tasks;5164;Tierpfleger und -betreuer;Pet groomers and animal care workers;1;1;
11582;Berufe in der Tierpflege (sonstige spezifische Tätigkeitsangabe) - fachlich ausgerichtete Tätigkeiten;Occupations in animal care (with specialisation, not elsewhere classified)-skilled tasks;5164;Tierpfleger und -betreuer;Pet groomers and animal care workers;1;1;
11593;Aufsichtskräfte - Tierpflege;Supervisors in animal care;5164;Tierpfleger und -betreuer;Pet groomers and animal care workers;1;1;
11594;Führungskräfte - Tierpflege;Managers in animal care;1439;Führungskräfte in der Erbringung von Dienstleistungen, anderweitig nicht genannt;Services managers not elsewhere classified;1;1;
11602;Berufe im Weinbau - fachlich ausgerichtete Tätigkeiten;Occupations in vini- and viticulture-skilled tasks;6112;Baum- und Strauchfrüchteanbauer;Tree and shrub crop growers;1;1;
11603;Berufe im Weinbau - komplexe Spezialistentätigkeiten;Occupations in vini- and viticulture-complex tasks;3142;Agrartechniker;Agricultural technicians;1;1;
11604;Berufe im Weinbau - hoch komplexe Tätigkeiten;Occupations in vini- and viticulture-highly complex tasks;2132;Agrar-, Forst- und Fischereiwissenschaftler und -berater;Farming, forestry and fisheries advisers;1;1;
11693;Aufsichtskräfte - Weinbau;Supervisors in vini- and viticulture;6112;Baum- und Strauchfrüchteanbauer;Tree and shrub crop growers;1;1;
11694;Führungskräfte - Weinbau;Managers in vini- and viticulture;6112;Baum- und Strauchfrüchteanbauer;Tree and shrub crop growers;1;1;
11711;Berufe in der Forstwirtschaft - Helfer-/Anlerntätigkeiten;Occupations in forestry-unskilled/semiskilled tasks;9215;Hilfsarbeiter in der Forstwirtschaft;Forestry labourers;1;1;
11712;Berufe in der Forstwirtschaft - fachlich ausgerichtete Tätigkeiten;Occupations in forestry-skilled tasks;6210;Forstarbeitskräfte und verwandte Berufe;Forestry and related workers;1;1;
11713;Berufe in der Forstwirtschaft - komplexe Spezialistentätigkeiten;Occupations in forestry-complex tasks;3143;Forsttechniker;Forestry technicians;1;1;
11714;Berufe in der Forstwirtschaft - hoch komplexe Tätigkeiten;Occupations in forestry-highly complex tasks;2132;Agrar-, Forst- und Fischereiwissenschaftler und -berater;Farming, forestry and fisheries advisers;1;1;
11722;Berufe in der Natur- und Landschaftspflege - fachlich ausgerichtete Tätigkeiten;Occupations in landscape preservation-skilled tasks;6113;Gärtner, Saat- und Pflanzenzüchter;Gardeners, horticultural and nursery growers;1;1;
11723;Berufe in der Natur- und Landschaftspflege - komplexe Spezialistentätigkeiten;Occupations in landscape preservation-complex tasks;3143;Forsttechniker;Forestry technicians;1;1;
11724;Berufe in der Natur- und Landschaftspflege - hoch komplexe Tätigkeiten;Occupations in landscape preservation-highly complex tasks;2143;Umweltschutzingenieure;Environmental engineers;1;1;
11732;Berufe in der Jagdwirtschaft und Wildhege - fachlich ausgerichtete Tätigkeiten;Occupations in hunting and gamekeeping-skilled tasks;5419;Schutzkräfte und Sicherheitsbedienstete, anderweitig nicht genannt;Protective services workers not elsewhere classified;1;1;
11742;Sammeln und Gewinnen von Pflanzen und anderen Naturprodukten - fachlich ausgerichtete Tätigkeiten;Picking and extracting plants and other natural products-skilled tasks;6210;Forstarbeitskräfte und verwandte Berufe;Forestry and related workers;1;1;
11793;Aufsichtskräfte - Forst- und Jagdwirtschaft, Landschaftspflege;Supervisors in forestry, hunting and landscape preservation;6210;Forstarbeitskräfte und verwandte Berufe;Forestry and related workers;0;1;
11793;Aufsichtskräfte - Forst- und Jagdwirtschaft, Landschaftspflege;Supervisors in forestry, hunting and landscape preservation;5419;Schutzkräfte und Sicherheitsbedienstete, anderweitig nicht genannt;Protective services workers not elsewhere classified;0;2;
11794;Führungskräfte - Forst- und Jagdwirtschaft, Landschaftspflege;Managers in forestry, hunting and landscape preservation;2132;Agrar-, Forst- und Fischereiwissenschaftler und -berater;Farming, forestry and fisheries advisers;1;1;
12101;Berufe im Gartenbau (ohne Spezialisierung) - Helfer-/Anlerntätigkeiten;Occupations in gardening (without specialisation)-unskilled/semiskilled tasks;9214;Hilfsarbeiter im Gartenbau;Garden and horticultural labourers;1;1;
12102;Berufe im Gartenbau (ohne Spezialisierung) - fachlich ausgerichtete Tätigkeiten;Occupations in gardening (without specialisation)-skilled tasks;6111;Ackerbauern und Gemüseanbauer;Field crop and vegetable growers;0;3;
12102;Berufe im Gartenbau (ohne Spezialisierung) - fachlich ausgerichtete Tätigkeiten;Occupations in gardening (without specialisation)-skilled tasks;6112;Baum- und Strauchfrüchteanbauer;Tree and shrub crop growers;0;2;
12102;Berufe im Gartenbau (ohne Spezialisierung) - fachlich ausgerichtete Tätigkeiten;Occupations in gardening (without specialisation)-skilled tasks;6113;Gärtner, Saat- und Pflanzenzüchter;Gardeners, horticultural and nursery growers;0;1;
12103;Berufe im Gartenbau (ohne Spezialisierung) - komplexe Spezialistentätigkeiten;Occupations in gardening (without specialisation)-complex tasks;3142;Agrartechniker;Agricultural technicians;1;1;
12104;Berufe im Gartenbau (ohne Spezialisierung) - hoch komplexe Tätigkeiten;Occupations in gardening (without specialisation)-highly complex tasks;2132;Agrar-, Forst- und Fischereiwissenschaftler und -berater;Farming, forestry and fisheries advisers;1;1;
12112;Berufe im Obst- und Gemüsebau - fachlich ausgerichtete Tätigkeiten;Occupations in fruit and vegetable farming-skilled tasks;6111;Ackerbauern und Gemüseanbauer;Field crop and vegetable growers;0;1;
12112;Berufe im Obst- und Gemüsebau - fachlich ausgerichtete Tätigkeiten;Occupations in fruit and vegetable farming-skilled tasks;6112;Baum- und Strauchfrüchteanbauer;Tree and shrub crop growers;0;2;
12113;Berufe im Obst- und Gemüsebau - komplexe Spezialistentätigkeiten;Occupations in fruit and vegetable farming-complex tasks;3142;Agrartechniker;Agricultural technicians;1;1;
12122;Berufe in Baumschule, Staudengärtnerei und Zierpflanzenbau - fachlich ausgerichtete Tätigkeiten;Occupations in tree, perennial and ornamental plants farming-skilled tasks;6113;Gärtner, Saat- und Pflanzenzüchter;Gardeners, horticultural and nursery growers;1;1;
12123;Berufe in Baumschule, Staudengärtnerei und Zierpflanzenbau - komplexe Spezialistentätigkeiten;Occupations in tree, perennial and ornamental plants farming-complex tasks;3142;Agrartechniker;Agricultural technicians;1;1;
12132;Berufe in der Friedhofsgärtnerei - fachlich ausgerichtete Tätigkeiten;Occupations in cemetery gardening-skilled tasks;6113;Gärtner, Saat- und Pflanzenzüchter;Gardeners, horticultural and nursery growers;1;1;
12133;Berufe in der Friedhofsgärtnerei - komplexe Spezialistentätigkeiten;Occupations in cemetery gardening-complex tasks;6113;Gärtner, Saat- und Pflanzenzüchter;Gardeners, horticultural and nursery growers;1;1;
12142;Berufe im Garten-, Landschafts- und Sportplatzbau - fachlich ausgerichtete Tätigkeiten;Occupations in horticulture, landscape gardening, and sports field maintenance-skilled tasks;6113;Gärtner, Saat- und Pflanzenzüchter;Gardeners, horticultural and nursery growers;1;1;
12143;Berufe im Garten-, Landschafts- und Sportplatzbau - komplexe Spezialistentätigkeiten;Occupations in horticulture, landscape gardening, and sports field maintenance-complex tasks;6113;Gärtner, Saat- und Pflanzenzüchter;Gardeners, horticultural and nursery growers;1;1;
12144;Berufe im Garten-, Landschafts- und Sportplatzbau - hoch komplexe Tätigkeiten;Occupations in horticulture, landscape gardening, and sports field maintenance-highly complex tasks;2162;Landschaftsarchitekten;Landscape architects;1;1;
12193;Aufsichtskräfte - Gartenbau;Supervisors in gardening;6111;Ackerbauern und Gemüseanbauer;Field crop and vegetable growers;0;3;
12193;Aufsichtskräfte - Gartenbau;Supervisors in gardening;6112;Baum- und Strauchfrüchteanbauer;Tree and shrub crop growers;0;2;
12193;Aufsichtskräfte - Gartenbau;Supervisors in gardening;6113;Gärtner, Saat- und Pflanzenzüchter;Gardeners, horticultural and nursery growers;0;1;
12194;Führungskräfte - Gartenbau;Managers in gardening;6111;Ackerbauern und Gemüseanbauer;Field crop and vegetable growers;0;1;
12194;Führungskräfte - Gartenbau;Managers in gardening;6112;Baum- und Strauchfrüchteanbauer;Tree and shrub crop growers;0;2;
12202;Berufe in der Floristik - fachlich ausgerichtete Tätigkeiten;Occupations in floristry-skilled tasks;7549;Handwerks- und verwandte Berufe, anderweitig nicht genannt;Craft and related workers not elsewhere classified;1;1;
12203;Berufe in der Floristik - komplexe Spezialistentätigkeiten;Occupations in floristry-complex tasks;7549;Handwerks- und verwandte Berufe, anderweitig nicht genannt;Craft and related workers not elsewhere classified;1;1;
12293;Aufsichtskräfte - Floristik;Supervisors in floristry;3122;Produktionsleiter bei der Herstellung von Waren;Manufacturing supervisors;1;1;
12294;Führungskräfte - Floristik;Managers in floristry;3122;Produktionsleiter bei der Herstellung von Waren;Manufacturing supervisors;1;1;
21111;Berufe im Berg- und Tagebau - Helfer-/Anlerntätigkeiten;Occupations in underground and surface mining-unskilled/semiskilled tasks;9311;Hilfsarbeiter im Bergbau und in der Gewinnung von Steinen und Erden;Mining and quarrying labourers;1;1;
21112;Berufe im Berg- und Tagebau - fachlich ausgerichtete Tätigkeiten;Occupations in underground and surface mining-skilled tasks;8111;Bergleute und Grubenarbeiter;Miners and quarriers;1;1;
21113;Berufe im Berg- und Tagebau - komplexe Spezialistentätigkeiten;Occupations in underground and surface mining-complex tasks;3117;Bergbau- und Hüttentechniker;Mining and metallurgical technicians;0;1;
21113;Berufe im Berg- und Tagebau - komplexe Spezialistentätigkeiten;Occupations in underground and surface mining-complex tasks;3359;Fachkräfte in der öffentlichen Verwaltung, anderweitig nicht genannt;Government regulatory associate professionals not elsewhere classified;0;2;
21114;Berufe im Berg- und Tagebau - hoch komplexe Tätigkeiten;Occupations in underground and surface mining-highly complex tasks;2146;Bergbauingenieure, Metallurgen und verwandte Berufe;Mining engineers, metallurgists and related professionals;1;1;
21122;Berufe in der Sprengtechnik - fachlich ausgerichtete Tätigkeiten;Occupations in blasting engineering-skilled tasks;9313;Hilfsarbeiter im Hochbau;Building construction labourers;1;1;
21123;Berufe in der Sprengtechnik - komplexe Spezialistentätigkeiten;Occupations in blasting engineering-complex tasks;7542;Sprengmeister und Sprengbeauftragte;Shotfirers and blasters;1;1;
21124;Berufe in der Sprengtechnik - hoch komplexe Tätigkeiten;Occupations in blasting engineering-highly complex tasks;2149;Ingenieure, anderweitig nicht genannt;Engineering professionals not elsewhere classified;1;1;
21193;Aufsichtskräfte - Berg- und Tagebau und Sprengtechnik;Supervisors in underground and surface mining and blasting engineering;3121;Produktionsleiter im Bergbau;Mining supervisors;1;1;
21194;Führungskräfte - Berg- und Tagebau und Sprengtechnik;Managers in underground and surface mining and blasting engineering;1322;Führungskräfte in der Produktion im Bergbau;Mining managers;1;1;
21201;Berufe in der Naturstein- und Mineralaufbereitung und -verarbeitung und Baustoffherstellung (ohne Spezialisierung) - Helfer-/Anlerntätigkeiten;Conditioning and processing of natural stone and minerals, production of building materials (without specialisation)-unskilled/semiskilled tasks;9329;Hilfsarbeiter bei der Herstellung von Waren, anderweitig nicht genannt;Manufacturing labourers not elsewhere classified;1;1;
21212;Berufe in der Naturstein- und Mineralaufbereitung - fachlich ausgerichtete Tätigkeiten;Conditioning and processing of natural stone and minerals-skilled tasks;8112;Bediener von Mineral- und Gesteinsaufbereitungsanlagen;Mineral and stone processing plant operators;1;1;
21213;Berufe in der Naturstein- und Mineralaufbereitung - komplexe Spezialistentätigkeiten;Conditioning and processing of natural stone and minerals-complex tasks;3117;Bergbau- und Hüttentechniker;Mining and metallurgical technicians;1;1;
21222;Berufe in der Baustoffherstellung - fachlich ausgerichtete Tätigkeiten;Production of building materials-skilled tasks;8114;Bediener von Maschinen zur Herstellung und Verarbeitung von Zement, Steinen und sonstigen Mineralien;Cement, stone and other mineral products machine operators;1;1;
21223;Berufe in der Baustoffherstellung - komplexe Spezialistentätigkeiten;Production of building materials-complex tasks;3112;Bautechniker;Civil engineering technicians;1;1;
21232;Berufe in der Steinmetztechnik - fachlich ausgerichtete Tätigkeiten;Occupations in stonemasonry-skilled tasks;7113;Steinmetze, Steinspalter, -bearbeiter und Steinbildhauer;Stonemasons, stone cutters, splitters and carvers;1;1;
21233;Berufe in der Steinmetztechnik - komplexe Spezialistentätigkeiten;Occupations in stonemasonry-complex tasks;3119;Material- und ingenieurtechnische Fachkräfte, anderweitig nicht genannt;Physical and engineering science technicians not elsewhere classified;1;1;
21293;Aufsichtskräfte - Naturstein- und Mineralaufbereitung und -verarbeitung und Baustoffherstellung;Supervisors in conditioning and processing of natural stone and minerals, production of building materials;3122;Produktionsleiter bei der Herstellung von Waren;Manufacturing supervisors;1;1;
21311;Berufe in der Glasherstellung - Helfer-/Anlerntätigkeiten;Occupations in glass-making-unskilled/semiskilled tasks;9329;Hilfsarbeiter bei der Herstellung von Waren, anderweitig nicht genannt;Manufacturing labourers not elsewhere classified;1;1;
21312;Berufe in der Glasherstellung - fachlich ausgerichtete Tätigkeiten;Occupations in glass-making-skilled tasks;8181;Bediener von Anlagen zur Glas- und Keramikherstellung;Glass and ceramics plant operators;1;1;
21313;Berufe in der Glasherstellung - komplexe Spezialistentätigkeiten;Occupations in glass-making-complex tasks;3119;Material- und ingenieurtechnische Fachkräfte, anderweitig nicht genannt;Physical and engineering science technicians not elsewhere classified;1;1;
21322;Berufe im Glasapparatebau - fachlich ausgerichtete Tätigkeiten;Manufacturing of glass instruments engineering-skilled tasks;7315;Glasmacher, -schneider, -schleifer und -veredler;Glass makers, cutters, grinders and finishers;1;1;
21323;Berufe im Glasapparatebau - komplexe Spezialistentätigkeiten;Manufacturing of glass instruments engineering-complex tasks;3119;Material- und ingenieurtechnische Fachkräfte, anderweitig nicht genannt;Physical and engineering science technicians not elsewhere classified;1;1;
21332;Berufe in der industriellen Glasbläserei - fachlich ausgerichtete Tätigkeiten;Occupations in industrial glassblowing-skilled tasks;7315;Glasmacher, -schneider, -schleifer und -veredler;Glass makers, cutters, grinders and finishers;1;1;
21342;Berufe in der Glasveredelung - fachlich ausgerichtete Tätigkeiten;Occupations in glass finishing-skilled tasks;8181;Bediener von Anlagen zur Glas- und Keramikherstellung;Glass and ceramics plant operators;0;2;
21342;Berufe in der Glasveredelung - fachlich ausgerichtete Tätigkeiten;Occupations in glass finishing-skilled tasks;7315;Glasmacher, -schneider, -schleifer und -veredler;Glass makers, cutters, grinders and finishers;0;1;
21342;Berufe in der Glasveredelung - fachlich ausgerichtete Tätigkeiten;Occupations in glass finishing-skilled tasks;7316;Schildermaler, Dekormaler, Graveure und Ätzer;Sign writers, decorative painters, engravers and etchers;0;3;
21352;Berufe in der Glasapparatejustierung - fachlich ausgerichtete Tätigkeiten;Occupations in adjusting of glass instruments-skilled tasks;7311;Präzisionsinstrumentenmacher und -instandsetzer;Precision-instrument makers and repairers;1;1;
21362;Berufe in der Feinoptik - fachlich ausgerichtete Tätigkeiten;Occupations in precision optics-skilled tasks;7549;Handwerks- und verwandte Berufe, anderweitig nicht genannt;Craft and related workers not elsewhere classified;1;1;
21363;Berufe in der Feinoptik - komplexe Spezialistentätigkeiten;Occupations in precision optics-complex tasks;3119;Material- und ingenieurtechnische Fachkräfte, anderweitig nicht genannt;Physical and engineering science technicians not elsewhere classified;1;1;
21393;Aufsichtskräfte - Industrielle Glasherstellung und -verarbeitung;Supervisors in industrial glass-making and -processing;3122;Produktionsleiter bei der Herstellung von Waren;Manufacturing supervisors;1;1;
21411;Berufe in der Industriekeramik (Verfahrens- und Anlagentechnik) - Helfer-/Anlerntätigkeiten;Occupations in industrial process and plant engineering for ceramic materials-unskilled/semiskilled tasks;9329;Hilfsarbeiter bei der Herstellung von Waren, anderweitig nicht genannt;Manufacturing labourers not elsewhere classified;1;1;
21412;Berufe in der Industriekeramik (Verfahrens- und Anlagentechnik) - fachlich ausgerichtete Tätigkeiten;Occupations in industrial process and plant engineering for ceramic materials-skilled tasks;8181;Bediener von Anlagen zur Glas- und Keramikherstellung;Glass and ceramics plant operators;1;1;
21413;Berufe in der Industriekeramik (Verfahrens- und Anlagentechnik) - komplexe Spezialistentätigkeiten;Occupations in industrial process and plant engineering for ceramic materials-complex tasks;3119;Material- und ingenieurtechnische Fachkräfte, anderweitig nicht genannt;Physical and engineering science technicians not elsewhere classified;1;1;
21422;Berufe in der Industriekeramik (Modelltechnik) - fachlich ausgerichtete Tätigkeiten;Occupations in industrial ceramic model making-skilled tasks;7314;Keramiker und verwandte Berufe;Potters and related workers;1;1;
21423;Berufe in der Industriekeramik (Modelltechnik) - komplexe Spezialistentätigkeiten;Occupations in industrial ceramic model making-complex tasks;3119;Material- und ingenieurtechnische Fachkräfte, anderweitig nicht genannt;Physical and engineering science technicians not elsewhere classified;1;1;
21493;Aufsichtskräfte - Industrielle Keramikherstellung und -verarbeitung;Supervisors in industrial ceramic-making and -processing;3122;Produktionsleiter bei der Herstellung von Waren;Manufacturing supervisors;1;1;
22101;Berufe in der Kunststoff- und Kautschukherstellung (ohne Spezialisierung) - Helfer-/Anlerntätigkeiten;Occupations in plastic- and rubber-making (without specialisation)-unskilled/semiskilled tasks;9329;Hilfsarbeiter bei der Herstellung von Waren, anderweitig nicht genannt;Manufacturing labourers not elsewhere classified;1;1;
22102;Berufe in der Kunststoff- und Kautschukherstellung (ohne Spezialisierung) - fachlich ausgerichtete Tätigkeiten;Occupations in plastic- and rubber-making (without specialisation)-skilled tasks;8141;Bediener von Maschinen zur Herstellung von Gummiwaren;Rubber products machine operators;0;2;
22102;Berufe in der Kunststoff- und Kautschukherstellung (ohne Spezialisierung) - fachlich ausgerichtete Tätigkeiten;Occupations in plastic- and rubber-making (without specialisation)-skilled tasks;8142;Bediener von Maschinen zur Herstellung von Kunststoffwaren;Plastic products machine operators;0;1;
22103;Berufe in der Kunststoff- und Kautschukherstellung (ohne Spezialisierung) - komplexe Spezialistentätigkeiten;Occupations in plastic- and rubber-making (without specialisation)-complex tasks;3116;Chemiebetriebs- und Verfahrenstechniker;Chemical engineering technicians;1;1;
22104;Berufe in der Kunststoff- und Kautschukherstellung (ohne Spezialisierung) - hoch komplexe Tätigkeiten;Occupations in plastic- and rubber-making (without specialisation)-highly complex tasks;2145;Chemieingenieure;Chemical engineers;1;1;
22112;Berufe in der Reifen- und Vulkanisationstechnik - fachlich ausgerichtete Tätigkeiten;Technical occupations in tire production and vulcanisation-skilled tasks;8141;Bediener von Maschinen zur Herstellung von Gummiwaren;Rubber products machine operators;0;1;
22112;Berufe in der Reifen- und Vulkanisationstechnik - fachlich ausgerichtete Tätigkeiten;Technical occupations in tire production and vulcanisation-skilled tasks;7231;Kraftfahrzeugmechaniker und -schlosser;Motor vehicle mechanics and repairers;0;2;
22182;Berufe in der Kunststoff- und Kautschukherstellung und -verarbeitung (sonstige spezifische Tätigkeitsangabe) - fachlich ausgerichtete Tätigkeiten;Occupations in plastic- and rubber-making and -processing (with specialisation, not elsewhere classified)-skilled tasks;8141;Bediener von Maschinen zur Herstellung von Gummiwaren;Rubber products machine operators;0;1;
22182;Berufe in der Kunststoff- und Kautschukherstellung und -verarbeitung (sonstige spezifische Tätigkeitsangabe) - fachlich ausgerichtete Tätigkeiten;Occupations in plastic- and rubber-making and -processing (with specialisation, not elsewhere classified)-skilled tasks;8142;Bediener von Maschinen zur Herstellung von Kunststoffwaren;Plastic products machine operators;0;2;
22183;Berufe in der Kunststoff- und Kautschukherstellung und -verarbeitung (sonstige spezifische Tätigkeitsangabe) - komplexe Spezialistentätigkeiten;Occupations in plastic- and rubber-making and -processing (with specialisation, not elsewhere classified)-complex tasks;3116;Chemiebetriebs- und Verfahrenstechniker;Chemical engineering technicians;1;1;
22184;Berufe in der Kunststoff- und Kautschukherstellung und -verarbeitung (sonstige spezifische Tätigkeitsangabe) - hoch komplexe Tätigkeiten;Occupations in plastic- and rubber-making and -processing (with specialisation, not elsewhere classified)-highly complex tasks;2145;Chemieingenieure;Chemical engineers;1;1;
22193;Aufsichtskräfte - Kunststoff- und Kautschukherstellung und -verarbeitung;Supervisors in plastic- and rubber-making and -processing;3122;Produktionsleiter bei der Herstellung von Waren;Manufacturing supervisors;1;1;
22201;Berufe in der Farb- und Lacktechnik (ohne Spezialisierung) - Helfer-/Anlerntätigkeiten;Occupations in colour coating and varnishing (without specialisation)-unskilled/semiskilled tasks;9329;Hilfsarbeiter bei der Herstellung von Waren, anderweitig nicht genannt;Manufacturing labourers not elsewhere classified;1;1;
22202;Berufe in der Farb- und Lacktechnik (ohne Spezialisierung) - fachlich ausgerichtete Tätigkeiten;Occupations in colour coating and varnishing (without specialisation)-skilled tasks;7132;Lackierer und verwandte Berufe;Spray painters and varnishers;1;1;
22203;Berufe in der Farb- und Lacktechnik (ohne Spezialisierung) - komplexe Spezialistentätigkeiten;Occupations in colour coating and varnishing (without specialisation)-complex tasks;3116;Chemiebetriebs- und Verfahrenstechniker;Chemical engineering technicians;1;1;
22204;Berufe in der Farb- und Lacktechnik (ohne Spezialisierung) - hoch komplexe Tätigkeiten;Occupations in colour coating and varnishing (without specialisation)-highly complex tasks;2145;Chemieingenieure;Chemical engineers;1;1;
22212;Berufe in der Fahrzeuglackierung - fachlich ausgerichtete Tätigkeiten;Vehicle paintwork-skilled tasks;7132;Lackierer und verwandte Berufe;Spray painters and varnishers;1;1;
22222;Berufe im Lacklaboratorium - fachlich ausgerichtete Tätigkeiten;Occupations in varnishing laboratories-skilled tasks;3111;Chemo- und Physikotechniker;Chemical and physical science technicians;1;1;
22293;Aufsichtskräfte - Farb- und Lacktechnik;Supervisors in colour coating and varnishing;3122;Produktionsleiter bei der Herstellung von Waren;Manufacturing supervisors;1;1;
22301;Berufe in der Holzbe- und -verarbeitung (ohne Spezialisierung) - Helfer-/Anlerntätigkeiten;Occupations in wood-working and -processing (without specialisation)-unskilled/semiskilled tasks;9329;Hilfsarbeiter bei der Herstellung von Waren, anderweitig nicht genannt;Manufacturing labourers not elsewhere classified;1;1;
22302;Berufe in der Holzbe- und -verarbeitung (ohne Spezialisierung) - fachlich ausgerichtete Tätigkeiten;Occupations in wood-working and -processing (without specialisation)-skilled tasks;7523;Einrichter und Bediener von Holzbearbeitungsmaschinen;Woodworking machine tool setters and operators;1;1;
22303;Berufe in der Holzbe- und -verarbeitung (ohne Spezialisierung) - komplexe Spezialistentätigkeiten;Occupations in wood-working and -processing (without specialisation)-complex tasks;3119;Material- und ingenieurtechnische Fachkräfte, anderweitig nicht genannt;Physical and engineering science technicians not elsewhere classified;1;1;
22304;Berufe in der Holzbe- und -verarbeitung (ohne Spezialisierung) - hoch komplexe Tätigkeiten;Occupations in wood-working and -processing (without specialisation)-highly complex tasks;2149;Ingenieure, anderweitig nicht genannt;Engineering professionals not elsewhere classified;1;1;
22312;Berufe in der Holztrocknung und -konservierung - fachlich ausgerichtete Tätigkeiten;Occupations in wood drying and preservation-skilled tasks;7521;Holztrockner und -konservierer;Wood treaters;1;1;
22322;Berufe in der Produktion von Holzwerkstoffen und -bauteilen - fachlich ausgerichtete Tätigkeiten;Occupations producing wood-based materials and wooden components-skilled tasks;8172;Bediener von Anlagen zur Holzaufbereitung;Wood processing plant operators;1;1;
22332;Berufe in der Produktion von Fertigprodukten aus Holz und Holzwerkstoffen - fachlich ausgerichtete Tätigkeiten;Occupations producing finished products from wood and wood-based materials-skilled tasks;7523;Einrichter und Bediener von Holzbearbeitungsmaschinen;Woodworking machine tool setters and operators;1;1;
22333;Berufe in der Produktion von Fertigprodukten aus Holz und Holzwerkstoffen - komplexe Spezialistentätigkeiten;Occupations producing finished products from wood and wood-based materials-complex tasks;3119;Material- und ingenieurtechnische Fachkräfte, anderweitig nicht genannt;Physical and engineering science technicians not elsewhere classified;1;1;
22342;Berufe im Holz-, Möbel- und Innenausbau - fachlich ausgerichtete Tätigkeiten;Occupations in wood construction, furniture and cabinet making, and interior finishing-skilled tasks;7522;Möbeltischler und verwandte Berufe;Cabinet-makers and related workers;1;1;
22343;Berufe im Holz-, Möbel- und Innenausbau - komplexe Spezialistentätigkeiten;Occupations in wood construction, furniture and cabinet making, and interior finishing-complex tasks;3119;Material- und ingenieurtechnische Fachkräfte, anderweitig nicht genannt;Physical and engineering science technicians not elsewhere classified;1;1;
22352;Flechtwerkgestalter/innen, Bürsten- und Pinselmacher/innen - fachlich ausgerichtete Tätigkeiten;Wickerwork manufacturers, broom and brush makers-skilled tasks;7317;Kunsthandwerkliche Berufe für Holz, Korbwaren und verwandte Materialien;Handicraft workers in wood, basketry and related materials;1;1;
22382;Berufe in der Holzbe- und -verarbeitung (sonstige spezifische Tätigkeitsangabe) - fachlich ausgerichtete Tätigkeiten;Occupations in wood-working and -processing (with specialisation, not elsewhere classified)-skilled tasks;7523;Einrichter und Bediener von Holzbearbeitungsmaschinen;Woodworking machine tool setters and operators;0;1;
22382;Berufe in der Holzbe- und -verarbeitung (sonstige spezifische Tätigkeitsangabe) - fachlich ausgerichtete Tätigkeiten;Occupations in wood-working and -processing (with specialisation, not elsewhere classified)-skilled tasks;7522;Möbeltischler und verwandte Berufe;Cabinet-makers and related workers;0;2;
22393;Aufsichtskräfte - Holzbe- und -verarbeitung;Supervisors in wood-working and -processing;3122;Produktionsleiter bei der Herstellung von Waren;Manufacturing supervisors;1;1;
22394;Führungskräfte - Holzbe- und -verarbeitung;Managers in wood-working and -processing;2149;Ingenieure, anderweitig nicht genannt;Engineering professionals not elsewhere classified;1;1;
23101;Berufe in der Papier- und Verpackungstechnik (ohne Spezialisierung) - Helfer-/Anlerntätigkeiten;Technical occupations in paper-making and -processing and packaging (without specialisation)-unskilled/semiskilled tasks;9329;Hilfsarbeiter bei der Herstellung von Waren, anderweitig nicht genannt;Manufacturing labourers not elsewhere classified;1;1;
23112;Berufe in der Papierherstellung - fachlich ausgerichtete Tätigkeiten;Occupations in paper-making (without specialisation)-skilled tasks;8171;Bediener von Anlagen zur Zellstoff- und Papierherstellung;Pulp and papermaking plant operators;1;1;
23113;Berufe in der Papierherstellung - komplexe Spezialistentätigkeiten;Occupations in paper-making (without specialisation)-complex tasks;3116;Chemiebetriebs- und Verfahrenstechniker;Chemical engineering technicians;1;1;
23114;Berufe in der Papierherstellung - hoch komplexe Tätigkeiten;Occupations in paper-making (without specialisation)-highly complex tasks;2145;Chemieingenieure;Chemical engineers;1;1;
23122;Berufe in der Papierverarbeitung und Verpackungstechnik - fachlich ausgerichtete Tätigkeiten;Occupations in paper-processing and packaging-skilled tasks;8142;Bediener von Maschinen zur Herstellung von Kunststoffwaren;Plastic products machine operators;0;2;
23122;Berufe in der Papierverarbeitung und Verpackungstechnik - fachlich ausgerichtete Tätigkeiten;Occupations in paper-processing and packaging-skilled tasks;8143;Bediener von Maschinen zur Herstellung von Papierwaren;Paper products machine operators;0;1;
23123;Berufe in der Papierverarbeitung und Verpackungstechnik - komplexe Spezialistentätigkeiten;Occupations in paper-processing and packaging-complex tasks;3115;Maschinenbautechniker;Mechanical engineering technicians;1;1;
23124;Berufe in der Papierverarbeitung und Verpackungstechnik - hoch komplexe Tätigkeiten;Occupations in paper-processing and packaging-highly complex tasks;2144;Maschinenbauingenieure;Mechanical engineers;1;1;
23193;Aufsichtskräfte - Papier- und Verpackungstechnik;Supervisors in paper-making and -processing and packaging;3122;Produktionsleiter bei der Herstellung von Waren;Manufacturing supervisors;1;1;
23212;Berufe in der Digital- und Printmediengestaltung - fachlich ausgerichtete Tätigkeiten;Occupations in digital and print media design-skilled tasks;7321;Techniker in der Druckvorstufe;Pre-press technicians;1;1;
23213;Berufe in der Digital- und Printmediengestaltung - komplexe Spezialistentätigkeiten;Occupations in digital and print media design-complex tasks#;7321;Techniker in der Druckvorstufe;Pre-press technicians;1;1;
23222;Berufe im Grafik-, Kommunikations- und Fotodesign - fachlich ausgerichtete Tätigkeiten;Occupations in graphic, communication, and photo design-skilled tasks;2166;Grafik- und Multimediadesigner;Graphic and multimedia designers;1;1;
23223;Berufe im Grafik-, Kommunikations- und Fotodesign - komplexe Spezialistentätigkeiten;Occupations in graphic, communication, and photo design-complex tasks;2166;Grafik- und Multimediadesigner;Graphic and multimedia designers;1;1;
23224;Berufe im Grafik-, Kommunikations- und Fotodesign - hoch komplexe Tätigkeiten;Occupations in graphic, communication, and photo design-highly complex tasks;2166;Grafik- und Multimediadesigner;Graphic and multimedia designers;1;1;
23282;Berufe in der technischen Mediengestaltung (sonstige spezifische Tätigkeitsangabe) - fachlich ausgerichtete Tätigkeiten;Occupations in technical media design (with specialisation, not elsewhere classified)-skilled tasks;7321;Techniker in der Druckvorstufe;Pre-press technicians;1;1;
23293;Aufsichtskräfte - Technische Mediengestaltung;Supervisors in technical media design;3122;Produktionsleiter bei der Herstellung von Waren;Manufacturing supervisors;1;1;
23294;Führungskräfte - Technische Mediengestaltung;Managers in technical media design;1222;Führungskräfte in Werbung und Öffentlichkeitsarbeit;Advertising and public relations managers;1;1;
23312;Berufe in der Fototechnik - fachlich ausgerichtete Tätigkeiten;Occupations in photographic technology-skilled tasks;8132;Bediener von Anlagen für fotografische Erzeugnisse;Photographic products machine operators;1;1;
23313;Berufe in der Fototechnik - komplexe Spezialistentätigkeiten;Occupations in photographic technology-complex tasks;3119;Material- und ingenieurtechnische Fachkräfte, anderweitig nicht genannt;Physical and engineering science technicians not elsewhere classified;1;1;
23314;Berufe in der Fototechnik - hoch komplexe Tätigkeiten;Occupations in photographic technology-highly complex tasks;2149;Ingenieure, anderweitig nicht genannt;Engineering professionals not elsewhere classified;1;1;
23322;Berufe in der Fotografie - fachlich ausgerichtete Tätigkeiten;Occupations in photography-skilled tasks;3431;Fotografen;Photographers;1;1;
23323;Berufe in der Fotografie - komplexe Spezialistentätigkeiten;Occupations in photography-complex tasks;3431;Fotografen;Photographers;1;1;
23393;Aufsichtskräfte - Fototechnik und Fotografie;Supervisors in photography and photographic technology;3431;Fotografen;Photographers;1;1;
23411;Berufe in der Drucktechnik - Helfer-/Anlerntätigkeiten;Occupations in printing technology-unskilled/semiskilled tasks;9329;Hilfsarbeiter bei der Herstellung von Waren, anderweitig nicht genannt;Manufacturing labourers not elsewhere classified;1;1;
23412;Berufe in der Drucktechnik - fachlich ausgerichtete Tätigkeiten;Occupations in printing technology-skilled tasks;7322;Drucker;Printers;1;1;
23413;Berufe in der Drucktechnik - komplexe Spezialistentätigkeiten;Occupations in printing technology-complex tasks;3119;Material- und ingenieurtechnische Fachkräfte, anderweitig nicht genannt;Physical and engineering science technicians not elsewhere classified;1;1;
23414;Berufe in der Drucktechnik - hoch komplexe Tätigkeiten;Occupations in printing technology-highly complex tasks;2149;Ingenieure, anderweitig nicht genannt;Engineering professionals not elsewhere classified;1;1;
23422;Berufe in der Buchbinderei und Druckweiterverarbeitung - fachlich ausgerichtete Tätigkeiten;Occupations in book binding and print finishing-skilled tasks;7323;Berufe in der Druckweiterverarbeitung und Buchbinder;Print finishing and binding workers;1;1;
23423;Berufe in der Buchbinderei und Druckweiterverarbeitung - komplexe Spezialistentätigkeiten;Occupations in book binding and print finishing-complex tasks;3433;Fachkräfte in Kunstgalerien, Museen und Bibliotheken;Gallery, museum and library technicians;1;1;
23493;Aufsichtskräfte - Drucktechnik und -weiterverarbeitung, Buchbinderei;Supervisors in printing technology, print finishing, and book binding;3122;Produktionsleiter bei der Herstellung von Waren;Manufacturing supervisors;1;1;
24101;Berufe in der Metallerzeugung (ohne Spezialisierung) - Helfer-/Anlerntätigkeiten;Occupations in metal-making (without specialisation)-unskilled/semiskilled tasks;9329;Hilfsarbeiter bei der Herstellung von Waren, anderweitig nicht genannt;Manufacturing labourers not elsewhere classified;1;1;
24112;Berufe in der Hüttentechnik - fachlich ausgerichtete Tätigkeiten;Occupations in metallurgy-skilled tasks;8121;Bediener von Anlagen in der Metallerzeugung und -umformung;Metal processing plant operators;1;1;
24113;Berufe in der Hüttentechnik - komplexe Spezialistentätigkeiten;Occupations in metallurgy-complex tasks;3135;Steuerer von Verfahren in der Metallerzeugung;Metal production process controllers;1;1;
24114;Berufe in der Hüttentechnik - hoch komplexe Tätigkeiten;Occupations in metallurgy-highly complex tasks;2146;Bergbauingenieure, Metallurgen und verwandte Berufe;Mining engineers, metallurgists and related professionals;1;1;
24122;Berufe in der Metallumformung - fachlich ausgerichtete Tätigkeiten;Occupations in metal moulding-skilled tasks;8121;Bediener von Anlagen in der Metallerzeugung und -umformung;Metal processing plant operators;1;1;
24123;Berufe in der Metallumformung - komplexe Spezialistentätigkeiten;Occupations in metal moulding-complex tasks;3135;Steuerer von Verfahren in der Metallerzeugung;Metal production process controllers;1;1;
24124;Berufe in der Metallumformung - hoch komplexe Tätigkeiten;Occupations in metal moulding-highly complex tasks;2146;Bergbauingenieure, Metallurgen und verwandte Berufe;Mining engineers, metallurgists and related professionals;1;1;
24132;Berufe in der industriellen Gießerei - fachlich ausgerichtete Tätigkeiten;Occupations in industrial metal casting-skilled tasks;8121;Bediener von Anlagen in der Metallerzeugung und -umformung;Metal processing plant operators;1;1;
24133;Berufe in der industriellen Gießerei - komplexe Spezialistentätigkeiten;Occupations in industrial metal casting-complex tasks;3117;Bergbau- und Hüttentechniker;Mining and metallurgical technicians;1;1;
24134;Berufe in der industriellen Gießerei - hoch komplexe Tätigkeiten;Occupations in industrial metal casting -highly complex tasks;2146;Bergbauingenieure, Metallurgen und verwandte Berufe;Mining engineers, metallurgists and related professionals;1;1;
24142;Berufe in der handwerklichen Metall- und Glockengießerei - fachlich ausgerichtete Tätigkeiten;Occupations in manual metal and bell founding-skilled tasks;7211;Former und Kernmacher (für Metallguss);Metal molders and core makers;1;1;
24193;Aufsichtskräfte - Metallerzeugung;Supervisors in metal-making;3122;Produktionsleiter bei der Herstellung von Waren;Manufacturing supervisors;1;1;
24201;Berufe in der Metallbearbeitung (ohne Spezialisierung) - Helfer-/Anlerntätigkeiten;Occupations in metalworking (without specialisation)-unskilled/semiskilled tasks;9329;Hilfsarbeiter bei der Herstellung von Waren, anderweitig nicht genannt;Manufacturing labourers not elsewhere classified;0;2;
24201;Berufe in der Metallbearbeitung (ohne Spezialisierung) - Helfer-/Anlerntätigkeiten;Occupations in metalworking (without specialisation)-unskilled/semiskilled tasks;7223;Werkzeugmaschineneinrichter und -bediener;Metal working machine tool setters and operators;0;1;
24202;Berufe in der Metallbearbeitung (ohne Spezialisierung) - fachlich ausgerichtete Tätigkeiten;Occupations in metalworking (without specialisation)-skilled tasks;7223;Werkzeugmaschineneinrichter und -bediener;Metal working machine tool setters and operators;1;1;
24203;Berufe in der Metallbearbeitung (ohne Spezialisierung) - komplexe Spezialistentätigkeiten;Occupations in metalworking (without specialisation)-complex tasks;3119;Material- und ingenieurtechnische Fachkräfte, anderweitig nicht genannt;Physical and engineering science technicians not elsewhere classified;1;1;
24212;Berufe in der spanlosen Metallbearbeitung - fachlich ausgerichtete Tätigkeiten;Occupations in  metalworking: non-cutting-skilled tasks;7223;Werkzeugmaschineneinrichter und -bediener;Metal working machine tool setters and operators;1;1;
24222;Berufe in der schleifenden Metallbearbeitung - fachlich ausgerichtete Tätigkeiten;Occupations in metalworking: grinding-skilled tasks;7224;Metallpolierer, Rundschleifer und Werkzeugschärfer;Metal polishers, wheel grinders and tool sharpeners;1;1;
24232;Berufe in der spanenden Metallbearbeitung - fachlich ausgerichtete Tätigkeiten;Occupations in metalworking: cutting-skilled tasks;7223;Werkzeugmaschineneinrichter und -bediener;Metal working machine tool setters and operators;1;1;
24233;Berufe in der spanenden Metallbearbeitung - komplexe Spezialistentätigkeiten;Occupations in metalworking: cutting-complex tasks;3119;Material- und ingenieurtechnische Fachkräfte, anderweitig nicht genannt;Physical and engineering science technicians not elsewhere classified;1;1;
24243;Berufe in der Metallbearbeitung durch Laserstrahl - komplexe Spezialistentätigkeiten;Occupations in laser-assisted metalworking-complex tasks;7223;Werkzeugmaschineneinrichter und -bediener;Metal working machine tool setters and operators;1;1;
24244;Berufe in der Metallbearbeitung durch Laserstrahl - hoch komplexe Tätigkeiten;Occupations in laser-assisted metalworking-highly complex tasks;2149;Ingenieure, anderweitig nicht genannt;Engineering professionals not elsewhere classified;1;1;
24293;Aufsichtskräfte - Metallbearbeitung;Supervisors in metalworking;3122;Produktionsleiter bei der Herstellung von Waren;Manufacturing supervisors;1;1;
24301;Berufe in der Metalloberflächenbehandlung (ohne Spezialisierung) - Helfer-/Anlerntätigkeiten;Occupations in  treatment of metal surfaces (without specialisation)-unskilled/semiskilled tasks;9329;Hilfsarbeiter bei der Herstellung von Waren, anderweitig nicht genannt;Manufacturing labourers not elsewhere classified;1;1;
24302;Berufe in der Metalloberflächenbehandlung (ohne Spezialisierung) - fachlich ausgerichtete Tätigkeiten;Occupations in treatment of metal surfaces (without specialisation)-skilled tasks;8122;Bediener von Anlagen zur Metallveredlung, Plattierung und Beschichtung von Metallen;Metal finishing, plating and coating machine operators;1;1;
24303;Berufe in der Metalloberflächenbehandlung (ohne Spezialisierung) - komplexe Spezialistentätigkeiten;Occupations in treatment of metal surfaces (without specialisation)-complex tasks;3116;Chemiebetriebs- und Verfahrenstechniker;Chemical engineering technicians;1;1;
24304;Berufe in der Metalloberflächenbehandlung (ohne Spezialisierung) - hoch komplexe Tätigkeiten;Occupations in treatment of metal surfaces (without specialisation)-highly complex tasks;2146;Bergbauingenieure, Metallurgen und verwandte Berufe;Mining engineers, metallurgists and related professionals;1;1;
24382;Berufe in der Metalloberflächenbehandlung (sonstige spezifische Tätigkeitsangabe) - fachlich ausgerichtete Tätigkeiten;Occupations in treatment of metal surfaces (with specialisation, not elsewhere classified)-skilled tasks;8122;Bediener von Anlagen zur Metallveredlung, Plattierung und Beschichtung von Metallen;Metal finishing, plating and coating machine operators;1;1;
24393;Aufsichtskräfte - Metalloberflächenbehandlung;Supervisors in treatment of metal surfaces;3122;Produktionsleiter bei der Herstellung von Waren;Manufacturing supervisors;1;1;
24411;Berufe im Metallbau - Helfer-/Anlerntätigkeiten;Occupations in metal constructing-unskilled/semiskilled tasks;9329;Hilfsarbeiter bei der Herstellung von Waren, anderweitig nicht genannt;Manufacturing labourers not elsewhere classified;1;1;
24412;Berufe im Metallbau - fachlich ausgerichtete Tätigkeiten;Occupations in metal constructing-skilled tasks;7214;Baumetallverformer und Metallbauer;Structural metal preparers and erectors;0;1;
24412;Berufe im Metallbau - fachlich ausgerichtete Tätigkeiten;Occupations in metal constructing-skilled tasks;7221;Grobschmiede, Hammerschmiede und Schmiedepresser;Blacksmiths, hammer smiths and forging press workers;0;2;
24413;Berufe im Metallbau - komplexe Spezialistentätigkeiten;Occupations in metal constructing-complex tasks;3112;Bautechniker;Civil engineering technicians;0;1;
24413;Berufe im Metallbau - komplexe Spezialistentätigkeiten;Occupations in metal constructing-complex tasks;3115;Maschinenbautechniker;Mechanical engineering technicians;0;2;
24414;Berufe im Metallbau - hoch komplexe Tätigkeiten;Occupations in metal constructing-highly complex tasks;2142;Bauingenieure;Civil engineers;1;1;
24422;Berufe in der Schweiß- und Verbindungstechnik - fachlich ausgerichtete Tätigkeiten;Occupations in welding and joining-skilled tasks;7212;Schweißer und Brennschneider;Welders and flame cutters;1;1;
24423;Berufe in der Schweiß- und Verbindungstechnik - komplexe Spezialistentätigkeiten;Occupations in welding and joining-complex tasks;3115;Maschinenbautechniker;Mechanical engineering technicians;1;1;
24424;Berufe in der Schweiß- und Verbindungstechnik - hoch komplexe Tätigkeiten;Occupations in welding and joining-highly complex tasks;2144;Maschinenbauingenieure;Mechanical engineers;1;1;
24432;Industrietaucher/innen und andere Taucherberufe - fachlich ausgerichtete Tätigkeiten;Industrial divers and other diving occupations-skilled tasks;7541;Taucher;Underwater divers;1;1;
24493;Aufsichtskräfte - Metallbau und Schweißtechnik;Supervisors in metal constructing and welding;3122;Produktionsleiter bei der Herstellung von Waren;Manufacturing supervisors;1;1;
24511;Berufe in der Feinwerktechnik - Helfer-/Anlerntätigkeiten;Occupations in precision mechanics-unskilled/semiskilled tasks;9329;Hilfsarbeiter bei der Herstellung von Waren, anderweitig nicht genannt;Manufacturing labourers not elsewhere classified;1;1;
24512;Berufe in der Feinwerktechnik - fachlich ausgerichtete Tätigkeiten;Occupations in precision mechanics-skilled tasks;7311;Präzisionsinstrumentenmacher und -instandsetzer;Precision-instrument makers and repairers;1;1;
24513;Berufe in der Feinwerktechnik - komplexe Spezialistentätigkeiten;Occupations in precision mechanics-complex tasks;3115;Maschinenbautechniker;Mechanical engineering technicians;1;1;
24514;Berufe in der Feinwerktechnik - hoch komplexe Tätigkeiten;Occupations in precision mechanics-highly complex tasks;2144;Maschinenbauingenieure;Mechanical engineers;1;1;
24522;Berufe in der Werkzeugtechnik - fachlich ausgerichtete Tätigkeiten;Occupations in tool making-skilled tasks;7222;Werkzeugmechaniker und verwandte Berufe;Toolmakers and related workers;1;1;
24523;Berufe in der Werkzeugtechnik - komplexe Spezialistentätigkeiten;Occupations in tool making-complex tasks;3115;Maschinenbautechniker;Mechanical engineering technicians;1;1;
24524;Berufe in der Werkzeugtechnik - hoch komplexe Tätigkeiten;Occupations in tool making-highly complex tasks;2144;Maschinenbauingenieure;Mechanical engineers;1;1;
24532;Berufe im Uhrmacherhandwerk - fachlich ausgerichtete Tätigkeiten;Occupations in watchmaking- skilled tasks;7311;Präzisionsinstrumentenmacher und -instandsetzer;Precision-instrument makers and repairers;1;1;
24533;Berufe im Uhrmacherhandwerk - komplexe Spezialistentätigkeiten;Occupations in watchmaking-complex tasks;3115;Maschinenbautechniker;Mechanical engineering technicians;1;1;
24593;Aufsichtskräfte - Feinwerk- und Werkzeugtechnik;Supervisors in precision mechanics and tool making;3122;Produktionsleiter bei der Herstellung von Waren;Manufacturing supervisors;1;1;
25101;Berufe in der Maschinenbau- und Betriebstechnik (ohne Spezialisierung) - Helfer-/Anlerntätigkeiten;Occupations in machine-building and -operating (without specialisation)-unskilled/semiskilled tasks;9329;Hilfsarbeiter bei der Herstellung von Waren, anderweitig nicht genannt;Manufacturing labourers not elsewhere classified;1;1;
25102;Berufe in der Maschinenbau- und Betriebstechnik (ohne Spezialisierung) - fachlich ausgerichtete Tätigkeiten;Occupations in machine-building and -operating (without specialisation)-skilled tasks;7233;Landmaschinen- und Industriemaschinenmechaniker und -schlosser;Agricultural and industrial machinery mechanics and repairers;1;1;
25103;Berufe in der Maschinenbau- und Betriebstechnik (ohne Spezialisierung) - komplexe Spezialistentätigkeiten;Occupations in machine-building and -operating (without specialisation)-complex tasks;3115;Maschinenbautechniker;Mechanical engineering technicians;1;1;
25104;Berufe in der Maschinenbau- und Betriebstechnik (ohne Spezialisierung) - hoch komplexe Tätigkeiten;Occupations in machine-building and -operating (without specialisation)-highly complex tasks;2144;Maschinenbauingenieure;Mechanical engineers;1;1;
25112;Maschinen- und Gerätezusammensetzer/innen - fachlich ausgerichtete Tätigkeiten;Machine and equipment assemblers-skilled tasks;8211;Berufe der Montage von mechanischen Bauteilen;Mechanical machinery assemblers;0;1;
25112;Maschinen- und Gerätezusammensetzer/innen - fachlich ausgerichtete Tätigkeiten;Machine and equipment assemblers-skilled tasks;8219;Montageberufe, anderweitig nicht genannt;Assemblers not elsewhere classified;0;2;
25122;Maschinen- und Anlagenführer/innen - fachlich ausgerichtete Tätigkeiten;Machine and plant operators-skilled tasks;8189;Bediener stationärer Anlagen und Maschinen, anderweitig nicht genannt;Stationary plant and machine operators not elsewhere classified;0;1;
25122;Maschinen- und Anlagenführer/innen - fachlich ausgerichtete Tätigkeiten;Machine and plant operators-skilled tasks;8182;Bediener von Dampfmaschinen und -kesseln;Steam engine and boiler operators;0;2;
25131;Technische Servicekräfte in Wartung und Instandhaltung - Helfer-/Anlerntätigkeiten;Technical service staff in maintenance and repair-unskilled/semiskilled tasks;9623;Zählerableser, Automatenbefüller und -kassierer;Meter readers and vending-machine collectors;1;1;
25132;Technische Servicekräfte in Wartung und Instandhaltung - fachlich ausgerichtete Tätigkeiten;Technical service staff in maintenance and repair-skilled tasks;7412;Elektromechaniker und verwandte Berufe;Electrical mechanics and fitters;0;1;
25132;Technische Servicekräfte in Wartung und Instandhaltung - fachlich ausgerichtete Tätigkeiten;Technical service staff in maintenance and repair-skilled tasks;7233;Landmaschinen- und Industriemaschinenmechaniker und -schlosser;Agricultural and industrial machinery mechanics and repairers;0;2;
25133;Technische Servicekräfte in Wartung und Instandhaltung - komplexe Spezialistentätigkeiten;Technical service staff in maintenance and repair-complex tasks;3115;Maschinenbautechniker;Mechanical engineering technicians;1;1;
25134;Technische Servicekräfte in Wartung und Instandhaltung - hoch komplexe Tätigkeiten;Technical service staff in maintenance and repair-highly complex tasks;2144;Maschinenbauingenieure;Mechanical engineers;1;1;
25182;Berufe in der Maschinenbau- und Betriebstechnik (sonstige spezifische Tätigkeitsangabe) - fachlich ausgerichtete Tätigkeiten;Occupations in machine-building and -operating (with specialisation, not elsewhere classified)-skilled tasks;7233;Landmaschinen- und Industriemaschinenmechaniker und -schlosser;Agricultural and industrial machinery mechanics and repairers;1;1;
25183;Berufe in der Maschinenbau- und Betriebstechnik (sonstige spezifische Tätigkeitsangabe) - komplexe Spezialistentätigkeiten;Occupations in machine-building and -operating (with specialisation, not elsewhere classified)-complex tasks;3115;Maschinenbautechniker;Mechanical engineering technicians;1;1;
25184;Berufe in der Maschinenbau- und Betriebstechnik (sonstige spezifische Tätigkeitsangabe) - hoch komplexe Tätigkeiten;Occupations in machine-building and -operating (with specialisation, not elsewhere classified)-highly complex tasks;2144;Maschinenbauingenieure;Mechanical engineers;1;1;
25193;Aufsichtskräfte - Maschinenbau- und Betriebstechnik;Supervisors in machine-building and -operating;3122;Produktionsleiter bei der Herstellung von Waren;Manufacturing supervisors;1;1;
25194;Führungskräfte - Maschinenbau- und Betriebstechnik;Managers in machine-building and -operating;2141;Wirtschafts- und Produktionsingenieure;Industrial and production engineers;1;1;
25201;Berufe in der Fahrzeugtechnik (ohne Spezialisierung) - Helfer-/Anlerntätigkeiten;Technical occupations in the automotive industries (without specialisation)-unskilled/semiskilled tasks;9329;Hilfsarbeiter bei der Herstellung von Waren, anderweitig nicht genannt;Manufacturing labourers not elsewhere classified;0;1;
25201;Berufe in der Fahrzeugtechnik (ohne Spezialisierung) - Helfer-/Anlerntätigkeiten;Technical occupations in the automotive industries (without specialisation)-unskilled/semiskilled tasks;7231;Kraftfahrzeugmechaniker und -schlosser;Motor vehicle mechanics and repairers;0;2;
25212;Berufe in der Kraftfahrzeugtechnik - fachlich ausgerichtete Tätigkeiten;Technical occupations in the automotive industries-skilled tasks;7231;Kraftfahrzeugmechaniker und -schlosser;Motor vehicle mechanics and repairers;1;1;
25213;Berufe in der Kraftfahrzeugtechnik - komplexe Spezialistentätigkeiten;Technical occupations in the automotive industries-complex tasks;3115;Maschinenbautechniker;Mechanical engineering technicians;1;1;
25214;Berufe in der Kraftfahrzeugtechnik - hoch komplexe Tätigkeiten;Technical occupations in the automotive industries-highly complex tasks;2144;Maschinenbauingenieure;Mechanical engineers;1;1;
25222;Berufe in der Land- und Baumaschinentechnik - fachlich ausgerichtete Tätigkeiten;Technical occupations, agricultural and construction machinery-skilled tasks;7233;Landmaschinen- und Industriemaschinenmechaniker und -schlosser;Agricultural and industrial machinery mechanics and repairers;1;1;
25223;Berufe in der Land- und Baumaschinentechnik - komplexe Spezialistentätigkeiten;Technical occupations, agricultural and construction machinery-complex tasks;3115;Maschinenbautechniker;Mechanical engineering technicians;1;1;
25224;Berufe in der Land- und Baumaschinentechnik - hoch komplexe Tätigkeiten;Technical occupations, agricultural and construction machinery-highly complex tasks;2144;Maschinenbauingenieure;Mechanical engineers;1;1;
25232;Berufe in der Luft- und Raumfahrttechnik - fachlich ausgerichtete Tätigkeiten;Technical occupations in the aeronautic and aerospace industries-skilled tasks;8211;Berufe der Montage von mechanischen Bauteilen;Mechanical machinery assemblers;0;2;
25232;Berufe in der Luft- und Raumfahrttechnik - fachlich ausgerichtete Tätigkeiten;Technical occupations in the aeronautic and aerospace industries-skilled tasks;7232;Flugmotorenmechaniker und -schlosser;Aircraft engine mechanics and repairers;0;1;
25233;Berufe in der Luft- und Raumfahrttechnik - komplexe Spezialistentätigkeiten;Technical occupations in the aeronautic and aerospace industries-complex tasks;3115;Maschinenbautechniker;Mechanical engineering technicians;1;1;
25234;Berufe in der Luft- und Raumfahrttechnik - hoch komplexe Tätigkeiten;Technical occupations in the aeronautic and aerospace industries-highly complex tasks;2144;Maschinenbauingenieure;Mechanical engineers;1;1;
25242;Berufe in der Schiffbautechnik - fachlich ausgerichtete Tätigkeiten;Technical occupations in ship building-skilled tasks;7214;Baumetallverformer und Metallbauer;Structural metal preparers and erectors;1;1;
25243;Berufe in der Schiffbautechnik - komplexe Spezialistentätigkeiten;Technical occupations in ship building-complex tasks;3115;Maschinenbautechniker;Mechanical engineering technicians;1;1;
25244;Berufe in der Schiffbautechnik - hoch komplexe Tätigkeiten;Technical occupations in ship building-highly complex tasks;2144;Maschinenbauingenieure;Mechanical engineers;1;1;
25252;Berufe in der Zweiradtechnik - fachlich ausgerichtete Tätigkeiten;Technical occupations in the maintenance and construction of bicycles and motorbikes-skilled tasks;8211;Berufe der Montage von mechanischen Bauteilen;Mechanical machinery assemblers;0;3;
25252;Berufe in der Zweiradtechnik - fachlich ausgerichtete Tätigkeiten;Technical occupations in the maintenance and construction of bicycles and motorbikes-skilled tasks;7234;Fahrradmechaniker und verwandte Berufe;Bicycle and related repairers;0;1;
25252;Berufe in der Zweiradtechnik - fachlich ausgerichtete Tätigkeiten;Technical occupations in the maintenance and construction of bicycles and motorbikes-skilled tasks;7231;Kraftfahrzeugmechaniker und -schlosser;Motor vehicle mechanics and repairers;0;2;
25252;Berufe in der Zweiradtechnik - fachlich ausgerichtete Tätigkeiten;Technical occupations in the maintenance and construction of bicycles and motorbikes-skilled tasks;8219;Montageberufe, anderweitig nicht genannt;Assemblers not elsewhere classified;0;4;
25253;Berufe in der Zweiradtechnik - komplexe Spezialistentätigkeiten;Technical occupations in the maintenance and construction of bicycles and motorbikes-complex tasks;3115;Maschinenbautechniker;Mechanical engineering technicians;1;1;
25254;Berufe in der Zweiradtechnik - hoch komplexe Tätigkeiten;Technical occupations in the maintenance and construction of bicycles and motorbikes-highly complex tasks;2144;Maschinenbauingenieure;Mechanical engineers;1;1;
25293;Aufsichtskräfte - Fahrzeug-, Luft-, Raumfahrt- und Schiffbautechnik;Supervisors in the automotive, aeronautic, aerospace and ship building industries;3122;Produktionsleiter bei der Herstellung von Waren;Manufacturing supervisors;1;1;
25294;Führungskräfte - Fahrzeug-, Luft-, Raumfahrt- und Schiffbautechnik;Managers in the automotive, aeronautic, aerospace and ship building industries;2141;Wirtschafts- und Produktionsingenieure;Industrial and production engineers;1;1;
26102;Berufe in der Mechatronik und Automatisierungstechnik (ohne Spezialisierung) - fachlich ausgerichtete Tätigkeiten;Occupations in mechatronics, automation and control technology (without specialisation)-skilled tasks;3119;Material- und ingenieurtechnische Fachkräfte, anderweitig nicht genannt;Physical and engineering science technicians not elsewhere classified;1;1;
26112;Berufe in der Mechatronik - fachlich ausgerichtete Tätigkeiten;Occupations in mechatronics-skilled tasks;7412;Elektromechaniker und verwandte Berufe;Electrical mechanics and fitters;1;1;
26113;Berufe in der Mechatronik - komplexe Spezialistentätigkeiten;Occupations in mechatronics-complex tasks;3113;Elektrotechniker;Electrical engineering technicians;1;1;
26114;Berufe in der Mechatronik - hoch komplexe Tätigkeiten;Occupations in mechatronics-highly complex tasks;2151;Ingenieure im Bereich Elektrotechnik;Electrical engineers;1;1;
26122;Berufe in der Automatisierungstechnik - fachlich ausgerichtete Tätigkeiten;Occupations in automation and control technology-skilled tasks;7421;Elektroniker und Elektronik-Servicetechniker;Electronics mechanics and servicers;1;1;
26123;Berufe in der Automatisierungstechnik - komplexe Spezialistentätigkeiten;Occupations in automation and control technology-complex tasks;3114;Techniker im Bereich Elektronik;Electronics engineering technicians;1;1;
26124;Berufe in der Automatisierungstechnik - hoch komplexe Tätigkeiten;Occupations in automation and control technology-highly complex tasks;2152;Ingenieure im Bereich Elektronik;Electronics engineers;1;1;
26193;Aufsichtskräfte - Mechatronik und Automatisierungstechnik;Supervisors in mechatronics and automation and control technology;3122;Produktionsleiter bei der Herstellung von Waren;Manufacturing supervisors;1;1;
26212;Berufe in der Bauelektrik - fachlich ausgerichtete Tätigkeiten;Electricians in construction-skilled tasks;7411;Bauelektriker und verwandte Berufe;Building and related electricians;1;1;
26213;Berufe in der Bauelektrik - komplexe Spezialistentätigkeiten;Electricians in construction-complex tasks;3113;Elektrotechniker;Electrical engineering technicians;1;1;
26222;Berufe in der Elektromaschinentechnik - fachlich ausgerichtete Tätigkeiten;Technical occupations in maintenance of electric machines-skilled tasks;7412;Elektromechaniker und verwandte Berufe;Electrical mechanics and fitters;1;1;
26223;Berufe in der Elektromaschinentechnik - komplexe Spezialistentätigkeiten;Technical occupations in maintenance of electric machines-complex tasks;3113;Elektrotechniker;Electrical engineering technicians;1;1;
26232;Berufe in der Energie- und Kraftwerkstechnik - fachlich ausgerichtete Tätigkeiten;Technical occupations in energy and power plant technology-skilled tasks;7421;Elektroniker und Elektronik-Servicetechniker;Electronics mechanics and servicers;1;1;
26233;Berufe in der Energie- und Kraftwerkstechnik - komplexe Spezialistentätigkeiten;Technical occupations in energy and power plant technology-complex tasks;3131;Steuerer von Energieerzeugungsanlagen;Power production plant operators;1;1;
26234;Berufe in der Energie- und Kraftwerkstechnik - hoch komplexe Tätigkeiten;Technical occupations in energy and power plant technology-highly complex tasks;2151;Ingenieure im Bereich Elektrotechnik;Electrical engineers;1;1;
26242;Berufe in der regenerativen Energietechnik - fachlich ausgerichtete Tätigkeiten;Occupations in renewable energy technology-skilled tasks;7412;Elektromechaniker und verwandte Berufe;Electrical mechanics and fitters;1;1;
26243;Berufe in der regenerativen Energietechnik - komplexe Spezialistentätigkeiten;Occupations in renewable energy technology-complex tasks;3113;Elektrotechniker;Electrical engineering technicians;1;1;
26244;Berufe in der regenerativen Energietechnik - hoch komplexe Tätigkeiten;Occupations in renewable energy technology-highly complex tasks;2151;Ingenieure im Bereich Elektrotechnik;Electrical engineers;1;1;
26252;Berufe in der elektrischen Betriebstechnik - fachlich ausgerichtete Tätigkeiten;Occupations in installing and maintaining electrical machines and equipment in plants-skilled tasks;7412;Elektromechaniker und verwandte Berufe;Electrical mechanics and fitters;1;1;
26253;Berufe in der elektrischen Betriebstechnik - komplexe Spezialistentätigkeiten;Occupations in installing and maintaining electrical machines and equipment in plants-complex tasks;3113;Elektrotechniker;Electrical engineering technicians;1;1;
26262;Berufe in der Leitungsinstallation und -wartung - fachlich ausgerichtete Tätigkeiten;Occupations in installing and servicing electrical cables-skilled tasks;7413;Elektroleitungsinstallateure und Wartungspersonal;Electrical line installers and repairers;1;1;
26263;Berufe in der Leitungsinstallation und -wartung - komplexe Spezialistentätigkeiten;Occupations in installing and servicing electrical cables-complex tasks;3113;Elektrotechniker;Electrical engineering technicians;1;1;
26264;Berufe in der Leitungsinstallation und -wartung - hoch komplexe Tätigkeiten;Occupations in installing and servicing electrical cables-highly complex tasks;2151;Ingenieure im Bereich Elektrotechnik;Electrical engineers;1;1;
26293;Aufsichtskräfte - Energietechnik;Supervisors in energy technology;3122;Produktionsleiter bei der Herstellung von Waren;Manufacturing supervisors;1;1;
26301;Berufe in der Elektrotechnik (ohne Spezialisierung) - Helfer-/Anlerntätigkeiten;Occupations in electrical engineering (without specialisation)-unskilled/semiskilled tasks;8212;Berufe der Montage von elektrischen und elektronischen Geräten;Electrical and electronic equipment assemblers;0;1;
26301;Berufe in der Elektrotechnik (ohne Spezialisierung) - Helfer-/Anlerntätigkeiten;Occupations in electrical engineering (without specialisation)-unskilled/semiskilled tasks;9329;Hilfsarbeiter bei der Herstellung von Waren, anderweitig nicht genannt;Manufacturing labourers not elsewhere classified;0;4;
26301;Berufe in der Elektrotechnik (ohne Spezialisierung) - Helfer-/Anlerntätigkeiten;Occupations in electrical engineering (without specialisation)-unskilled/semiskilled tasks;9313;Hilfsarbeiter im Hochbau;Building construction labourers;0;3;
26301;Berufe in der Elektrotechnik (ohne Spezialisierung) - Helfer-/Anlerntätigkeiten;Occupations in electrical engineering (without specialisation)-unskilled/semiskilled tasks;7422;Installateure und Servicetechniker im Bereich Informations- und Kommunikationstechnik;Information and communications technology installers and servicers;0;2;
26302;Berufe in der Elektrotechnik (ohne Spezialisierung) - fachlich ausgerichtete Tätigkeiten;Occupations in electrical engineering (without specialisation)-skilled tasks;7421;Elektroniker und Elektronik-Servicetechniker;Electronics mechanics and servicers;1;1;
26303;Berufe in der Elektrotechnik (ohne Spezialisierung) - komplexe Spezialistentätigkeiten;Occupations in electrical engineering (without specialisation)-complex tasks;3113;Elektrotechniker;Electrical engineering technicians;0;1;
26303;Berufe in der Elektrotechnik (ohne Spezialisierung) - komplexe Spezialistentätigkeiten;Occupations in electrical engineering (without specialisation)-complex tasks;3114;Techniker im Bereich Elektronik;Electronics engineering technicians;0;2;
26304;Berufe in der Elektrotechnik (ohne Spezialisierung) - hoch komplexe Tätigkeiten;Occupations in electrical engineering (without specialisation)-highly complex tasks;2152;Ingenieure im Bereich Elektronik;Electronics engineers;0;2;
26304;Berufe in der Elektrotechnik (ohne Spezialisierung) - hoch komplexe Tätigkeiten;Occupations in electrical engineering (without specialisation)-highly complex tasks;2151;Ingenieure im Bereich Elektrotechnik;Electrical engineers;0;1;
26312;Berufe in der Informations- und Telekommunikationstechnik - fachlich ausgerichtete Tätigkeiten;Occupations in information and telecommunication technology-skilled tasks;7422;Installateure und Servicetechniker im Bereich Informations- und Kommunikationstechnik;Information and communications technology installers and servicers;1;1;
26313;Berufe in der Informations- und Telekommunikationstechnik - komplexe Spezialistentätigkeiten;Occupations in information and telecommunication technology-complex tasks;3114;Techniker im Bereich Elektronik;Electronics engineering technicians;0;2;
26313;Berufe in der Informations- und Telekommunikationstechnik - komplexe Spezialistentätigkeiten;Occupations in information and telecommunication technology-complex tasks;3522;Telekommunikationstechniker;Telecommunications engineering technicians;0;1;
26314;Berufe in der Informations- und Telekommunikationstechnik - hoch komplexe Tätigkeiten;Occupations in information and telecommunication technology-highly complex tasks;2152;Ingenieure im Bereich Elektronik;Electronics engineers;0;2;
26314;Berufe in der Informations- und Telekommunikationstechnik - hoch komplexe Tätigkeiten;Occupations in information and telecommunication technology-highly complex tasks;2153;Ingenieure im Bereich Telekommunikationstechnik;Telecommunications engineers;0;1;
26322;Berufe in der Mikrosystemtechnik - fachlich ausgerichtete Tätigkeiten;Occupations in microsystems technology-skilled tasks;8189;Bediener stationärer Anlagen und Maschinen, anderweitig nicht genannt;Stationary plant and machine operators not elsewhere classified;1;1;
26323;Berufe in der Mikrosystemtechnik - komplexe Spezialistentätigkeiten;Occupations in microsystems technology-complex tasks;3114;Techniker im Bereich Elektronik;Electronics engineering technicians;1;1;
26324;Berufe in der Mikrosystemtechnik - hoch komplexe Tätigkeiten;Occupations in microsystems technology-highly complex tasks;2152;Ingenieure im Bereich Elektronik;Electronics engineers;1;1;
26332;Berufe in der Luftverkehrs-, Schiffs- und Fahrzeugelektronik - fachlich ausgerichtete Tätigkeiten;Occupations in aeronautic, naval, and automotive electronics-skilled tasks;7421;Elektroniker und Elektronik-Servicetechniker;Electronics mechanics and servicers;1;1;
26333;Berufe in der Luftverkehrs-, Schiffs- und Fahrzeugelektronik - komplexe Spezialistentätigkeiten;Occupations in in aeronautic, naval, and automotive electronics-complex tasks;3114;Techniker im Bereich Elektronik;Electronics engineering technicians;1;1;
26334;Berufe in der Luftverkehrs-, Schiffs- und Fahrzeugelektronik - hoch komplexe Tätigkeiten;Occupations in in aeronautic, naval, and automotive electronics-highly complex tasks;2152;Ingenieure im Bereich Elektronik;Electronics engineers;1;1;
26382;Berufe in der Elektrotechnik (sonstige spezifische Tätigkeitsangabe) - fachlich ausgerichtete Tätigkeiten;Occupations in electrical engineering (with specialisation, not elsewhere classified)-skilled tasks;7421;Elektroniker und Elektronik-Servicetechniker;Electronics mechanics and servicers;1;1;
26383;Berufe in der Elektrotechnik (sonstige spezifische Tätigkeitsangabe) - komplexe Spezialistentätigkeiten;Occupations in electrical engineering (with specialisation, not elsewhere classified)-complex tasks;3114;Techniker im Bereich Elektronik;Electronics engineering technicians;1;1;
26384;Berufe in der Elektrotechnik (sonstige spezifische Tätigkeitsangabe) - hoch komplexe Tätigkeiten;Occupations in electrical engineering (with specialisation, not elsewhere classified)-highly complex tasks;2149;Ingenieure, anderweitig nicht genannt;Engineering professionals not elsewhere classified;1;1;
26393;Aufsichtskräfte - Elektrotechnik;Supervisors in electrical engineering;3122;Produktionsleiter bei der Herstellung von Waren;Manufacturing supervisors;1;1;
27103;Berufe in der technischen Forschung und Entwicklung (ohne Spezialisierung) - komplexe Spezialistentätigkeiten;Occupations in technical research and development (without specialisation)-complex tasks;3119;Material- und ingenieurtechnische Fachkräfte, anderweitig nicht genannt;Physical and engineering science technicians not elsewhere classified;1;1;
27104;Berufe in der technischen Forschung und Entwicklung (ohne Spezialisierung) - hoch komplexe Tätigkeiten;Occupations in technical research and development (without specialisation)-highly complex tasks;2149;Ingenieure, anderweitig nicht genannt;Engineering professionals not elsewhere classified;1;1;
27182;Berufe in der technischen Forschung und Entwicklung (sonstige spezifische Tätigkeitsangabe) - fachlich ausgerichtete Tätigkeiten;Occupations in technical research and development (with specialisation, not elsewhere classified)-skilled tasks;3119;Material- und ingenieurtechnische Fachkräfte, anderweitig nicht genannt;Physical and engineering science technicians not elsewhere classified;1;1;
27183;Berufe in der technischen Forschung und Entwicklung (sonstige spezifische Tätigkeitsangabe) - komplexe Spezialistentätigkeiten;Occupations in technical research and development (with specialisation, not elsewhere classified)-complex tasks;3119;Material- und ingenieurtechnische Fachkräfte, anderweitig nicht genannt;Physical and engineering science technicians not elsewhere classified;1;1;
27184;Berufe in der technischen Forschung und Entwicklung (sonstige spezifische Tätigkeitsangabe) - hoch komplexe Tätigkeiten;Occupations in technical research and development (with specialisation, not elsewhere classified)-highly complex tasks;2149;Ingenieure, anderweitig nicht genannt;Engineering professionals not elsewhere classified;1;1;
27194;Führungskräfte - Technische Forschung und Entwicklung;Managers in technical research and development;1223;Führungskräfte in Forschung und Entwicklung;Research and development managers;1;1;
27212;Technische Zeichner/innen - fachlich ausgerichtete Tätigkeiten;Draftspersons-skilled tasks;3118;Technische Zeichner;Draughtspersons;1;1;
27223;Berufe in der Konstruktion und im Gerätebau - komplexe Spezialistentätigkeiten;Occupations in technical design and apparatus building-complex tasks;3118;Technische Zeichner;Draughtspersons;1;1;
27224;Berufe in der Konstruktion und im Gerätebau - hoch komplexe Tätigkeiten;Occupations in technical design and apparatus building-highly complex tasks;2149;Ingenieure, anderweitig nicht genannt;Engineering professionals not elsewhere classified;1;1;
27232;Berufe im Modellbau - fachlich ausgerichtete Tätigkeiten;Model makers-skilled tasks;7522;Möbeltischler und verwandte Berufe;Cabinet-makers and related workers;0;2;
27232;Berufe im Modellbau - fachlich ausgerichtete Tätigkeiten;Model makers-skilled tasks;7222;Werkzeugmechaniker und verwandte Berufe;Toolmakers and related workers;0;1;
27282;Technisches Zeichnen, Konstruktion und Modellbau (sonstige spezifische Tätigkeitsangabe) - fachlich ausgerichtete Tätigkeiten;Technical draftspersons, engineering designers and model makers (with specialisation, not elsewhere classified)-skilled tasks;7522;Möbeltischler und verwandte Berufe;Cabinet-makers and related workers;1;1;
27283;Technisches Zeichnen, Konstruktion und Modellbau (sonstige spezifische Tätigkeitsangabe) - komplexe Spezialistentätigkeiten;Technical draftspersons, engineering designers and model makers (with specialisation, not elsewhere classified)-complex tasks;3119;Material- und ingenieurtechnische Fachkräfte, anderweitig nicht genannt;Physical and engineering science technicians not elsewhere classified;1;1;
27284;Technisches Zeichnen, Konstruktion und Modellbau (sonstige spezifische Tätigkeitsangabe) - hoch komplexe Tätigkeiten;Technical draftspersons, engineering designers and model makers (with specialisation, not elsewhere classified)-highly complex tasks;2149;Ingenieure, anderweitig nicht genannt;Engineering professionals not elsewhere classified;1;1;
27293;Aufsichtskräfte - Technisches Zeichnen, Konstruktion und Modellbau;Supervisors in technical drawing, engineering design and model making;3122;Produktionsleiter bei der Herstellung von Waren;Manufacturing supervisors;1;1;
27294;Führungskräfte - Technisches Zeichnen, Konstruktion und Modellbau;Managers in technical drawing, engineering design and model making;1349;Führungskräfte in der Erbringung von speziellen Dienstleistungen, anderweitig nicht genannt;Professional services managers not elsewhere classified;1;1;
27302;Berufe in der technischen Produktionsplanung und -steuerung - fachlich ausgerichtete Tätigkeiten;Technical occupations in production planning and scheduling-skilled tasks;3119;Material- und ingenieurtechnische Fachkräfte, anderweitig nicht genannt;Physical and engineering science technicians not elsewhere classified;1;1;
27303;Berufe in der technischen Produktionsplanung und -steuerung - komplexe Spezialistentätigkeiten;Technical occupations in production planning and scheduling-complex tasks;3119;Material- und ingenieurtechnische Fachkräfte, anderweitig nicht genannt;Physical and engineering science technicians not elsewhere classified;0;1;
27303;Berufe in der technischen Produktionsplanung und -steuerung - komplexe Spezialistentätigkeiten;Technical occupations in production planning and scheduling-complex tasks;3139;Techniker in der Prozesssteuerung, anderweitig nicht genannt;Process control technicians not elsewhere classified;0;2;
27304;Berufe in der technischen Produktionsplanung und -steuerung - hoch komplexe Tätigkeiten;Technical occupations in production planning and scheduling-highly complex tasks;2141;Wirtschafts- und Produktionsingenieure;Industrial and production engineers;1;1;
27312;Berufe in der technischen Qualitätssicherung - fachlich ausgerichtete Tätigkeiten;Technical occupations in quality control-skilled tasks;7543;Produkttester und -klassierer (ohne Nahrungsmittel und Getränke);Product graders and testers (except foods and beverages);1;1;
27313;Berufe in der technischen Qualitätssicherung - komplexe Spezialistentätigkeiten;Technical occupations in quality control-complex tasks;3119;Material- und ingenieurtechnische Fachkräfte, anderweitig nicht genannt;Physical and engineering science technicians not elsewhere classified;1;1;
27314;Berufe in der technischen Qualitätssicherung - hoch komplexe Tätigkeiten;Technical occupations in quality control-highly complex tasks;2141;Wirtschafts- und Produktionsingenieure;Industrial and production engineers;1;1;
27393;Aufsichtskräfte - Technische Produktionsplanung und -steuerung;Supervisors in production planning and scheduling;3122;Produktionsleiter bei der Herstellung von Waren;Manufacturing supervisors;1;1;
27394;Führungskräfte - Technische Produktionsplanung und -steuerung;Managers in production planning and scheduling;1321;Führungskräfte in der Produktion bei der Herstellung von Waren;Manufacturing managers;1;1;
28101;Berufe in der Textiltechnik (ohne Spezialisierung) - Helfer-/Anlerntätigkeiten;Occupations in textile making (without specialisation)-unskilled/semiskilled tasks;9329;Hilfsarbeiter bei der Herstellung von Waren, anderweitig nicht genannt;Manufacturing labourers not elsewhere classified;1;1;
28102;Berufe in der Textiltechnik (ohne Spezialisierung) - fachlich ausgerichtete Tätigkeiten;Occupations in textile making (without specialisation)-skilled tasks;8151;Bediener von Spinnstoffaufbereitungs-, Spinn- und Spulmaschinen;Fibre preparing, spinning and winding machine operators;0;2;
28102;Berufe in der Textiltechnik (ohne Spezialisierung) - fachlich ausgerichtete Tätigkeiten;Occupations in textile making (without specialisation)-skilled tasks;8152;Bediener von Web-, Strick- und Wirkmaschinen;Weaving and knitting machine operators;0;1;
28103;Berufe in der Textiltechnik (ohne Spezialisierung) - komplexe Spezialistentätigkeiten;Occupations in textile making (without specialisation)-complex tasks;3115;Maschinenbautechniker;Mechanical engineering technicians;1;1;
28104;Berufe in der Textiltechnik (ohne Spezialisierung) - hoch komplexe Tätigkeiten;Occupations in textile making (without specialisation)-highly complex tasks;2149;Ingenieure, anderweitig nicht genannt;Engineering professionals not elsewhere classified;1;1;
28112;Berufe in der Textilgestaltung - fachlich ausgerichtete Tätigkeiten;Occupations in textile design-skilled tasks;7318;Kunsthandwerkliche Berufe für Textilien, Leder und verwandte Materialien;Handicraft workers in textile, leather and related materials;0;3;
28112;Berufe in der Textilgestaltung - fachlich ausgerichtete Tätigkeiten;Occupations in textile design-skilled tasks;7533;Näher, Sticker und verwandte Berufe;Sewing, embroidery and related workers;0;2;
28112;Berufe in der Textilgestaltung - fachlich ausgerichtete Tätigkeiten;Occupations in textile design-skilled tasks;7532;Schnittmustermacher und Zuschneider;Garment and related patternmakers and cutters;0;1;
28113;Berufe in der Textilgestaltung - komplexe Spezialistentätigkeiten;Occupations in textile design-complex tasks;2163;Produkt- und Textildesigner;Product and garment designers;1;1;
28114;Berufe in der Textilgestaltung - hoch komplexe Tätigkeiten;Occupations in textile design-highly complex tasks;2163;Produkt- und Textildesigner;Product and garment designers;1;1;
28122;Berufe in der Textilherstellung - fachlich ausgerichtete Tätigkeiten;Occupations in textile production-skilled tasks;8159;Bediener von Maschinen zur Herstellung von Textil-, Pelz- und Lederwaren, anderweitig nicht genannt;Textile, fur and leather products machine operators not elsewhere classified;0;3;
28122;Berufe in der Textilherstellung - fachlich ausgerichtete Tätigkeiten;Occupations in textile production-skilled tasks;8152;Bediener von Web-, Strick- und Wirkmaschinen;Weaving and knitting machine operators;0;1;
28122;Berufe in der Textilherstellung - fachlich ausgerichtete Tätigkeiten;Occupations in textile production-skilled tasks;7533;Näher, Sticker und verwandte Berufe;Sewing, embroidery and related workers;0;2;
28123;Berufe in der Textilherstellung - komplexe Spezialistentätigkeiten;Occupations in textile production-complex tasks;3115;Maschinenbautechniker;Mechanical engineering technicians;1;1;
28132;Berufe in der Garn- und Seilherstellung - fachlich ausgerichtete Tätigkeiten;Occupations in spinning and rope-making-skilled tasks;8151;Bediener von Spinnstoffaufbereitungs-, Spinn- und Spulmaschinen;Fibre preparing, spinning and winding machine operators;0;1;
28132;Berufe in der Garn- und Seilherstellung - fachlich ausgerichtete Tätigkeiten;Occupations in spinning and rope-making-skilled tasks;8152;Bediener von Web-, Strick- und Wirkmaschinen;Weaving and knitting machine operators;0;2;
28133;Berufe in der Garn- und Seilherstellung - komplexe Spezialistentätigkeiten;Occupations in spinning and rope-making-complex tasks;3115;Maschinenbautechniker;Mechanical engineering technicians;1;1;
28142;Berufe in der Textilveredlung - fachlich ausgerichtete Tätigkeiten;Occupations in textile finishing-skilled tasks;8154;Bediener von Bleich- und Färbemaschinen;Bleaching, dyeing and fabric cleaning machine operators;1;1;
28143;Berufe in der Textilveredlung - komplexe Spezialistentätigkeiten;Occupations in textile finishing-complex tasks;3115;Maschinenbautechniker;Mechanical engineering technicians;1;1;
28193;Aufsichtskräfte - Textiltechnik und -produktion;Supervisors in textile making;3122;Produktionsleiter bei der Herstellung von Waren;Manufacturing supervisors;1;1;
28194;Führungskräfte - Textiltechnik und -produktion;Managers in textile making;1321;Führungskräfte in der Produktion bei der Herstellung von Waren;Manufacturing managers;0;1;
28194;Führungskräfte - Textiltechnik und -produktion;Managers in textile making;2149;Ingenieure, anderweitig nicht genannt;Engineering professionals not elsewhere classified;0;2;
28194;Führungskräfte - Textiltechnik und -produktion;Managers in textile making;3122;Produktionsleiter bei der Herstellung von Waren;Manufacturing supervisors;0;3;
28212;Berufe im Modedesign - fachlich ausgerichtete Tätigkeiten;Occupations in fashion design-skilled tasks;7532;Schnittmustermacher und Zuschneider;Garment and related patternmakers and cutters;1;1;
28213;Berufe im Modedesign - komplexe Spezialistentätigkeiten;Occupations in fashion design-complex tasks;2163;Produkt- und Textildesigner;Product and garment designers;1;1;
28214;Berufe im Modedesign - hoch komplexe Tätigkeiten;Occupations in fashion design-highly complex tasks;2163;Produkt- und Textildesigner;Product and garment designers;1;1;
28221;Berufe in der Bekleidungs-, Hut- und Mützenherstellung - Helfer-/Anlerntätigkeiten;Occupations in the production of clothing, hat and cap making-unskilled/semiskilled tasks;8159;Bediener von Maschinen zur Herstellung von Textil-, Pelz- und Lederwaren, anderweitig nicht genannt;Textile, fur and leather products machine operators not elsewhere classified;0;3;
28221;Berufe in der Bekleidungs-, Hut- und Mützenherstellung - Helfer-/Anlerntätigkeiten;Occupations in the production of clothing, hat and cap making-unskilled/semiskilled tasks;8153;Bediener von Nähmaschinen;Sewing machine operators;0;1;
28221;Berufe in der Bekleidungs-, Hut- und Mützenherstellung - Helfer-/Anlerntätigkeiten;Occupations in the production of clothing, hat and cap making-unskilled/semiskilled tasks;9329;Hilfsarbeiter bei der Herstellung von Waren, anderweitig nicht genannt;Manufacturing labourers not elsewhere classified;0;4;
28221;Berufe in der Bekleidungs-, Hut- und Mützenherstellung - Helfer-/Anlerntätigkeiten;Occupations in the production of clothing, hat and cap making-unskilled/semiskilled tasks;7533;Näher, Sticker und verwandte Berufe;Sewing, embroidery and related workers;0;2;
28222;Berufe in der Bekleidungs-, Hut- und Mützenherstellung - fachlich ausgerichtete Tätigkeiten;Occupations in the production of clothing, hat and cap making-skilled tasks;8153;Bediener von Nähmaschinen;Sewing machine operators;0;4;
28222;Berufe in der Bekleidungs-, Hut- und Mützenherstellung - fachlich ausgerichtete Tätigkeiten;Occupations in the production of clothing, hat and cap making-skilled tasks;7531;Herren- und Damenschneider, Kürschner und Hutmacher;Tailors, dressmakers, furriers and hatters;0;1;
28222;Berufe in der Bekleidungs-, Hut- und Mützenherstellung - fachlich ausgerichtete Tätigkeiten;Occupations in the production of clothing, hat and cap making-skilled tasks;7533;Näher, Sticker und verwandte Berufe;Sewing, embroidery and related workers;0;3;
28222;Berufe in der Bekleidungs-, Hut- und Mützenherstellung - fachlich ausgerichtete Tätigkeiten;Occupations in the production of clothing, hat and cap making-skilled tasks;7532;Schnittmustermacher und Zuschneider;Garment and related patternmakers and cutters;0;2;
28223;Berufe in der Bekleidungs-, Hut- und Mützenherstellung - komplexe Spezialistentätigkeiten;Occupations in the production of clothing, hat and cap making-complex tasks;3119;Material- und ingenieurtechnische Fachkräfte, anderweitig nicht genannt;Physical and engineering science technicians not elsewhere classified;1;1;
28224;Berufe in der Bekleidungs-, Hut- und Mützenherstellung - hoch komplexe Tätigkeiten;Occupations in the production of clothing, hat and cap making-highly complex tasks;2149;Ingenieure, anderweitig nicht genannt;Engineering professionals not elsewhere classified;1;1;
28232;Technische Konfektionäre/Konfektionärinnen, Segelmacher/innen - fachlich ausgerichtete Tätigkeiten;Occupations in manufacturing of heavy duty textile products, sail makers-skilled tasks;7533;Näher, Sticker und verwandte Berufe;Sewing, embroidery and related workers;1;1;
28242;Berufe in der Polsterei und Fahrzeuginnenausstattung - fachlich ausgerichtete Tätigkeiten;Occupations in upholstery and interior fitting of vehicles-skilled tasks;7534;Polsterer und verwandte Berufe;Upholsterers and related workers;1;1;
28293;Aufsichtskräfte - Textilverarbeitung;Supervisors in the production of clothing and other textile products;3122;Produktionsleiter bei der Herstellung von Waren;Manufacturing supervisors;1;1;
28294;Führungskräfte - Textilverarbeitung;Managers in the production of clothing and other textile products;1321;Führungskräfte in der Produktion bei der Herstellung von Waren;Manufacturing managers;0;1;
28294;Führungskräfte - Textilverarbeitung;Managers in the production of clothing and other textile products;2149;Ingenieure, anderweitig nicht genannt;Engineering professionals not elsewhere classified;0;2;
28294;Führungskräfte - Textilverarbeitung;Managers in the production of clothing and other textile products;3122;Produktionsleiter bei der Herstellung von Waren;Manufacturing supervisors;0;3;
28301;Berufe in der Leder-, Pelzherstellung und -verarbeitung (ohne Spezialisierung) - Helfer-/Anlerntätigkeiten;Occupations in leather- and fur-making and -processing (without specialisation)-unskilled/semiskilled tasks;8159;Bediener von Maschinen zur Herstellung von Textil-, Pelz- und Lederwaren, anderweitig nicht genannt;Textile, fur and leather products machine operators not elsewhere classified;0;1;
28301;Berufe in der Leder-, Pelzherstellung und -verarbeitung (ohne Spezialisierung) - Helfer-/Anlerntätigkeiten;Occupations in leather- and fur-making and -processing (without specialisation)-unskilled/semiskilled tasks;8156;Bediener von Maschinen zur Schuhherstellung und verwandte Berufe;Shoemaking and related machine operators;0;3;
28301;Berufe in der Leder-, Pelzherstellung und -verarbeitung (ohne Spezialisierung) - Helfer-/Anlerntätigkeiten;Occupations in leather- and fur-making and -processing (without specialisation)-unskilled/semiskilled tasks;8155;Bediener von Pelz- und Lederzurichtungs- und -vorbereitungsmaschinen;Fur and leather preparing machine operators;0;2;
28312;Berufe in der Lederherstellung - fachlich ausgerichtete Tätigkeiten;Occupations in leather making-skilled tasks;7535;Pelzveredler, Gerber und Fellzurichter;Pelt dressers, tanners and fellmongers;1;1;
28313;Berufe in der Lederherstellung - komplexe Spezialistentätigkeiten;Occupations in leather making-complex tasks;3119;Material- und ingenieurtechnische Fachkräfte, anderweitig nicht genannt;Physical and engineering science technicians not elsewhere classified;1;1;
28314;Berufe in der Lederherstellung - hoch komplexe Tätigkeiten;Occupations in leather making-highly complex tasks;2149;Ingenieure, anderweitig nicht genannt;Engineering professionals not elsewhere classified;1;1;
28322;Berufe in der Sattlerei und Herstellung von Lederutensilien - fachlich ausgerichtete Tätigkeiten;Occupations in saddlery and production of leather wares;7534;Polsterer und verwandte Berufe;Upholsterers and related workers;0;1;
28322;Berufe in der Sattlerei und Herstellung von Lederutensilien - fachlich ausgerichtete Tätigkeiten;Occupations in saddlery and production of leather wares;7536;Schuhmacher und verwandte Berufe;Shoemakers and related workers;0;2;
28332;Berufe in der Schuhherstellung - fachlich ausgerichtete Tätigkeiten;Occupations in shoemaking-skilled tasks;8156;Bediener von Maschinen zur Schuhherstellung und verwandte Berufe;Shoemaking and related machine operators;0;2;
28332;Berufe in der Schuhherstellung - fachlich ausgerichtete Tätigkeiten;Occupations in shoemaking-skilled tasks;7536;Schuhmacher und verwandte Berufe;Shoemakers and related workers;0;1;
28333;Berufe in der Schuhherstellung - komplexe Spezialistentätigkeiten;Occupations in shoemaking-complex tasks;2163;Produkt- und Textildesigner;Product and garment designers;0;1;
28333;Berufe in der Schuhherstellung - komplexe Spezialistentätigkeiten;Occupations in shoemaking-complex tasks;3122;Produktionsleiter bei der Herstellung von Waren;Manufacturing supervisors;0;2;
28342;Berufe in der Pelzbe- und -verarbeitung - fachlich ausgerichtete Tätigkeiten;Occupations in fur treatment and processing-skilled tasks;7531;Herren- und Damenschneider, Kürschner und Hutmacher;Tailors, dressmakers, furriers and hatters;0;1;
28342;Berufe in der Pelzbe- und -verarbeitung - fachlich ausgerichtete Tätigkeiten;Occupations in fur treatment and processing-skilled tasks;7533;Näher, Sticker und verwandte Berufe;Sewing, embroidery and related workers;0;3;
28342;Berufe in der Pelzbe- und -verarbeitung - fachlich ausgerichtete Tätigkeiten;Occupations in fur treatment and processing-skilled tasks;7535;Pelzveredler, Gerber und Fellzurichter;Pelt dressers, tanners and fellmongers;0;2;
28343;Berufe in der Pelzbe- und -verarbeitung - komplexe Spezialistentätigkeiten;Occupations in fur treatment and processing-complex tasks;3119;Material- und ingenieurtechnische Fachkräfte, anderweitig nicht genannt;Physical and engineering science technicians not elsewhere classified;0;2;
28343;Berufe in der Pelzbe- und -verarbeitung - komplexe Spezialistentätigkeiten;Occupations in fur treatment and processing-complex tasks;2163;Produkt- und Textildesigner;Product and garment designers;0;1;
28393;Aufsichtskräfte - Leder-, Pelzherstellung und -verarbeitung;Supervisors in leather- and fur-making and -processing;3122;Produktionsleiter bei der Herstellung von Waren;Manufacturing supervisors;1;1;
28394;Führungskräfte - Leder-, Pelzherstellung und -verarbeitung;Managers in leather- and fur-making and -processing;1321;Führungskräfte in der Produktion bei der Herstellung von Waren;Manufacturing managers;0;1;
28394;Führungskräfte - Leder-, Pelzherstellung und -verarbeitung;Managers in leather- and fur-making and -processing;2149;Ingenieure, anderweitig nicht genannt;Engineering professionals not elsewhere classified;0;2;
28394;Führungskräfte - Leder-, Pelzherstellung und -verarbeitung;Managers in leather- and fur-making and -processing;3122;Produktionsleiter bei der Herstellung von Waren;Manufacturing supervisors;0;3;
29102;Berufe in der Getränkeherstellung (ohne Spezialisierung) - fachlich ausgerichtete Tätigkeiten;Occupations in beverage production (without specialisation)-skilled tasks;8160;Bediener von Maschinen zur Herstellung von Nahrungs- und Genussmitteln;Food and related products machine operators;1;1;
29103;Berufe in der Getränkeherstellung (ohne Spezialisierung) - komplexe Spezialistentätigkeiten;Occupations in beverage production (without specialisation)-complex tasks;3116;Chemiebetriebs- und Verfahrenstechniker;Chemical engineering technicians;1;1;
29104;Berufe in der Getränkeherstellung (ohne Spezialisierung) - hoch komplexe Tätigkeiten;Occupations in beverage production (without specialisation)-highly complex tasks;2145;Chemieingenieure;Chemical engineers;1;1;
29112;Brauer/innen und Mälzer/innen - fachlich ausgerichtete Tätigkeiten;Brewers and maltsters-skilled tasks;8160;Bediener von Maschinen zur Herstellung von Nahrungs- und Genussmitteln;Food and related products machine operators;1;1;
29113;Brauer/innen und Mälzer/innen - komplexe Spezialistentätigkeiten;Brewers and maltsters-complex tasks;3116;Chemiebetriebs- und Verfahrenstechniker;Chemical engineering technicians;1;1;
29114;Brauer/innen und Mälzer/innen - hoch komplexe Tätigkeiten;Brewers and maltsters-highly complex tasks;2145;Chemieingenieure;Chemical engineers;1;1;
29122;Weinküfer/innen - fachlich ausgerichtete Tätigkeiten;Coopers-skilled tasks;8160;Bediener von Maschinen zur Herstellung von Nahrungs- und Genussmitteln;Food and related products machine operators;1;1;
29123;Weinküfer/innen - komplexe Spezialistentätigkeiten;Coopers-complex tasks;3116;Chemiebetriebs- und Verfahrenstechniker;Chemical engineering technicians;1;1;
29132;Brenner/innen und Destillateure/Destillateurinnen - fachlich ausgerichtete Tätigkeiten;Distillers-skilled tasks;8160;Bediener von Maschinen zur Herstellung von Nahrungs- und Genussmitteln;Food and related products machine operators;1;1;
29133;Brenner/innen und Destillateure/Destillateurinnen - komplexe Spezialistentätigkeiten;Distillers-complex tasks;3116;Chemiebetriebs- und Verfahrenstechniker;Chemical engineering technicians;1;1;
29134;Brenner/innen und Destillateure/Destillateurinnen - hoch komplexe Tätigkeiten;Distillers-highly complex tasks;2145;Chemieingenieure;Chemical engineers;1;1;
29142;Berufe in der Fruchtsafttechnik - fachlich ausgerichtete Tätigkeiten;Occupations in fruit juice production-skilled tasks;8160;Bediener von Maschinen zur Herstellung von Nahrungs- und Genussmitteln;Food and related products machine operators;1;1;
29143;Berufe in der Fruchtsafttechnik - komplexe Spezialistentätigkeiten;Occupations in fruit juice production-complex tasks;3116;Chemiebetriebs- und Verfahrenstechniker;Chemical engineering technicians;1;1;
29152;Nahrungsmittel- und Getränkekoster/innen - fachlich ausgerichtete Tätigkeiten;Tasters of foodstuffs and beverages-skilled tasks;7515;Nahrungsmittel- und Getränkekoster und -klassierer;Food and beverage tasters and graders;1;1;
29193;Aufsichtskräfte - Getränkeherstellung;Supervisors in beverages production;3122;Produktionsleiter bei der Herstellung von Waren;Manufacturing supervisors;1;1;
29194;Führungskräfte - Getränkeherstellung;Managers in beverages production;1321;Führungskräfte in der Produktion bei der Herstellung von Waren;Manufacturing managers;1;1;
29201;Berufe in der Lebensmittelherstellung (ohne Spezialisierung) - Helfer-/Anlerntätigkeiten;Occupations in the production of foodstuffs (without specialisation)-unskilled/semiskilled tasks;8160;Bediener von Maschinen zur Herstellung von Nahrungs- und Genussmitteln;Food and related products machine operators;0;1;
29201;Berufe in der Lebensmittelherstellung (ohne Spezialisierung) - Helfer-/Anlerntätigkeiten;Occupations in the production of foodstuffs (without specialisation)-unskilled/semiskilled tasks;8183;Bediener von Verpackungs-, Abfüll- und Etikettiermaschinen;Packing, bottling and labelling machine operators;0;3;
29201;Berufe in der Lebensmittelherstellung (ohne Spezialisierung) - Helfer-/Anlerntätigkeiten;Occupations in the production of foodstuffs (without specialisation)-unskilled/semiskilled tasks;7511;Fleischer, Fischhändler und -verarbeiter und verwandte Berufe;Butchers, fishmongers and related food preparers;0;2;
29201;Berufe in der Lebensmittelherstellung (ohne Spezialisierung) - Helfer-/Anlerntätigkeiten;Occupations in the production of foodstuffs (without specialisation)-unskilled/semiskilled tasks;9412;Küchenhilfen;Kitchen helpers;0;4;
29202;Berufe in der Lebensmittelherstellung (ohne Spezialisierung) - fachlich ausgerichtete Tätigkeiten;Occupations in the production of foodstuffs (without specialisation)-skilled tasks;8160;Bediener von Maschinen zur Herstellung von Nahrungs- und Genussmitteln;Food and related products machine operators;1;1;
29203;Berufe in der Lebensmittelherstellung (ohne Spezialisierung) - komplexe Spezialistentätigkeiten;Occupations in the production of foodstuffs (without specialisation)-complex tasks;3116;Chemiebetriebs- und Verfahrenstechniker;Chemical engineering technicians;1;1;
29204;Berufe in der Lebensmittelherstellung (ohne Spezialisierung) - hoch komplexe Tätigkeiten;Occupations in the production of foodstuffs (without specialisation)-highly complex tasks;2145;Chemieingenieure;Chemical engineers;1;1;
29212;Berufe in der Mühlenprodukt- und Futtermittelherstellung - fachlich ausgerichtete Tätigkeiten;Occupations in the production of milling products and animal feeds-skilled tasks;8160;Bediener von Maschinen zur Herstellung von Nahrungs- und Genussmitteln;Food and related products machine operators;1;1;
29213;Berufe in der Mühlenprodukt- und Futtermittelherstellung - komplexe Spezialistentätigkeiten;Occupations in the production of milling products and animal feeds-complex tasks;3116;Chemiebetriebs- und Verfahrenstechniker;Chemical engineering technicians;1;1;
29222;Berufe in der Back- und Konditoreiwarenherstellung - fachlich ausgerichtete Tätigkeiten;Occupations in the production of baked goods and pastries-skilled tasks;7512;Bäcker, Konditoren und Konfektmacher;Bakers, pastry-cooks and confectionery makers;0;1;
29222;Berufe in der Back- und Konditoreiwarenherstellung - fachlich ausgerichtete Tätigkeiten;Occupations in the production of baked goods and pastries-skilled tasks;8160;Bediener von Maschinen zur Herstellung von Nahrungs- und Genussmitteln;Food and related products machine operators;0;2;
29223;Berufe in der Back- und Konditoreiwarenherstellung - komplexe Spezialistentätigkeiten;Occupations in the production of baked goods and pastries-complex tasks;3116;Chemiebetriebs- und Verfahrenstechniker;Chemical engineering technicians;1;1;
29232;Berufe in der Fleischverarbeitung - fachlich ausgerichtete Tätigkeiten;Occupations in meat processing-skilled tasks;7511;Fleischer, Fischhändler und -verarbeiter und verwandte Berufe;Butchers, fishmongers and related food preparers;1;1;
29233;Berufe in der Fleischverarbeitung - komplexe Spezialistentätigkeiten;Occupations in meat processing-complex tasks;3116;Chemiebetriebs- und Verfahrenstechniker;Chemical engineering technicians;1;1;
29242;Berufe in der Fischverarbeitung - fachlich ausgerichtete Tätigkeiten;Occupations in fish processing-skilled tasks;8160;Bediener von Maschinen zur Herstellung von Nahrungs- und Genussmitteln;Food and related products machine operators;0;2;
29242;Berufe in der Fischverarbeitung - fachlich ausgerichtete Tätigkeiten;Occupations in fish processing-skilled tasks;7511;Fleischer, Fischhändler und -verarbeiter und verwandte Berufe;Butchers, fishmongers and related food preparers;0;1;
29243;Berufe in der Fischverarbeitung - komplexe Spezialistentätigkeiten;Occupations in fish processing-complex tasks;3116;Chemiebetriebs- und Verfahrenstechniker;Chemical engineering technicians;1;1;
29252;Berufe in der Milchproduktherstellung - fachlich ausgerichtete Tätigkeiten;Occupations in the production of dairy goods-skilled tasks;7513;Molkerei- und Käsereifachkräfte;Dairy products makers;1;1;
29253;Berufe in der Milchproduktherstellung - komplexe Spezialistentätigkeiten;Occupations in the production of dairy goods-complex tasks;3116;Chemiebetriebs- und Verfahrenstechniker;Chemical engineering technicians;1;1;
29262;Berufe in der Süßwarenherstellung - fachlich ausgerichtete Tätigkeiten;Occupations in confectionery production-skilled tasks;8160;Bediener von Maschinen zur Herstellung von Nahrungs- und Genussmitteln;Food and related products machine operators;1;1;
29263;Berufe in der Süßwarenherstellung - komplexe Spezialistentätigkeiten;Occupations in confectionery production-complex tasks;3116;Chemiebetriebs- und Verfahrenstechniker;Chemical engineering technicians;1;1;
29272;Berufe in der Tabakwarenherstellung - fachlich ausgerichtete Tätigkeiten;Occupations in the manufacturing of tobacco products-skilled tasks;8160;Bediener von Maschinen zur Herstellung von Nahrungs- und Genussmitteln;Food and related products machine operators;0;1;
29272;Berufe in der Tabakwarenherstellung - fachlich ausgerichtete Tätigkeiten;Occupations in the manufacturing of tobacco products-skilled tasks;7516;Tabakaufbereiter und Tabakwarenmacher;Tobacco preparers and tobacco products makers;0;2;
29273;Berufe in der Tabakwarenherstellung - komplexe Spezialistentätigkeiten;Occupations in the manufacturing of tobacco products-complex tasks;3116;Chemiebetriebs- und Verfahrenstechniker;Chemical engineering technicians;1;1;
29282;Berufe in der Lebensmittelherstellung (sonstige spezifische Tätigkeitsangabe) - fachlich ausgerichtete Tätigkeiten;Occupations in the production of foodstuffs (with specialisation, not elsewhere classified)-skilled tasks;8160;Bediener von Maschinen zur Herstellung von Nahrungs- und Genussmitteln;Food and related products machine operators;0;1;
29282;Berufe in der Lebensmittelherstellung (sonstige spezifische Tätigkeitsangabe) - fachlich ausgerichtete Tätigkeiten;Occupations in the production of foodstuffs (with specialisation, not elsewhere classified)-skilled tasks;7514;Obst- und Gemüsekonservierer und verwandte Berufe;Fruit, vegetable and related preservers;0;2;
29283;Berufe in der Lebensmittelherstellung (sonstige spezifische Tätigkeitsangabe) - komplexe Spezialistentätigkeiten;Occupations in the production of foodstuffs (with specialisation, not elsewhere classified)-complex tasks;3116;Chemiebetriebs- und Verfahrenstechniker;Chemical engineering technicians;1;1;
29284;Berufe in der Lebensmittelherstellung (sonstige spezifische Tätigkeitsangabe) - hoch komplexe Tätigkeiten;Occupations in the production of foodstuffs (with specialisation, not elsewhere classified)-highly complex tasks;2145;Chemieingenieure;Chemical engineers;1;1;
29293;Aufsichtskräfte - Lebensmittel- und Genussmittelherstellung;Supervisors in the production of foodstuffs, confectionery and tobacco products;3122;Produktionsleiter bei der Herstellung von Waren;Manufacturing supervisors;1;1;
29294;Führungskräfte - Lebensmittel- und Genussmittelherstellung;Managers in the production of foodstuffs, confectionery and tobacco products;1321;Führungskräfte in der Produktion bei der Herstellung von Waren;Manufacturing managers;1;1;
29301;Köche/Köchinnen (ohne Spezialisierung) - Helfer-/Anlerntätigkeiten;Cooks (without specialisation)-unskilled/semiskilled tasks;9412;Küchenhilfen;Kitchen helpers;1;1;
29302;Köche/Köchinnen (ohne Spezialisierung) - fachlich ausgerichtete Tätigkeiten;Cooks (without specialisation)-skilled tasks;5120;Köche;Cooks;1;1;
29312;Vor-, Kalt- und Süßspeisenköche/-köchinnen - fachlich ausgerichtete Tätigkeiten;Hors d'œuvrier, pantry or pastry cooks-skilled tasks;5120;Köche;Cooks;1;1;
29322;Grill-, Braten- und Fischköche/-köchinnen - fachlich ausgerichtete Tätigkeiten;Roast, grill or fish cooks-skilled tasks;5120;Köche;Cooks;1;1;
29382;Köche/Köchinnen (sonstige spezifische Tätigkeitsangabe) - fachlich ausgerichtete Tätigkeiten;Cooks (with specialisation, not elsewhere classified)-skilled tasks;5120;Köche;Cooks;1;1;
29393;Aufsichtskräfte - Speisenzubereitung;Supervisors in cooking;3434;Küchenchefs;Chefs;1;1;
29394;Führungskräfte - Speisenzubereitung;Managers in cooking;3434;Küchenchefs;Chefs;1;1;
31102;Berufe in der Bauplanung und -überwachung (ohne Spezialisierung) - fachlich ausgerichtete Tätigkeiten;Occupations in construction scheduling and supervision (without specialisation)-skilled tasks;3112;Bautechniker;Civil engineering technicians;1;1;
31103;Berufe in der Bauplanung und -überwachung (ohne Spezialisierung) - komplexe Spezialistentätigkeiten;Occupations in construction scheduling and supervision (without specialisation)-complex tasks;3112;Bautechniker;Civil engineering technicians;1;1;
31104;Berufe in der Bauplanung und -überwachung (ohne Spezialisierung) - hoch komplexe Tätigkeiten;Occupations in construction scheduling and supervision (without specialisation)-highly complex tasks;2142;Bauingenieure;Civil engineers;1;1;
31114;Berufe in der Architektur - hoch komplexe Tätigkeiten;Occupations in architecture-highly complex tasks;2161;Architekten;Building architects;1;1;
31124;Berufe in der Stadt- und Raumplanung - hoch komplexe Tätigkeiten;Occupations in urban and spatial planning-highly complex tasks;2164;Raum-, Stadt- und Verkehrsplaner;Town and traffic planners;1;1;
31132;Berufe in der Bauplanung von Verkehrswegen und -anlagen - fachlich ausgerichtete Tätigkeiten;Occupations in the planning of traffic routes and other infrastructure-skilled tasks;3112;Bautechniker;Civil engineering technicians;1;1;
31133;Berufe in der Bauplanung von Verkehrswegen und -anlagen - komplexe Spezialistentätigkeiten;Occupations in the planning of traffic routes and other infrastructure-complex tasks;3112;Bautechniker;Civil engineering technicians;1;1;
31134;Berufe in der Bauplanung von Verkehrswegen und -anlagen - hoch komplexe Tätigkeiten;Occupations in the planning of traffic routes and other infrastructure-highly complex tasks;2164;Raum-, Stadt- und Verkehrsplaner;Town and traffic planners;1;1;
31142;Berufe in der Wasserwirtschaft - fachlich ausgerichtete Tätigkeiten;Occupations in water resource management-skilled tasks;3112;Bautechniker;Civil engineering technicians;1;1;
31143;Berufe in der Wasserwirtschaft - komplexe Spezialistentätigkeiten;Occupations in water resource management-complex tasks;3112;Bautechniker;Civil engineering technicians;1;1;
31144;Berufe in der Wasserwirtschaft - hoch komplexe Tätigkeiten;Occupations in water resource management-highly complex tasks;2142;Bauingenieure;Civil engineers;1;1;
31152;Berufe in der Bauwerkserhaltung und -erneuerung - fachlich ausgerichtete Tätigkeiten;Occupations in the maintenance and renovation of buildings-skilled tasks;3112;Bautechniker;Civil engineering technicians;1;1;
31153;Berufe in der Bauwerkserhaltung und -erneuerung - komplexe Spezialistentätigkeiten;Occupations in the maintenance and renovation of buildings-complex tasks;3112;Bautechniker;Civil engineering technicians;1;1;
31154;Berufe in der Bauwerkserhaltung und -erneuerung - hoch komplexe Tätigkeiten;Occupations in the maintenance and renovation of buildings-highly complex tasks;2161;Architekten;Building architects;1;1;
31163;Bausachverständige und Baukontrolleure/-kontrolleurinnen - komplexe Spezialistentätigkeiten;Construction surveyors and inspectors-complex tasks;3112;Bautechniker;Civil engineering technicians;1;1;
31164;Bausachverständige und Baukontrolleure/-kontrolleurinnen - hoch komplexe Tätigkeiten;Construction surveyors and inspectors-highly complex tasks;2142;Bauingenieure;Civil engineers;1;1;
31173;Berufe in der Bauabrechnung und -kalkulation - komplexe Spezialistentätigkeiten;Occupations in construction accounting and cost calculation for buildings-complex tasks;3112;Bautechniker;Civil engineering technicians;1;1;
31174;Berufe in der Bauabrechnung und -kalkulation - hoch komplexe Tätigkeiten;Occupations in construction accounting and cost calculation for buildings-highly complex tasks;2411;Wirtschaftsprüfer, Steuerberater und verwandte Berufe;Accountants;1;1;
31193;Aufsichtskräfte - Bauplanung und -überwachung, Architektur;Supervisors in construction scheduling and supervision, and architecture;3123;Bauleiter;Construction supervisors;1;1;
31194;Führungskräfte - Bauplanung und -überwachung, Architektur;Managers in construction scheduling and supervision, and architecture;1323;Führungskräfte in der Produktion im Bau;Construction managers;1;1;
31212;Berufe in der Vermessungstechnik - fachlich ausgerichtete Tätigkeiten;Occupations in surveying-skilled tasks;3112;Bautechniker;Civil engineering technicians;1;1;
31213;Berufe in der Vermessungstechnik - komplexe Spezialistentätigkeiten;Occupations in surveying-complex tasks;3112;Bautechniker;Civil engineering technicians;1;1;
31214;Berufe in der Vermessungstechnik - hoch komplexe Tätigkeiten;Occupations in surveying-highly complex tasks;2165;Kartografen und Vermessungsingenieure;Cartographers and surveyors;1;1;
31222;Berufe in der Kartografie - fachlich ausgerichtete Tätigkeiten;Occupations in cartography-skilled tasks;3118;Technische Zeichner;Draughtspersons;1;1;
31223;Berufe in der Kartografie - komplexe Spezialistentätigkeiten;Occupations in cartography-complex tasks;3118;Technische Zeichner;Draughtspersons;1;1;
31224;Berufe in der Kartografie - hoch komplexe Tätigkeiten;Occupations in cartography-highly complex tasks;2165;Kartografen und Vermessungsingenieure;Cartographers and surveyors;1;1;
32101;Berufe im Hochbau (ohne Spezialisierung) - Helfer-/Anlerntätigkeiten;Occupations in building construction (without specialisation)-unskilled/semiskilled tasks;9313;Hilfsarbeiter im Hochbau;Building construction labourers;1;1;
32102;Berufe im Hochbau (ohne Spezialisierung) - fachlich ausgerichtete Tätigkeiten;Occupations in building construction (without specialisation)-skilled tasks;7111;Rohbaufacharbeiter im Hochbau;House builders;1;1;
32103;Berufe im Hochbau (ohne Spezialisierung) - komplexe Spezialistentätigkeiten;Occupations in building construction (without specialisation)-complex tasks;3112;Bautechniker;Civil engineering technicians;1;1;
32104;Berufe im Hochbau (ohne Spezialisierung) - hoch komplexe Tätigkeiten;Occupations in building construction (without specialisation)-highly complex tasks;2142;Bauingenieure;Civil engineers;1;1;
32112;Berufe im Beton- und Stahlbetonbau - fachlich ausgerichtete Tätigkeiten;Occupations in the construction of concrete and reinforced concrete structures-skilled tasks;7114;Betonierer, Betonoberflächenfertiger und verwandte Berufe;Concrete placers, concrete finishers and related workers;1;1;
32113;Berufe im Beton- und Stahlbetonbau - komplexe Spezialistentätigkeiten;Occupations in the construction of concrete and reinforced concrete structures-complex tasks;3112;Bautechniker;Civil engineering technicians;1;1;
32122;Berufe im Maurerhandwerk - fachlich ausgerichtete Tätigkeiten;Occupations in the bricklayer's trade-skilled tasks;7112;Maurer und verwandte Berufe;Bricklayers and related workers;1;1;
32123;Berufe im Maurerhandwerk - komplexe Spezialistentätigkeiten;Occupations in the bricklayer's trade-complex tasks;3112;Bautechniker;Civil engineering technicians;1;1;
32132;Berufe im Schornsteinbau - fachlich ausgerichtete Tätigkeiten;Occupations in chimney construction-skilled tasks;7112;Maurer und verwandte Berufe;Bricklayers and related workers;1;1;
32142;Berufe in der Dachdeckerei - fachlich ausgerichtete Tätigkeiten;Occupations in roofing-skilled tasks;7121;Dachdecker;Roofers;1;1;
32152;Berufe im Fassadenbau - fachlich ausgerichtete Tätigkeiten;Occupations in facade construction-skilled tasks;7115;Zimmerleute und Bautischler;Carpenters and joiners;1;1;
32162;Berufe im Gerüstbau - fachlich ausgerichtete Tätigkeiten;Occupations in scaffolding-skilled tasks;7119;Baukonstruktions- und verwandte Berufe, anderweitig nicht genannt;Building frame and related trades workers not elsewhere classified;1;1;
32172;Berufe im Bauwerksabbruch - fachlich ausgerichtete Tätigkeiten;Occupations in building demolition-skilled tasks;7119;Baukonstruktions- und verwandte Berufe, anderweitig nicht genannt;Building frame and related trades workers not elsewhere classified;1;1;
32193;Aufsichtskräfte - Hochbau;Supervisors in building construction;3123;Bauleiter;Construction supervisors;1;1;
32201;Berufe im Tiefbau (ohne Spezialisierung) - Helfer-/Anlerntätigkeiten;Occupations in civil engineering (without specialisation)-unskilled/semiskilled tasks;9312;Hilfsarbeiter im Tiefbau;Civil engineering labourers;1;1;
32202;Berufe im Tiefbau (ohne Spezialisierung) - fachlich ausgerichtete Tätigkeiten;Occupations in civil engineering (without specialisation)-skilled tasks;7114;Betonierer, Betonoberflächenfertiger und verwandte Berufe;Concrete placers, concrete finishers and related workers;1;1;
32203;Berufe im Tiefbau (ohne Spezialisierung) - komplexe Spezialistentätigkeiten;Occupations in civil engineering (without specialisation)-complex tasks;3112;Bautechniker;Civil engineering technicians;1;1;
32204;Berufe im Tiefbau (ohne Spezialisierung) - hoch komplexe Tätigkeiten;Occupations in civil engineering (without specialisation)-highly complex tasks;2142;Bauingenieure;Civil engineers;1;1;
32212;Pflasterer/Pflasterinnen und Steinsetzer/innen - fachlich ausgerichtete Tätigkeiten;Pavers and stone setters-skilled tasks;7112;Maurer und verwandte Berufe;Bricklayers and related workers;1;1;
32222;Berufe im Straßen- und Asphaltbau - fachlich ausgerichtete Tätigkeiten;Occupations in road and asphalt construction-skilled tasks;8342;Führer von Erdbewegungs- und verwandten Maschinen;Earthmoving and related plant operators;1;1;
32223;Berufe im Straßen- und Asphaltbau - komplexe Spezialistentätigkeiten;Occupations in road and asphalt construction-complex tasks;3112;Bautechniker;Civil engineering technicians;1;1;
32224;Berufe im Straßen- und Asphaltbau - hoch komplexe Tätigkeiten;Occupations in road and asphalt construction-highly complex tasks;2142;Bauingenieure;Civil engineers;1;1;
32232;Berufe im Gleisbau - fachlich ausgerichtete Tätigkeiten;Occupations in railroad construction-skilled tasks;9312;Hilfsarbeiter im Tiefbau;Civil engineering labourers;1;1;
32233;Berufe im Gleisbau - komplexe Spezialistentätigkeiten;Occupations in railroad construction-complex tasks;3112;Bautechniker;Civil engineering technicians;1;1;
32242;Berufe im Brunnenbau - fachlich ausgerichtete Tätigkeiten;Occupations in well construction-skilled tasks;8113;Tiefbohrer und verwandte Berufe;Well drillers and borers and related workers;1;1;
32243;Berufe im Brunnenbau - komplexe Spezialistentätigkeiten;Occupations in well construction-complex tasks;3112;Bautechniker;Civil engineering technicians;1;1;
32252;Berufe im Kanal- und Tunnelbau - fachlich ausgerichtete Tätigkeiten;Occupations in canal and tunnel construction-skilled tasks;8342;Führer von Erdbewegungs- und verwandten Maschinen;Earthmoving and related plant operators;1;1;
32253;Berufe im Kanal- und Tunnelbau - komplexe Spezialistentätigkeiten;Occupations in canal and tunnel construction-complex tasks;3112;Bautechniker;Civil engineering technicians;1;1;
32262;Berufe im Kultur- und Wasserbau - fachlich ausgerichtete Tätigkeiten;Occupations in land improvement and hydraulic construction-skilled tasks;8342;Führer von Erdbewegungs- und verwandten Maschinen;Earthmoving and related plant operators;1;1;
32263;Berufe im Kultur- und Wasserbau - komplexe Spezialistentätigkeiten;Occupations in land improvement and hydraulic construction-complex tasks;3112;Bautechniker;Civil engineering technicians;1;1;
32264;Berufe im Kultur- und Wasserbau - hoch komplexe Tätigkeiten;Occupations in land improvement and hydraulic construction-highly complex tasks;2142;Bauingenieure;Civil engineers;1;1;
32293;Aufsichtskräfte - Tiefbau;Supervisors in civil engineering;3123;Bauleiter;Construction supervisors;1;1;
33101;Berufe in der Bodenverlegung (ohne Spezialisierung) - Helfer-/Anlerntätigkeiten;Floor layers (without specialisation)-unskilled/semiskilled tasks;9313;Hilfsarbeiter im Hochbau;Building construction labourers;1;1;
33102;Berufe in der Bodenverlegung (ohne Spezialisierung) - fachlich ausgerichtete Tätigkeiten;Floor layers (without specialisation)-skilled tasks;7122;Boden- und Fliesenleger;Floor layers and tile setters;1;1;
33112;Berufe in der Fliesen-, Platten- und Mosaikverlegung - fachlich ausgerichtete Tätigkeiten;Pavers, tile setters and mosaic-layers-skilled tasks;7122;Boden- und Fliesenleger;Floor layers and tile setters;1;1;
33122;Berufe in der Estrich- und Terrazzoverlegung - fachlich ausgerichtete Tätigkeiten;Composition floor and terrazzo-layers-skilled tasks;7114;Betonierer, Betonoberflächenfertiger und verwandte Berufe;Concrete placers, concrete finishers and related workers;1;1;
33132;Berufe in der Parkettverlegung - fachlich ausgerichtete Tätigkeiten;Parquet floor layers-skilled tasks;7122;Boden- und Fliesenleger;Floor layers and tile setters;1;1;
33133;Berufe in der Parkettverlegung - komplexe Spezialistentätigkeiten;Parquet floor layers-complex tasks;3112;Bautechniker;Civil engineering technicians;1;1;
33193;Aufsichtskräfte - Bodenverlegung;Supervisors in floor laying;3123;Bauleiter;Construction supervisors;1;1;
33211;Berufe für Maler- und Lackiererarbeiten - Helfer-/Anlerntätigkeiten;Painters and varnishers-unskilled/semiskilled tasks;9313;Hilfsarbeiter im Hochbau;Building construction labourers;1;1;
33212;Berufe für Maler- und Lackiererarbeiten - fachlich ausgerichtete Tätigkeiten;Painters and varnishers-skilled tasks;7131;Maler und verwandte Berufe;Painters and related workers;1;1;
33213;Berufe für Maler- und Lackiererarbeiten - komplexe Spezialistentätigkeiten;Painters and varnishers-complex tasks;3112;Bautechniker;Civil engineering technicians;1;1;
33222;Berufe für Stuckateurarbeiten - fachlich ausgerichtete Tätigkeiten;Plasterers-skilled tasks;7123;Stuckateure;Plasterers;1;1;
33223;Berufe für Stuckateurarbeiten - komplexe Spezialistentätigkeiten;Plasterers-complex tasks;3112;Bautechniker;Civil engineering technicians;1;1;
33232;Berufe in der Bauwerksabdichtung - fachlich ausgerichtete Tätigkeiten;Occupations in the waterproofing of buildings -skilled tasks;7121;Dachdecker;Roofers;1;1;
33233;Berufe in der Bauwerksabdichtung - komplexe Spezialistentätigkeiten;Occupations in the waterproofing of buildings -complex tasks;3112;Bautechniker;Civil engineering technicians;1;1;
33242;Berufe im Holz- und Bautenschutz - fachlich ausgerichtete Tätigkeiten;Occupations in the preservation of structures and wooden building components-skilled tasks;7544;Kammerjäger und andere Schädlingsbekämpfungsberufe;Fumigators and other pest and weed controllers;0;1;
33242;Berufe im Holz- und Bautenschutz - fachlich ausgerichtete Tätigkeiten;Occupations in the preservation of structures and wooden building components-skilled tasks;7123;Stuckateure;Plasterers;0;2;
33243;Berufe im Holz- und Bautenschutz - komplexe Spezialistentätigkeiten;Occupations in the preservation of structures and wooden building components-complex tasks;3112;Bautechniker;Civil engineering technicians;1;1;
33293;Aufsichtskräfte - Maler- und Lackierer-, Stuckateurarbeiten, Bauwerksabdichtung, Holz- und Bautenschutz;Supervisors in the painting, varnishing, plastering, water proofing of buildings, preservation of structures and wooden building components;3123;Bauleiter;Construction supervisors;1;1;
33301;Berufe im Aus- und Trockenbau (ohne Spezialisierung) - Helfer-/Anlerntätigkeiten;Occupations in the interior construction and dry walling (without specialisation)-unskilled/semiskilled tasks;9313;Hilfsarbeiter im Hochbau;Building construction labourers;1;1;
33302;Berufe im Aus- und Trockenbau (ohne Spezialisierung) - fachlich ausgerichtete Tätigkeiten;Occupations in the interior construction and dry walling (without specialisation)-skilled tasks;7123;Stuckateure;Plasterers;1;1;
33303;Berufe im Aus- und Trockenbau (ohne Spezialisierung) - komplexe Spezialistentätigkeiten;Occupations in the interior construction and dry walling (without specialisation)-complex tasks;3112;Bautechniker;Civil engineering technicians;1;1;
33312;Berufe in der Isolierung - fachlich ausgerichtete Tätigkeiten;Occupations in insulation-skilled tasks;7124;Isolierer;Insulation workers;1;1;
33322;Berufe in der Zimmerei - fachlich ausgerichtete Tätigkeiten;Carpenters-skilled tasks;7115;Zimmerleute und Bautischler;Carpenters and joiners;1;1;
33323;Berufe in der Zimmerei - komplexe Spezialistentätigkeiten;Carpenters-complex tasks;3112;Bautechniker;Civil engineering technicians;1;1;
33332;Berufe in der Bautischlerei - fachlich ausgerichtete Tätigkeiten;Joiners-skilled tasks;7115;Zimmerleute und Bautischler;Carpenters and joiners;1;1;
33342;Berufe in der Glaserei - fachlich ausgerichtete Tätigkeiten;Glaziers-skilled tasks;7125;Glaser;Glaziers;1;1;
33352;Berufe im Rollladen- und Jalousiebau - fachlich ausgerichtete Tätigkeiten;Roller shutter and jalousie installers-skilled tasks;7214;Baumetallverformer und Metallbauer;Structural metal preparers and erectors;1;1;
33393;Aufsichtskräfte - Aus- und Trockenbau, Isolierung, Zimmerei, Glaserei, Rollladen- und Jalousiebau;Supervisors in interior construction and dry walling, insulation, carpentry, glazing, roller shutter and jalousie installation;3123;Bauleiter;Construction supervisors;1;1;
34102;Berufe in der Gebäudetechnik (ohne Spezialisierung) - fachlich ausgerichtete Tätigkeiten;Occupations in building services engineering (without specialisation)-skilled tasks;5153;Hauswarte;Building caretakers;1;1;
34103;Berufe in der Gebäudetechnik (ohne Spezialisierung) - komplexe Spezialistentätigkeiten;Occupations in building services engineering (without specialisation)-complex tasks;3112;Bautechniker;Civil engineering technicians;1;1;
34104;Berufe in der Gebäudetechnik (ohne Spezialisierung) - hoch komplexe Tätigkeiten;Occupations in building services engineering (without specialisation)-highly complex tasks;2142;Bauingenieure;Civil engineers;1;1;
34112;Platz- und Gerätewarte/-wartinnen - fachlich ausgerichtete Tätigkeiten;Green keepers and equipment managers-skilled tasks;5153;Hauswarte;Building caretakers;1;1;
34193;Aufsichtskräfte - Gebäudetechnik;Supervisors in building services engineering;3112;Bautechniker;Civil engineering technicians;1;1;
34201;Berufe in der Klempnerei (ohne Spezialisierung) - Helfer-/Anlerntätigkeiten;Occupations in plumping (without specialisation)-unskilled/semiskilled tasks;9313;Hilfsarbeiter im Hochbau;Building construction labourers;1;1;
34202;Berufe in der Klempnerei (ohne Spezialisierung) - fachlich ausgerichtete Tätigkeiten;Occupations in plumping (without specialisation)-skilled tasks;7213;Blechkaltverformer;Sheet metal workers;1;1;
34203;Berufe in der Klempnerei (ohne Spezialisierung) - komplexe Spezialistentätigkeiten;Occupations in plumping (without specialisation)-complex tasks;3112;Bautechniker;Civil engineering technicians;1;1;
34212;Berufe in der Sanitär-, Heizungs- und Klimatechnik - fachlich ausgerichtete Tätigkeiten;Occupations in sanitation, heating, ventilating, and air conditioning-skilled tasks;7126;Bauspengler und Sanitär- und Heizungsinstallateure;Plumbers and pipe fitters;1;1;
34213;Berufe in der Sanitär-, Heizungs- und Klimatechnik - komplexe Spezialistentätigkeiten;Occupations in sanitation, heating, ventilating, and air conditioning-complex tasks;3112;Bautechniker;Civil engineering technicians;1;1;
34214;Berufe in der Sanitär-, Heizungs- und Klimatechnik - hoch komplexe Tätigkeiten;Occupations in sanitation, heating, ventilating, and air conditioning-highly complex tasks;2142;Bauingenieure;Civil engineers;1;1;
34222;Berufe im Ofen- und Luftheizungsbau - fachlich ausgerichtete Tätigkeiten;Occupations in the construction of stoves, storage heaters, and forced-air heating systems-skilled tasks;7112;Maurer und verwandte Berufe;Bricklayers and related workers;1;1;
34232;Berufe in der Kältetechnik - fachlich ausgerichtete Tätigkeiten;Occupations in ventilating, and air conditioning-skilled tasks;7127;Klima- und Kälteanlagenbauer;Air conditioning and refrigeration mechanics;1;1;
34233;Berufe in der Kältetechnik - komplexe Spezialistentätigkeiten;Occupations in ventilating, and air conditioning-complex tasks;3115;Maschinenbautechniker;Mechanical engineering technicians;1;1;
34234;Berufe in der Kältetechnik - hoch komplexe Tätigkeiten;Occupations in ventilating, and air conditioning-highly complex tasks;2144;Maschinenbauingenieure;Mechanical engineers;1;1;
34293;Aufsichtskräfte - Klempnerei, Sanitär-, Heizungs- und Klimatechnik;Supervisors in sanitation, heating, ventilating, and air conditioning;3123;Bauleiter;Construction supervisors;1;1;
34301;Berufe in der Ver- und Entsorgung (ohne Spezialisierung) - Helfer-/Anlerntätigkeiten;Occupations in building services and waste disposal (without specialisation)-unskilled/semiskilled tasks;9611;Arbeiter in der Abfall- und Wertstoffsammlung;Garbage and recycling collectors;0;2;
34301;Berufe in der Ver- und Entsorgung (ohne Spezialisierung) - Helfer-/Anlerntätigkeiten;Occupations in building services and waste disposal (without specialisation)-unskilled/semiskilled tasks;9612;Arbeiter in der Abfallsortierung;Refuse sorters;0;3;
34301;Berufe in der Ver- und Entsorgung (ohne Spezialisierung) - Helfer-/Anlerntätigkeiten;Occupations in building services and waste disposal (without specialisation)-unskilled/semiskilled tasks;9613;Straßenkehrer und verwandte Berufe;Sweepers and related labourers;0;1;
34302;Berufe in der Ver- und Entsorgung (ohne Spezialisierung) - fachlich ausgerichtete Tätigkeiten;Occupations in building services and waste disposal (without specialisation)-skilled tasks;7126;Bauspengler und Sanitär- und Heizungsinstallateure;Plumbers and pipe fitters;1;1;
34303;Berufe in der Ver- und Entsorgung (ohne Spezialisierung) - komplexe Spezialistentätigkeiten;Occupations in building services and waste disposal (without specialisation)-complex tasks;3115;Maschinenbautechniker;Mechanical engineering technicians;1;1;
34304;Berufe in der Ver- und Entsorgung (ohne Spezialisierung) - hoch komplexe Tätigkeiten;Occupations in building services and waste disposal (without specialisation)-highly complex tasks;2144;Maschinenbauingenieure;Mechanical engineers;1;1;
34312;Berufe in der Wasserversorgungs- und Abwassertechnik - fachlich ausgerichtete Tätigkeiten;Technical occupations in water supply and wastewater disposal-skilled tasks;3132;Steuerer von Verbrennungs- und Wasserbehandlungsanlagen;Incinerator and water treatment plant operators;1;1;
34313;Berufe in der Wasserversorgungs- und Abwassertechnik - komplexe Spezialistentätigkeiten;Technical occupations in water supply and wastewater disposal-complex tasks;3115;Maschinenbautechniker;Mechanical engineering technicians;0;2;
34313;Berufe in der Wasserversorgungs- und Abwassertechnik - komplexe Spezialistentätigkeiten;Technical occupations in water supply and wastewater disposal-complex tasks;3132;Steuerer von Verbrennungs- und Wasserbehandlungsanlagen;Incinerator and water treatment plant operators;0;1;
34314;Berufe in der Wasserversorgungs- und Abwassertechnik - hoch komplexe Tätigkeiten;Technical occupations in water supply and wastewater disposal -highly complex tasks;2143;Umweltschutzingenieure;Environmental engineers;1;1;
34322;Berufe im Rohrleitungsbau - fachlich ausgerichtete Tätigkeiten;Occupations in pipeline construction-skilled tasks;7126;Bauspengler und Sanitär- und Heizungsinstallateure;Plumbers and pipe fitters;1;1;
34323;Berufe im Rohrleitungsbau - komplexe Spezialistentätigkeiten;Occupations in pipeline construction-complex tasks;3112;Bautechniker;Civil engineering technicians;1;1;
34324;Berufe im Rohrleitungsbau - hoch komplexe Tätigkeiten;Occupations in pipeline construction;2142;Bauingenieure;Civil engineers;1;1;
34332;Berufe in der Abfallwirtschaft - fachlich ausgerichtete Tätigkeiten;Occupations in waste management-skilled tasks;9612;Arbeiter in der Abfallsortierung;Refuse sorters;1;1;
34333;Berufe in der Abfallwirtschaft - komplexe Spezialistentätigkeiten;Occupations in waste management-complex tasks;3119;Material- und ingenieurtechnische Fachkräfte, anderweitig nicht genannt;Physical and engineering science technicians not elsewhere classified;0;2;
34333;Berufe in der Abfallwirtschaft - komplexe Spezialistentätigkeiten;Occupations in waste management-complex tasks;3132;Steuerer von Verbrennungs- und Wasserbehandlungsanlagen;Incinerator and water treatment plant operators;0;1;
34334;Berufe in der Abfallwirtschaft - hoch komplexe Tätigkeiten;Occupations in waste management-highly complex tasks;2143;Umweltschutzingenieure;Environmental engineers;1;1;
34342;Berufe im Anlagen-, Behälter- und Apparatebau - fachlich ausgerichtete Tätigkeiten;Occupations in plant, vessels, tank and apparatus construction-skilled tasks;7233;Landmaschinen- und Industriemaschinenmechaniker und -schlosser;Agricultural and industrial machinery mechanics and repairers;1;1;
34343;Berufe im Anlagen-, Behälter- und Apparatebau - komplexe Spezialistentätigkeiten;Occupations in plant, vessels, tank and apparatus construction-complex tasks;3115;Maschinenbautechniker;Mechanical engineering technicians;1;1;
34344;Berufe im Anlagen-, Behälter- und Apparatebau - hoch komplexe Tätigkeiten;Occupations in plant, vessels, tank and apparatus construction-highly complex tasks;2144;Maschinenbauingenieure;Mechanical engineers;1;1;
34393;Aufsichtskräfte - Ver- und Entsorgung;Supervisors in building services and waste disposal;3123;Bauleiter;Construction supervisors;0;1;
34393;Aufsichtskräfte - Ver- und Entsorgung;Supervisors in building services and waste disposal;3122;Produktionsleiter bei der Herstellung von Waren;Manufacturing supervisors;0;3;
34393;Aufsichtskräfte - Ver- und Entsorgung;Supervisors in building services and waste disposal;3132;Steuerer von Verbrennungs- und Wasserbehandlungsanlagen;Incinerator and water treatment plant operators;0;2;
41103;Berufe in der Mathematik (ohne Spezialisierung) - komplexe Spezialistentätigkeiten;Occupations in mathematics-complex tasks;2120;Mathematiker, Versicherungsmathematiker und Statistiker;Mathematicians, actuaries and statisticians;1;1;
41104;Berufe in der Mathematik (ohne Spezialisierung) - hoch komplexe Tätigkeiten;Occupations in mathematics-highly complex tasks;2120;Mathematiker, Versicherungsmathematiker und Statistiker;Mathematicians, actuaries and statisticians;1;1;
41114;Berufe in der Statistik - hoch komplexe Tätigkeiten;Occupations in statistics-highly complex tasks;2120;Mathematiker, Versicherungsmathematiker und Statistiker;Mathematicians, actuaries and statisticians;1;1;
41184;Berufe in der Mathematik (sonstige spezifische Tätigkeitsangabe) - hoch komplexe Tätigkeiten;Occupations in mathematics (with specialisation, not elsewhere classified)-highly complex tasks;2120;Mathematiker, Versicherungsmathematiker und Statistiker;Mathematicians, actuaries and statisticians;1;1;
41194;Führungskräfte - Mathematik und Statistik;Managers in mathematics and statistics;1349;Führungskräfte in der Erbringung von speziellen Dienstleistungen, anderweitig nicht genannt;Professional services managers not elsewhere classified;1;1;
41203;Berufe in der Biologie (ohne Spezialisierung) - komplexe Spezialistentätigkeiten;Occupations in biology (without specialisation)-complex tasks;2131;Biologen, Botaniker, Zoologen und verwandte Berufe;Biologists, botanists, zoologists and related professionals;1;1;
41204;Berufe in der Biologie (ohne Spezialisierung) - hoch komplexe Tätigkeiten;Occupations in biology (without specialisation)-highly complex tasks;2131;Biologen, Botaniker, Zoologen und verwandte Berufe;Biologists, botanists, zoologists and related professionals;1;1;
41212;Berufe im biologisch-technischen Laboratorium - fachlich ausgerichtete Tätigkeiten;Biological technical laboratory occupations-skilled tasks;3141;Biotechniker (ohne medizinische Fachberufe);Life science technicians (excluding medical);1;1;
41213;Berufe im biologisch-technischen Laboratorium - komplexe Spezialistentätigkeiten;Biological technical laboratory occupations-complex tasks;3141;Biotechniker (ohne medizinische Fachberufe);Life science technicians (excluding medical);1;1;
41214;Berufe im biologisch-technischen Laboratorium - hoch komplexe Tätigkeiten;Biological technical laboratory occupations-highly complex tasks;2131;Biologen, Botaniker, Zoologen und verwandte Berufe;Biologists, botanists, zoologists and related professionals;1;1;
41222;Berufe in der biologischen Präparation - fachlich ausgerichtete Tätigkeiten;Occupations in the preparation of biological specimen-skilled tasks;3212;Medizintechniker im Bereich Labor und Pathologie;Medical and pathology laboratory technicians;1;1;
41234;Berufe in der Biologie (Ökologie) - hoch komplexe Tätigkeiten;Occupations in ecology-highly complex tasks;2131;Biologen, Botaniker, Zoologen und verwandte Berufe;Biologists, botanists, zoologists and related professionals;1;1;
41244;Berufe in der Biologie (Botanik) - hoch komplexe Tätigkeiten;Occupations in botany-highly complex tasks;2131;Biologen, Botaniker, Zoologen und verwandte Berufe;Biologists, botanists, zoologists and related professionals;1;1;
41254;Berufe in der Biologie (Zoologie) - hoch komplexe Tätigkeiten;Occupations in zoology-highly complex tasks;2131;Biologen, Botaniker, Zoologen und verwandte Berufe;Biologists, botanists, zoologists and related professionals;1;1;
41264;Berufe in der Biologie (Mikrobiologie) - hoch komplexe Tätigkeiten;Occupations in microbiology-highly complex tasks;2131;Biologen, Botaniker, Zoologen und verwandte Berufe;Biologists, botanists, zoologists and related professionals;1;1;
41274;Berufe in der Biologie (Humanbiologie) - hoch komplexe Tätigkeiten;Occupations in human biology-highly complex tasks;2131;Biologen, Botaniker, Zoologen und verwandte Berufe;Biologists, botanists, zoologists and related professionals;1;1;
41283;Berufe in der Biologie (sonstige spezifische Tätigkeitsangabe) - komplexe Spezialistentätigkeiten;Occupations in biology (with specialisation, not elsewhere classified)-complex tasks;3141;Biotechniker (ohne medizinische Fachberufe);Life science technicians (excluding medical);1;1;
41284;Berufe in der Biologie (sonstige spezifische Tätigkeitsangabe) - hoch komplexe Tätigkeiten;Occupations in biology (with specialisation, not elsewhere classified)-highly complex tasks;2131;Biologen, Botaniker, Zoologen und verwandte Berufe;Biologists, botanists, zoologists and related professionals;1;1;
41293;Aufsichtskräfte - Biologie;Supervisors in biology;3141;Biotechniker (ohne medizinische Fachberufe);Life science technicians (excluding medical);1;1;
41294;Führungskräfte - Biologie;Managers in biology;1349;Führungskräfte in der Erbringung von speziellen Dienstleistungen, anderweitig nicht genannt;Professional services managers not elsewhere classified;1;1;
41303;Berufe in der Chemie (ohne Spezialisierung) - komplexe Spezialistentätigkeiten;Occupations in chemistry (without specialisation)-complex tasks;2113;Chemiker;Chemists;1;1;
41304;Berufe in der Chemie (ohne Spezialisierung) - hoch komplexe Tätigkeiten;Occupations in chemistry (without specialisation)-highly complex tasks;2113;Chemiker;Chemists;1;1;
41311;Berufe in der Chemie- und Pharmatechnik - Helfer-/Anlerntätigkeiten;Occupations in chemical and pharmaceutical engineering-unskilled/semiskilled tasks;9329;Hilfsarbeiter bei der Herstellung von Waren, anderweitig nicht genannt;Manufacturing labourers not elsewhere classified;1;1;
41312;Berufe in der Chemie- und Pharmatechnik - fachlich ausgerichtete Tätigkeiten;Occupations in chemical and pharmaceutical engineering-skilled tasks;8131;Bediener von Anlagen und Maschinen für chemische Erzeugnisse;Chemical products plant and machine operators;1;1;
41313;Berufe in der Chemie- und Pharmatechnik - komplexe Spezialistentätigkeiten;Occupations in chemical and pharmaceutical engineering-complex tasks;3116;Chemiebetriebs- und Verfahrenstechniker;Chemical engineering technicians;1;1;
41314;Berufe in der Chemie- und Pharmatechnik - hoch komplexe Tätigkeiten;Occupations in chemical and pharmaceutical engineering-highly complex tasks;2145;Chemieingenieure;Chemical engineers;1;1;
41322;Berufe im chemisch-technischen Laboratorium - fachlich ausgerichtete Tätigkeiten;Chemical technical laboratory occupations-skilled tasks;3111;Chemo- und Physikotechniker;Chemical and physical science technicians;1;1;
41323;Berufe im chemisch-technischen Laboratorium - komplexe Spezialistentätigkeiten;Chemical technical laboratory occupations-complex tasks;3111;Chemo- und Physikotechniker;Chemical and physical science technicians;1;1;
41324;Berufe im chemisch-technischen Laboratorium - hoch komplexe Tätigkeiten;Chemical technical laboratory occupations-highly complex tasks;2145;Chemieingenieure;Chemical engineers;1;1;
41333;Steuerer/Steuerinnen von chemischen Verfahrensanlagen - komplexe Spezialistentätigkeiten;Operators of chemical production plants-complex tasks;3133;Steuerer von chemischen Verfahrensanlagen;Chemical processing plant controllers;1;1;
41343;Steuerer/Steuerinnen von Erdöl- und Erdgasraffinationsanlagen - komplexe Spezialistentätigkeiten;Operators of oil and gas refinery plants-complex tasks;3134;Steurer von Erdöl- und Erdgasraffinationsanlagen;Petroleum and natural gas refining plant operators;1;1;
41383;Berufe in der Chemie (sonstige spezifische Tätigkeitsangabe) - komplexe Spezialistentätigkeiten;Occupations in chemistry (with specialisation, not elsewhere classified)-complex tasks;2113;Chemiker;Chemists;1;1;
41384;Berufe in der Chemie (sonstige spezifische Tätigkeitsangabe) - hoch komplexe Tätigkeiten;Occupations in chemistry (with specialisation, not elsewhere classified)-highly complex tasks;2113;Chemiker;Chemists;1;1;
41393;Aufsichtskräfte - Chemie;Supervisors in chemistry;3122;Produktionsleiter bei der Herstellung von Waren;Manufacturing supervisors;1;1;
41394;Führungskräfte - Chemie;Managers in chemistry;1349;Führungskräfte in der Erbringung von speziellen Dienstleistungen, anderweitig nicht genannt;Professional services managers not elsewhere classified;1;1;
41403;Berufe in der Physik (ohne Spezialisierung) - komplexe Spezialistentätigkeiten;Occupations in physics (without specialisation)-complex tasks;2111;Physiker und Astronomen;Physicists and astronomers;1;1;
41404;Berufe in der Physik (ohne Spezialisierung) - hoch komplexe Tätigkeiten;Occupations in physics (without specialisation)-highly complex tasks;2111;Physiker und Astronomen;Physicists and astronomers;1;1;
41412;Berufe im physikalisch-technischen Laboratorium - fachlich ausgerichtete Tätigkeiten;Physical technical laboratory occupations-skilled tasks;3111;Chemo- und Physikotechniker;Chemical and physical science technicians;1;1;
41413;Berufe im physikalisch-technischen Laboratorium - komplexe Spezialistentätigkeiten;Physical technical laboratory occupations-complex tasks;3111;Chemo- und Physikotechniker;Chemical and physical science technicians;1;1;
41414;Berufe im physikalisch-technischen Laboratorium - hoch komplexe Tätigkeiten;Physical technical laboratory occupations-highly complex tasks;2149;Ingenieure, anderweitig nicht genannt;Engineering professionals not elsewhere classified;1;1;
41422;Berufe in der Werkstofftechnik - fachlich ausgerichtete Tätigkeiten;Occupations in material engineering-skilled tasks;3117;Bergbau- und Hüttentechniker;Mining and metallurgical technicians;1;1;
41423;Berufe in der Werkstofftechnik - komplexe Spezialistentätigkeiten;Occupations in material engineering-complex tasks;3117;Bergbau- und Hüttentechniker;Mining and metallurgical technicians;1;1;
41424;Berufe in der Werkstofftechnik - hoch komplexe Tätigkeiten;Occupations in material engineering-highly complex tasks;2146;Bergbauingenieure, Metallurgen und verwandte Berufe;Mining engineers, metallurgists and related professionals;1;1;
41432;Berufe in der Baustoffprüfung - fachlich ausgerichtete Tätigkeiten;Occupations in construction materials testing-skilled tasks;3112;Bautechniker;Civil engineering technicians;1;1;
41433;Berufe in der Baustoffprüfung - komplexe Spezialistentätigkeiten;Occupations in construction materials testing-complex tasks;3112;Bautechniker;Civil engineering technicians;1;1;
41434;Berufe in der Baustoffprüfung - hoch komplexe Tätigkeiten;Occupations in construction materials testing-highly complex tasks;2142;Bauingenieure;Civil engineers;1;1;
41482;Berufe in der Physik (sonstige spezifische Tätigkeitsangabe) - fachlich ausgerichtete Tätigkeiten;Occupations in physics (with specialisation, not elsewhere classified)-skilled tasks;3111;Chemo- und Physikotechniker;Chemical and physical science technicians;1;1;
41483;Berufe in der Physik (sonstige spezifische Tätigkeitsangabe) - komplexe Spezialistentätigkeiten;Occupations in physics (with specialisation, not elsewhere classified)-complex tasks;3111;Chemo- und Physikotechniker;Chemical and physical science technicians;1;1;
41484;Berufe in der Physik (sonstige spezifische Tätigkeitsangabe) - hoch komplexe Tätigkeiten;Occupations in physics (with specialisation, not elsewhere classified)-highly complex tasks;2111;Physiker und Astronomen;Physicists and astronomers;1;1;
41493;Aufsichtskräfte - Physik;Supervisors in physics;3122;Produktionsleiter bei der Herstellung von Waren;Manufacturing supervisors;1;1;
41494;Führungskräfte - Physik;Managers in physics;1349;Führungskräfte in der Erbringung von speziellen Dienstleistungen, anderweitig nicht genannt;Professional services managers not elsewhere classified;1;1;
42112;Berufe in der Geotechnik - fachlich ausgerichtete Tätigkeiten;Occupations in geotechnical engineering-skilled tasks;3111;Chemo- und Physikotechniker;Chemical and physical science technicians;1;1;
42113;Berufe in der Geotechnik - komplexe Spezialistentätigkeiten;Occupations in geotechnical engineering-complex tasks;3111;Chemo- und Physikotechniker;Chemical and physical science technicians;1;1;
42114;Berufe in der Geotechnik - hoch komplexe Tätigkeiten;Occupations in geotechnical engineering-highly complex tasks;2142;Bauingenieure;Civil engineers;1;1;
42124;Berufe in der Geologie - hoch komplexe Tätigkeiten;Occupations in geology-highly complex tasks;2114;Geologen und Geophysiker;Geologists and geophysicists;1;1;
42134;Berufe in der Geografie - hoch komplexe Tätigkeiten;Occupations in geography-highly complex tasks;2632;Soziologen, Anthropologen und verwandte Wissenschaftler;Sociologists, anthropologists and related professionals;1;1;
42142;Berufe in der Meteorologie - fachlich ausgerichtete Tätigkeiten;Occupations in meteorology-skilled tasks;3111;Chemo- und Physikotechniker;Chemical and physical science technicians;1;1;
42143;Berufe in der Meteorologie - komplexe Spezialistentätigkeiten;Occupations in meteorology-complex tasks;3111;Chemo- und Physikotechniker;Chemical and physical science technicians;1;1;
42144;Berufe in der Meteorologie - hoch komplexe Tätigkeiten;Occupations in meteorology-highly complex tasks;2112;Meteorologen;Meteorologists;1;1;
42202;Berufe in der Umweltschutztechnik (ohne Spezialisierung) - fachlich ausgerichtete Tätigkeiten;Occupations in environmental protection engineering (without specialisation)-skilled tasks;3141;Biotechniker (ohne medizinische Fachberufe);Life science technicians (excluding medical);1;1;
42203;Berufe in der Umweltschutztechnik (ohne Spezialisierung) - komplexe Spezialistentätigkeiten;Occupations in environmental protection engineering (without specialisation)-complex tasks;3141;Biotechniker (ohne medizinische Fachberufe);Life science technicians (excluding medical);0;1;
42203;Berufe in der Umweltschutztechnik (ohne Spezialisierung) - komplexe Spezialistentätigkeiten;Occupations in environmental protection engineering (without specialisation)-complex tasks;3116;Chemiebetriebs- und Verfahrenstechniker;Chemical engineering technicians;0;2;
42203;Berufe in der Umweltschutztechnik (ohne Spezialisierung) - komplexe Spezialistentätigkeiten;Occupations in environmental protection engineering (without specialisation)-complex tasks;3119;Material- und ingenieurtechnische Fachkräfte, anderweitig nicht genannt;Physical and engineering science technicians not elsewhere classified;0;3;
42204;Berufe in der Umweltschutztechnik (ohne Spezialisierung) - hoch komplexe Tätigkeiten;Occupations in environmental protection engineering (without specialisation)-highly complex tasks;2143;Umweltschutzingenieure;Environmental engineers;1;1;
42212;Schornsteinfeger/innen - fachlich ausgerichtete Tätigkeiten;Chimney sweeps-skilled tasks;7133;Fassadenreiniger und Schornsteinfeger/Rauchfangkehrer;Building structure cleaners;1;1;
42283;Berufe in der Umweltschutztechnik (sonstige spezifische Tätigkeitsangabe) - komplexe Spezialistentätigkeiten;Occupations in environmental protection engineering (with specialisation, not elsewhere classified)-highly complex tasks;3141;Biotechniker (ohne medizinische Fachberufe);Life science technicians (excluding medical);0;1;
42283;Berufe in der Umweltschutztechnik (sonstige spezifische Tätigkeitsangabe) - komplexe Spezialistentätigkeiten;Occupations in environmental protection engineering (with specialisation, not elsewhere classified)-highly complex tasks;3119;Material- und ingenieurtechnische Fachkräfte, anderweitig nicht genannt;Physical and engineering science technicians not elsewhere classified;0;2;
42293;Aufsichtskräfte - Umweltschutztechnik;Supervisors in environmental protection engineering;3119;Material- und ingenieurtechnische Fachkräfte, anderweitig nicht genannt;Physical and engineering science technicians not elsewhere classified;1;1;
42312;Berufe in der Umweltschutzverwaltung und -beratung - fachlich ausgerichtete Tätigkeiten;Occupations in environmental protection administration and environmental protection consulting-skilled tasks;4110;Allgemeine Bürokräfte;General office clerks;1;1;
42313;Berufe in der Umweltschutzverwaltung und -beratung - komplexe Spezialistentätigkeiten;Occupations in environmental protection administration and environmental protection consulting-complex tasks;3119;Material- und ingenieurtechnische Fachkräfte, anderweitig nicht genannt;Physical and engineering science technicians not elsewhere classified;1;1;
42314;Berufe in der Umweltschutzverwaltung und -beratung - hoch komplexe Tätigkeiten;Occupations in environmental protection administration and environmental protection consulting-highly complex tasks;2133;Umweltwissenschaftler;Environmental protection professionals;1;1;
42323;Gewässer-, Immissionsschutz- und Abfallbeauftragte - komplexe Spezialistentätigkeiten;Water pollution and emission control, waste management commissioners-complex tasks;3257;Nicht akademische Kontrolleure und Beauftragte in den Bereichen Umwelt- und Arbeitsmedizin sowie verwandte Berufe;Environmental and occupational health inspectors and associates;1;1;
42324;Gewässer-, Immissionsschutz- und Abfallbeauftragte - hoch komplexe Tätigkeiten;Water pollution and emission control, waste management commissioners-highly complex tasks;2133;Umweltwissenschaftler;Environmental protection professionals;1;1;
42333;Strahlenschutzbeauftragte - komplexe Spezialistentätigkeiten;Radiation protection commissioners-complex tasks;3257;Nicht akademische Kontrolleure und Beauftragte in den Bereichen Umwelt- und Arbeitsmedizin sowie verwandte Berufe;Environmental and occupational health inspectors and associates;1;1;
42334;Strahlenschutzbeauftragte - hoch komplexe Tätigkeiten;Radiation protection commissioners-highly complex tasks;2263;Akademische und vergleichbare Fachkräfte in den Bereichen Umwelt- und Arbeitsmedizin sowie Hygiene;Environmental and occupational health and hygiene professionals;1;1;
42394;Führungskräfte - Umweltmanagement und -beratung;Managers in environmental protection administration and consulting;1349;Führungskräfte in der Erbringung von speziellen Dienstleistungen, anderweitig nicht genannt;Professional services managers not elsewhere classified;1;1;
43102;Berufe in der Informatik (ohne Spezialisierung) - fachlich ausgerichtete Tätigkeiten;Occupations in computer science (without specialisation)-skilled tasks;2514;Anwendungsprogrammierer;Applications programmers;0;4;
43102;Berufe in der Informatik (ohne Spezialisierung) - fachlich ausgerichtete Tätigkeiten;Occupations in computer science (without specialisation)-skilled tasks;2512;Softwareentwickler;Software developers;0;3;
43102;Berufe in der Informatik (ohne Spezialisierung) - fachlich ausgerichtete Tätigkeiten;Occupations in computer science (without specialisation)-skilled tasks;3513;Techniker für Computernetzwerke und -systeme;Computer network and systems technicians;0;2;
43102;Berufe in der Informatik (ohne Spezialisierung) - fachlich ausgerichtete Tätigkeiten;Occupations in computer science (without specialisation)-skilled tasks;3512;Techniker für die Anwenderbetreuung in der Informations- und Kommunikationstechnologie;Information and communications technology user support technicians;0;1;
43103;Berufe in der Informatik (ohne Spezialisierung) - komplexe Spezialistentätigkeiten;Occupations in computer science (without specialisation)-complex tasks;2512;Softwareentwickler;Software developers;0;2;
43103;Berufe in der Informatik (ohne Spezialisierung) - komplexe Spezialistentätigkeiten;Occupations in computer science (without specialisation)-complex tasks;2511;Systemanalytiker;Systems analysts;0;1;
43104;Berufe in der Informatik (ohne Spezialisierung) - hoch komplexe Tätigkeiten;Occupations in computer science (without specialisation)-highly complex tasks;2523;Akademische und vergleichbare Fachkräfte für Computernetzwerke;Computer network professionals;0;3;
43104;Berufe in der Informatik (ohne Spezialisierung) - hoch komplexe Tätigkeiten;Occupations in computer science (without specialisation)-highly complex tasks;2512;Softwareentwickler;Software developers;0;2;
43104;Berufe in der Informatik (ohne Spezialisierung) - hoch komplexe Tätigkeiten;Occupations in computer science (without specialisation)-highly complex tasks;2511;Systemanalytiker;Systems analysts;0;1;
43112;Berufe in der Wirtschaftsinformatik - fachlich ausgerichtete Tätigkeiten;Occupations in business informatics-skilled tasks;3512;Techniker für die Anwenderbetreuung in der Informations- und Kommunikationstechnologie;Information and communications technology user support technicians;1;1;
43113;Berufe in der Wirtschaftsinformatik - komplexe Spezialistentätigkeiten;Occupations in business informatics-complex tasks;2511;Systemanalytiker;Systems analysts;1;1;
43114;Berufe in der Wirtschaftsinformatik - hoch komplexe Tätigkeiten;Occupations in business informatics-highly complex tasks;2512;Softwareentwickler;Software developers;0;2;
43114;Berufe in der Wirtschaftsinformatik - hoch komplexe Tätigkeiten;Occupations in business informatics-highly complex tasks;2511;Systemanalytiker;Systems analysts;0;1;
43122;Berufe in der technischen Informatik - fachlich ausgerichtete Tätigkeiten;Occupations in computer engineering-skilled tasks;3513;Techniker für Computernetzwerke und -systeme;Computer network and systems technicians;1;1;
43123;Berufe in der technischen Informatik - komplexe Spezialistentätigkeiten;Occupations in computer engineering-complex tasks;2523;Akademische und vergleichbare Fachkräfte für Computernetzwerke;Computer network professionals;0;3;
43123;Berufe in der technischen Informatik - komplexe Spezialistentätigkeiten;Occupations in computer engineering-complex tasks;2514;Anwendungsprogrammierer;Applications programmers;0;1;
43123;Berufe in der technischen Informatik - komplexe Spezialistentätigkeiten;Occupations in computer engineering-complex tasks;2512;Softwareentwickler;Software developers;0;2;
43124;Berufe in der technischen Informatik - hoch komplexe Tätigkeiten;Occupations in computer engineering-highly complex tasks;2523;Akademische und vergleichbare Fachkräfte für Computernetzwerke;Computer network professionals;0;4;
43124;Berufe in der technischen Informatik - hoch komplexe Tätigkeiten;Occupations in computer engineering-highly complex tasks;2514;Anwendungsprogrammierer;Applications programmers;0;3;
43124;Berufe in der technischen Informatik - hoch komplexe Tätigkeiten;Occupations in computer engineering-highly complex tasks;2512;Softwareentwickler;Software developers;0;2;
43124;Berufe in der technischen Informatik - hoch komplexe Tätigkeiten;Occupations in computer engineering-highly complex tasks;2511;Systemanalytiker;Systems analysts;0;1;
43134;Berufe in der Bio- und Medizininformatik - hoch komplexe Tätigkeiten;Occupations in bio- and medical informatics-highly complex tasks;2512;Softwareentwickler;Software developers;1;1;
43144;Berufe in der Geoinformatik - hoch komplexe Tätigkeiten;Occupations in geoinformatics-highly complex tasks;2512;Softwareentwickler;Software developers;1;1;
43152;Berufe in der Medieninformatik - fachlich ausgerichtete Tätigkeiten;Occupations in media informatics-skilled tasks;2513;Web- und Multimediaentwickler;Web and multimedia developers;1;1;
43153;Berufe in der Medieninformatik - komplexe Spezialistentätigkeiten;Occupations in media informatics-complex tasks;2513;Web- und Multimediaentwickler;Web and multimedia developers;1;1;
43154;Berufe in der Medieninformatik - hoch komplexe Tätigkeiten;Occupations in media informatics-highly complex tasks;2513;Web- und Multimediaentwickler;Web and multimedia developers;1;1;
43194;Führungskräfte - Informatik;Managers in computer science;1330;Führungskräfte in der Erbringung von Dienstleistungen im Bereich Informations- und Kommunikationstechnologie;Information and communications technology service managers;1;1;
43214;Berufe in der IT-Systemanalyse - hoch komplexe Tätigkeiten;Occupations in IT-system-analysis-highly complex tasks;2511;Systemanalytiker;Systems analysts;1;1;
43223;Berufe in der IT-Anwendungsberatung - komplexe Spezialistentätigkeiten;Occupations in IT-application-consulting-complex tasks;3512;Techniker für die Anwenderbetreuung in der Informations- und Kommunikationstechnologie;Information and communications technology user support technicians;1;1;
43224;Berufe in der IT-Anwendungsberatung - hoch komplexe Tätigkeiten;Occupations in IT-application-consulting-highly complex tasks;2511;Systemanalytiker;Systems analysts;1;1;
43232;Berufe im IT-Vertrieb - fachlich ausgerichtete Tätigkeiten;Occupations in IT-sales-skilled tasks;2434;Akademische und vergleichbare Fachkräfte im Vertrieb von Informations- und Kommunikationstechnologie;Information and communications technology sales professionals;1;1;
43233;Berufe im IT-Vertrieb - komplexe Spezialistentätigkeiten;Occupations in IT-sales-complex tasks;2434;Akademische und vergleichbare Fachkräfte im Vertrieb von Informations- und Kommunikationstechnologie;Information and communications technology sales professionals;1;1;
43294;Führungskräfte - IT-Systemanalyse, IT-Anwendungsberatung und IT-Vertrieb;Managers in IT-system-analysis, IT-application-consulting and IT-sales;1221;Führungskräfte in Vertrieb und Marketing;Sales and marketing managers;1;1;
43312;Berufe in der IT-Netzwerktechnik - fachlich ausgerichtete Tätigkeiten;Occupations in IT-network engineering-skilled tasks;3513;Techniker für Computernetzwerke und -systeme;Computer network and systems technicians;1;1;
43313;Berufe in der IT-Netzwerktechnik - komplexe Spezialistentätigkeiten;Occupations in IT-network engineering-complex tasks;3513;Techniker für Computernetzwerke und -systeme;Computer network and systems technicians;1;1;
43314;Berufe in der IT-Netzwerktechnik - hoch komplexe Tätigkeiten;Occupations in IT-network engineering-highly complex tasks;2523;Akademische und vergleichbare Fachkräfte für Computernetzwerke;Computer network professionals;1;1;
43323;Berufe in der IT-Koordination - komplexe Spezialistentätigkeiten;Occupations in IT-coordination-complex tasks;2519;Entwickler und Analytiker von Software und Anwendungen, anderweitig nicht genannt;Software and applications developers and analysts not elsewhere classified;1;1;
43333;Berufe in der IT-Organisation - komplexe Spezialistentätigkeiten;Occupations in IT-organisation-complex tasks;3511;Techniker für den Betrieb von Informations- und Kommunikationstechnologie;Information and communications technology operations technicians;1;1;
43343;Berufe in der IT-Systemadministration - komplexe Spezialistentätigkeiten;Occupations in IT-system-administration-complex tasks;2522;Systemadministratoren;Systems administrators;1;1;
43353;Berufe in der Datenbankentwicklung und -administration - komplexe Spezialistentätigkeiten;Occupations in database development and administration-complex tasks;2521;Datenbankentwickler und -administratoren;Database designers and administrators;1;1;
43363;Berufe in der Webadministration - komplexe Spezialistentätigkeiten;Occupations in web administration-complex tasks;3514;Webmaster;Web technicians;1;1;
43383;Berufe in der IT-Netzwerktechnik, IT-Koordination, IT-Administration und IT-Organisation (sonstige spezifische Tätigkeitsangabe) - komplexe Spezialistentätigkeiten;Occupations in IT-network engineering, IT-coordination, IT-administration and IT-organisation (with specialisation, not elsewhere classified)-complex tasks;2529;Akademische und vergleichbare Fachkräfte für Datenbanken und Netzwerke, anderweitig nicht genannt;Database and network professionals not elsewhere classified;1;1;
43384;Berufe in der IT-Netzwerktechnik, IT-Koordination, IT-Administration und IT-Organisation (sonstige spezifische Tätigkeitsangabe) - hoch komplexe Tätigkeiten;Occupations in IT-network engineering, IT-coordination, IT-administration and IT-organisation (with specialisation, not elsewhere classified)-highly complex tasks;2529;Akademische und vergleichbare Fachkräfte für Datenbanken und Netzwerke, anderweitig nicht genannt;Database and network professionals not elsewhere classified;1;1;
43394;Führungskräfte - IT-Netzwerktechnik, IT-Koordination, IT-Administration und IT-Organisation;Managers in IT-network engineering, IT-coordination, IT-administration and IT-organisation (with specialisation, not elsewhere classified);1330;Führungskräfte in der Erbringung von Dienstleistungen im Bereich Informations- und Kommunikationstechnologie;Information and communications technology service managers;1;1;
43412;Berufe in der Softwareentwicklung - fachlich ausgerichtete Tätigkeiten;Occupations in software development-skilled tasks;2514;Anwendungsprogrammierer;Applications programmers;1;1;
43413;Berufe in der Softwareentwicklung - komplexe Spezialistentätigkeiten;Occupations in software development-complex tasks;2512;Softwareentwickler;Software developers;1;1;
43414;Berufe in der Softwareentwicklung - hoch komplexe Tätigkeiten;Occupations in software development-highly complex tasks;2512;Softwareentwickler;Software developers;1;1;
43423;Berufe in der Programmierung - komplexe Spezialistentätigkeiten;Occupations in programming-complex tasks;2514;Anwendungsprogrammierer;Applications programmers;1;1;
43494;Führungskräfte - Softwareentwicklung und Programmierung;Managers in software development and programming;1330;Führungskräfte in der Erbringung von Dienstleistungen im Bereich Informations- und Kommunikationstechnologie;Information and communications technology service managers;1;1;
51112;Berufe im technischen Eisenbahnbetrieb - fachlich ausgerichtete Tätigkeiten;Technical occupations in railway operation-skilled tasks;8312;Bediener von Sicherungs-, Signal- und Leittechnik im Schienennetzbetrieb;Railway brake, signal and switch operators;1;1;
51113;Berufe im technischen Eisenbahnbetrieb - komplexe Spezialistentätigkeiten;Technical occupations in railway operation-complex tasks;3115;Maschinenbautechniker;Mechanical engineering technicians;1;1;
51122;Berufe im technischen Luftverkehrsbetrieb - fachlich ausgerichtete Tätigkeiten;Technical occupations in aircraft operation-skilled tasks;9333;Frachtarbeiter und verwandte Berufe;Freight handlers;1;1;
51123;Berufe im technischen Luftverkehrsbetrieb - komplexe Spezialistentätigkeiten;Technical occupations in aircraft operation-complex tasks;3115;Maschinenbautechniker;Mechanical engineering technicians;1;1;
51132;Berufe im technischen Schiffsverkehrsbetrieb - fachlich ausgerichtete Tätigkeiten;Technical occupations in ship operation-skilled tasks;8350;Deckspersonal auf Schiffen und verwandte Berufe;Ships' deck crews and related workers;1;1;
51133;Berufe im technischen Schiffsverkehrsbetrieb - komplexe Spezialistentätigkeiten;Technical occupations in ship operation-complex tasks;3151;Technische Schiffsoffiziere;Ships' engineers;1;1;
51134;Berufe im technischen Schiffsverkehrsbetrieb - hoch komplexe Tätigkeiten;Technical occupations in ship operation-highly complex tasks;3151;Technische Schiffsoffiziere;Ships' engineers;1;1;
51182;Berufe im technischen Betrieb des Eisenbahn-, Luft- und Schiffsverkehrs (sonstige spezifische Tätigkeitsangabe) - fachlich ausgerichtete Tätigkeiten;Technical occupations in railway, aircraft and ship operation (with specialisation, not elsewhere classified)-skilled tasks;3521;Techniker für Rundfunk und audiovisuelle Medien;Broadcasting and audio-visual technicians;1;1;
51183;Berufe im technischen Betrieb des Eisenbahn-, Luft- und Schiffsverkehrs (sonstige spezifische Tätigkeitsangabe) - komplexe Spezialistentätigkeiten;Technical occupations in railway, aircraft and ship operation (with specialisation, not elsewhere classified)-complex tasks;3521;Techniker für Rundfunk und audiovisuelle Medien;Broadcasting and audio-visual technicians;1;1;
51193;Aufsichtskräfte - Technischer Betrieb im Eisenbahn-, Luft- und Schiffsverkehr;Supervisors in railway, aircraft and ship operation;3122;Produktionsleiter bei der Herstellung von Waren;Manufacturing supervisors;1;1;
51212;Straßen- und Tunnelwärter/innen - fachlich ausgerichtete Tätigkeiten;Road and tunnel inspection and controlling commissioners-skilled tasks;9312;Hilfsarbeiter im Tiefbau;Civil engineering labourers;1;1;
51222;Berufe in der Überwachung und Wartung der Eisenbahninfrastruktur - fachlich ausgerichtete Tätigkeiten;Occupations in the inspection and maintenance of railway infrastructure-skilled tasks;9312;Hilfsarbeiter im Tiefbau;Civil engineering labourers;1;1;
51223;Berufe in der Überwachung und Wartung der Eisenbahninfrastruktur - komplexe Spezialistentätigkeiten;Occupations in the inspection and maintenance of railway infrastructure-complex tasks;3112;Bautechniker;Civil engineering technicians;0;1;
51223;Berufe in der Überwachung und Wartung der Eisenbahninfrastruktur - komplexe Spezialistentätigkeiten;Occupations in the inspection and maintenance of railway infrastructure-complex tasks;3113;Elektrotechniker;Electrical engineering technicians;0;2;
51224;Berufe in der Überwachung und Wartung der Eisenbahninfrastruktur - hoch komplexe Tätigkeiten;Occupations in the inspection and maintenance of railway infrastructure-highly complex tasks;2142;Bauingenieure;Civil engineers;0;2;
51224;Berufe in der Überwachung und Wartung der Eisenbahninfrastruktur - hoch komplexe Tätigkeiten;Occupations in the inspection and maintenance of railway infrastructure-highly complex tasks;2164;Raum-, Stadt- und Verkehrsplaner;Town and traffic planners;0;1;
51233;Berufe in der Flugsicherungstechnik - komplexe Spezialistentätigkeiten;Technical occupations in air traffic control-complex tasks;3155;Flugsicherungstechniker;Air traffic safety electronics technicians;1;1;
51234;Berufe in der Flugsicherungstechnik - hoch komplexe Tätigkeiten;Technical occupations in air traffic control-highly complex tasks;2152;Ingenieure im Bereich Elektronik;Electronics engineers;1;1;
51242;Wasserstraßen- und Brückenwärter/innen - fachlich ausgerichtete Tätigkeiten;Waterway and bridges inspection and controlling commissioners-skilled tasks;9312;Hilfsarbeiter im Tiefbau;Civil engineering labourers;0;2;
51242;Wasserstraßen- und Brückenwärter/innen - fachlich ausgerichtete Tätigkeiten;Waterway and bridges inspection and controlling commissioners-skilled tasks;8343;Kranführer, Aufzugmaschinisten und Bediener verwandter Hebeeinrichtungen;Crane, hoist and related plant operators;0;1;
51243;Wasserstraßen- und Brückenwärter/innen - komplexe Spezialistentätigkeiten;Waterway and bridges inspection and controlling commissioners-complex tasks;3112;Bautechniker;Civil engineering technicians;1;1;
51293;Aufsichtskräfte - Überwachung und Wartung der Verkehrsinfrastruktur;Supervisors in the inspection and maintenance of traffic infrastructure;3123;Bauleiter;Construction supervisors;1;1;
51311;Berufe in der Lagerwirtschaft - Helfer-/Anlerntätigkeiten;Occupations in warehousing and logistics-unskilled/semiskilled tasks;8183;Bediener von Verpackungs-, Abfüll- und Etikettiermaschinen;Packing, bottling and labelling machine operators;0;3;
51311;Berufe in der Lagerwirtschaft - Helfer-/Anlerntätigkeiten;Occupations in warehousing and logistics-unskilled/semiskilled tasks;9333;Frachtarbeiter und verwandte Berufe;Freight handlers;0;1;
51311;Berufe in der Lagerwirtschaft - Helfer-/Anlerntätigkeiten;Occupations in warehousing and logistics-unskilled/semiskilled tasks;9321;Verpacker;Hand packers;0;2;
51312;Berufe in der Lagerwirtschaft - fachlich ausgerichtete Tätigkeiten;Occupations in warehousing and logistics-skilled tasks;4321;Fachkräfte in der Lagerwirtschaft;Stock clerks;1;1;
51321;Berufe für Post- und Zustelldienste - Helfer-/Anlerntätigkeiten;Occupations in postal and other delivery services-unskilled/semiskilled tasks;9621;Boten, Paketauslieferer und Gepäckträger;Messengers, package deliverers and luggage porters;1;1;
51322;Berufe für Post- und Zustelldienste - fachlich ausgerichtete Tätigkeiten;Occupations in postal and other delivery services-skilled tasks;4412;Postverteiler und -sortierer;Mail carriers and sorting clerks;1;1;
51332;Berufe im Güter- und Warenumschlag - fachlich ausgerichtete Tätigkeiten;Occupations in cargo handling-skilled tasks;4323;Bürokräfte in der Transportwirtschaft und verwandte Berufe;Transport clerks;1;1;
51393;Aufsichtskräfte - Lagerwirtschaft, Post und Zustellung, Güterumschlag;Supervisors in warehousing and logistics, in postal and other delivery services, and in cargo handling;4323;Bürokräfte in der Transportwirtschaft und verwandte Berufe;Transport clerks;0;1;
51393;Aufsichtskräfte - Lagerwirtschaft, Post und Zustellung, Güterumschlag;Supervisors in warehousing and logistics, in postal and other delivery services, and in cargo handling;4321;Fachkräfte in der Lagerwirtschaft;Stock clerks;0;2;
51394;Führungskräfte - Lagerwirtschaft, Post und Zustellung, Güterumschlag;Managers in warehousing and logistics, in postal and other delivery services, and in cargo handling;1324;Führungskräfte in der Beschaffung, Logistik und in verwandten Bereichen;Supply, distribution and related managers;1;1;
51401;Servicekräfte im Personenverkehr (ohne Spezialisierung) - Helfer- und Anlerntätigkeiten;Service occupations in passenger traffic (without specialisation)-unskilled and semiskilled tasks;5112;Schaffner;Transport conductors;1;1;
51412;Servicefachkräfte im Straßen- und Schienenverkehr - fachlich ausgerichtete Tätigkeiten;Service occupations in road and railway traffic-skilled tasks;4221;Reiseverkehrsfachkräfte;Travel consultants and clerks;0;2;
51412;Servicefachkräfte im Straßen- und Schienenverkehr - fachlich ausgerichtete Tätigkeiten;Service occupations in road and railway traffic-skilled tasks;5112;Schaffner;Transport conductors;0;1;
51422;Servicefachkräfte im Luftverkehr - fachlich ausgerichtete Tätigkeiten;Service occupations in air traffic-skilled tasks;5111;Reisebegleiter und Stewards;Travel attendants and travel stewards;0;1;
51422;Servicefachkräfte im Luftverkehr - fachlich ausgerichtete Tätigkeiten;Service occupations in air traffic-skilled tasks;4221;Reiseverkehrsfachkräfte;Travel consultants and clerks;0;2;
51432;Servicefachkräfte im Schiffsverkehr - fachlich ausgerichtete Tätigkeiten;Service occupations in shipping traffic-skilled tasks;5111;Reisebegleiter und Stewards;Travel attendants and travel stewards;1;1;
51493;Aufsichtskräfte - Personenverkehr (Servicebereich);Supervisors of service personnel in passenger traffic;5111;Reisebegleiter und Stewards;Travel attendants and travel stewards;0;2;
51493;Aufsichtskräfte - Personenverkehr (Servicebereich);Supervisors of service personnel in passenger traffic;5112;Schaffner;Transport conductors;0;1;
51503;Berufe in der Überwachung und Steuerung des Verkehrsbetriebs (ohne Spezialisierung) - komplexe Spezialistentätigkeiten;Occupations in traffic surveillance and control (without specialisation)-complex tasks;3119;Material- und ingenieurtechnische Fachkräfte, anderweitig nicht genannt;Physical and engineering science technicians not elsewhere classified;1;1;
51504;Berufe in der Überwachung und Steuerung des Verkehrsbetriebs (ohne Spezialisierung) - hoch komplexe Tätigkeiten;Occupations in traffic surveillance and control (without specialisation)-highly complex tasks;2164;Raum-, Stadt- und Verkehrsplaner;Town and traffic planners;1;1;
51511;Berufe in der Überwachung und Steuerung des Straßenverkehrsbetriebs - Helfer- und Anlerntätigkeiten;Occupations in the surveillance and control of road traffic-unskilled and semiskilled tasks;4222;Kundeninformationsfachkräfte in Call Centers;Contact centre information clerks;1;1;
51512;Berufe in der Überwachung und Steuerung des Straßenverkehrsbetriebs - fachlich ausgerichtete Tätigkeiten;Occupations in the surveillance and control of road traffic-skilled tasks;4323;Bürokräfte in der Transportwirtschaft und verwandte Berufe;Transport clerks;1;1;
51513;Berufe in der Überwachung und Steuerung des Straßenverkehrsbetriebs - komplexe Spezialistentätigkeiten;Occupations in the surveillance and control of road traffic-complex tasks;3119;Material- und ingenieurtechnische Fachkräfte, anderweitig nicht genannt;Physical and engineering science technicians not elsewhere classified;1;1;
51522;Berufe in der Überwachung und Steuerung des Eisenbahnverkehrsbetriebs - fachlich ausgerichtete Tätigkeiten;Occupations in the surveillance and control of railway traffic-skilled tasks;8312;Bediener von Sicherungs-, Signal- und Leittechnik im Schienennetzbetrieb;Railway brake, signal and switch operators;1;1;
51523;Berufe in der Überwachung und Steuerung des Eisenbahnverkehrsbetriebs - komplexe Spezialistentätigkeiten;Occupations in the surveillance and control of railway traffic-complex tasks;3119;Material- und ingenieurtechnische Fachkräfte, anderweitig nicht genannt;Physical and engineering science technicians not elsewhere classified;1;1;
51532;Berufe in der Überwachung und Steuerung des Luftverkehrsbetriebs - fachlich ausgerichtete Tätigkeiten;Occupations in the surveillance and control of air traffic-skilled tasks;4323;Bürokräfte in der Transportwirtschaft und verwandte Berufe;Transport clerks;1;1;
51533;Berufe in der Überwachung und Steuerung des Luftverkehrsbetriebs - komplexe Spezialistentätigkeiten;Occupations in the surveillance and control of air traffic-complex tasks;3154;Flugverkehrslotsen;Air traffic controllers;1;1;
51534;Berufe in der Überwachung und Steuerung des Luftverkehrsbetriebs - hoch komplexe Tätigkeiten;Occupations in the surveillance and control of air traffic-highly complex tasks;2149;Ingenieure, anderweitig nicht genannt;Engineering professionals not elsewhere classified;1;1;
51543;Berufe in der Überwachung und Steuerung des Schiffsverkehrsbetriebs - komplexe Spezialistentätigkeiten;Occupations in the surveillance and control of shipping traffic-complex tasks;3152;Schiffsführer, nautische Schiffsoffiziere und Schiffslotsen;Ships' deck officers and pilots;1;1;
51583;Berufe in der Überwachung und Steuerung des Verkehrsbetriebs (sonstige spezifische Tätigkeitsangabe) - komplexe Spezialistentätigkeiten;Occupations in traffic surveillance and control (with specialisation, not elsewhere classified)-complex tasks;3119;Material- und ingenieurtechnische Fachkräfte, anderweitig nicht genannt;Physical and engineering science technicians not elsewhere classified;1;1;
51593;Aufsichtskräfte - Überwachung und Steuerung des Verkehrsbetriebs;Supervisors in traffic surveillance and control;3115;Maschinenbautechniker;Mechanical engineering technicians;1;1;
51594;Führungskräfte - Überwachung und Steuerung des Verkehrsbetriebs;Managers in traffic surveillance and control;1324;Führungskräfte in der Beschaffung, Logistik und in verwandten Bereichen;Supply, distribution and related managers;1;1;
51613;Verkehrskaufleute - komplexe Spezialistentätigkeiten;Management assistants in transport-complex tasks;4323;Bürokräfte in der Transportwirtschaft und verwandte Berufe;Transport clerks;1;1;
51614;Verkehrskaufleute - hoch komplexe Tätigkeiten;Management assistants in transport -highly complex tasks;2421;Akademische und vergleichbare Fachkräfte im Bereich Management- und Organisationsanalyse;Management and organization analysts;1;1;
51622;Speditions- und Logistikkaufleute - fachlich ausgerichtete Tätigkeiten;Forwarding agents and management assistants in logistics-skilled tasks;4323;Bürokräfte in der Transportwirtschaft und verwandte Berufe;Transport clerks;1;1;
51623;Speditions- und Logistikkaufleute - komplexe Spezialistentätigkeiten;Forwarding agents and management assistants in logistics-complex tasks;3331;Fachkräfte für Abrechnungs- und Speditionsdienstleistungen;Clearing and forwarding agents;1;1;
51624;Speditions- und Logistikkaufleute - hoch komplexe Tätigkeiten;Forwarding agents and management assistants in logistics-highly complex tasks;2421;Akademische und vergleichbare Fachkräfte im Bereich Management- und Organisationsanalyse;Management and organization analysts;1;1;
51632;Straßen- und Schienenverkehrskaufleute - fachlich ausgerichtete Tätigkeiten;Management assistants in road and railway transport-skilled tasks;4323;Bürokräfte in der Transportwirtschaft und verwandte Berufe;Transport clerks;1;1;
51633;Straßen- und Schienenverkehrskaufleute - komplexe Spezialistentätigkeiten;Management assistants in road and railway transport-complex tasks;4323;Bürokräfte in der Transportwirtschaft und verwandte Berufe;Transport clerks;0;2;
51633;Straßen- und Schienenverkehrskaufleute - komplexe Spezialistentätigkeiten;Management assistants in road and railway transport-complex tasks;3331;Fachkräfte für Abrechnungs- und Speditionsdienstleistungen;Clearing and forwarding agents;0;1;
51642;Luftverkehrskaufleute - fachlich ausgerichtete Tätigkeiten;Management assistants in air transport-skilled tasks;4323;Bürokräfte in der Transportwirtschaft und verwandte Berufe;Transport clerks;0;1;
51642;Luftverkehrskaufleute - fachlich ausgerichtete Tätigkeiten;Management assistants in air transport-skilled tasks;4221;Reiseverkehrsfachkräfte;Travel consultants and clerks;0;2;
51643;Luftverkehrskaufleute - komplexe Spezialistentätigkeiten;Management assistants in air transport-complex tasks;4323;Bürokräfte in der Transportwirtschaft und verwandte Berufe;Transport clerks;0;2;
51643;Luftverkehrskaufleute - komplexe Spezialistentätigkeiten;Management assistants in air transport-complex tasks;3324;Handelsmakler;Trade brokers;0;1;
51652;Schifffahrtskaufleute - fachlich ausgerichtete Tätigkeiten;Management assistants in shipping transport-skilled tasks;4323;Bürokräfte in der Transportwirtschaft und verwandte Berufe;Transport clerks;1;1;
51653;Schifffahrtskaufleute - komplexe Spezialistentätigkeiten;Management assistants in shipping transport-complex tasks;4323;Bürokräfte in der Transportwirtschaft und verwandte Berufe;Transport clerks;0;2;
51653;Schifffahrtskaufleute - komplexe Spezialistentätigkeiten;Management assistants in shipping transport-complex tasks;3324;Handelsmakler;Trade brokers;0;1;
51662;Kurier-, Express- und Postdienstleistungskaufleute - fachlich ausgerichtete Tätigkeiten;Management assistants in courier services, express and postal delivery services-skilled tasks;4211;Bank- und andere Schalterbedienstete;Bank tellers and related clerks;0;2;
51662;Kurier-, Express- und Postdienstleistungskaufleute - fachlich ausgerichtete Tätigkeiten;Management assistants in courier services, express and postal delivery services-skilled tasks;4323;Bürokräfte in der Transportwirtschaft und verwandte Berufe;Transport clerks;0;1;
51663;Kurier-, Express- und Postdienstleistungskaufleute - komplexe Spezialistentätigkeiten;Management assistants in courier services, express and postal delivery services-complex tasks;3331;Fachkräfte für Abrechnungs- und Speditionsdienstleistungen;Clearing and forwarding agents;1;1;
51694;Führungskräfte - Verkehr und Logistik (kaufmännischer Bereich);Managers in transport and logistics;1324;Führungskräfte in der Beschaffung, Logistik und in verwandten Bereichen;Supply, distribution and related managers;1;1;
52112;Berufskraftfahrer/innen (Personentransport/PKW) - fachlich ausgerichtete Tätigkeiten;Professional drivers (passengers transport)-skilled tasks;8322;Personenkraftwagen-, Taxi-, Kleintransporter- und Kleinbusfahrer;Car, taxi and van drivers;1;1;
52122;Berufskraftfahrer/innen (Güterverkehr/LKW) - fachlich ausgerichtete Tätigkeiten;Professional drivers (cargo trucks)-skilled tasks;8331;Busfahrer und Straßenbahnführer;Bus and tram drivers;0;2;
52122;Berufskraftfahrer/innen (Güterverkehr/LKW) - fachlich ausgerichtete Tätigkeiten;Professional drivers (cargo trucks)-skilled tasks;8332;Fahrer schwerer Lastkraftwagen;Heavy truck and lorry drivers;0;1;
52132;Bus- und Straßenbahnfahrer/innen - fachlich ausgerichtete Tätigkeiten;Bus and tram drivers-skilled tasks;8331;Busfahrer und Straßenbahnführer;Bus and tram drivers;0;1;
52132;Bus- und Straßenbahnfahrer/innen - fachlich ausgerichtete Tätigkeiten;Bus and tram drivers-skilled tasks;8311;Lokomotivführer;Locomotive engine drivers;0;2;
52182;Fahrzeugführer/innen im Straßenverkehr (sonstige spezifische Tätigkeitsangabe) - fachlich ausgerichtete Tätigkeiten;Drivers of vehicles in road traffic (with specialisation, not elsewhere classified)-skilled tasks;9331;Führer von Handwagen und pedalbetriebenen Fahrzeugen;Hand and pedal vehicle drivers;0;3;
52182;Fahrzeugführer/innen im Straßenverkehr (sonstige spezifische Tätigkeitsangabe) - fachlich ausgerichtete Tätigkeiten;Drivers of vehicles in road traffic (with specialisation, not elsewhere classified)-skilled tasks;8321;Kraftradfahrer;Motorcycle drivers;0;2;
52182;Fahrzeugführer/innen im Straßenverkehr (sonstige spezifische Tätigkeitsangabe) - fachlich ausgerichtete Tätigkeiten;Drivers of vehicles in road traffic (with specialisation, not elsewhere classified)-skilled tasks;8322;Personenkraftwagen-, Taxi-, Kleintransporter- und Kleinbusfahrer;Car, taxi and van drivers;0;1;
52202;Triebfahrzeugführer/innen im Eisenbahnverkehr (ohne Spezialisierung) - fachlich ausgerichtete Tätigkeiten;Drivers of train engines and other railway vehicles-skilled tasks;8311;Lokomotivführer;Locomotive engine drivers;1;1;
52313;Piloten/Pilotinnen und Verkehrsflugzeugführer/innen - komplexe Spezialistentätigkeiten;Pilots of planes and airliners-complex tasks;3153;Flugzeugführer und verwandte Berufe;Aircraft pilots and related associate professionals;1;1;
52314;Piloten/Pilotinnen und Verkehrsflugzeugführer/innen - hoch komplexe Tätigkeiten;Pilots of planes and airliners-highly complex tasks;3153;Flugzeugführer und verwandte Berufe;Aircraft pilots and related associate professionals;1;1;
52383;Fahrzeugführer/innen im Flugverkehr (sonstige spezifische Tätigkeitsangabe) - komplexe Spezialistentätigkeiten;Aircraft pilots (with specialisation, not elsewhere classified)-complex tasks;3153;Flugzeugführer und verwandte Berufe;Aircraft pilots and related associate professionals;1;1;
52384;Fahrzeugführer/innen im Flugverkehr (sonstige spezifische Tätigkeitsangabe) - hoch komplexe Tätigkeiten;Aircraft pilots (with specialisation, not elsewhere classified)-highly complex tasks;3153;Flugzeugführer und verwandte Berufe;Aircraft pilots and related associate professionals;1;1;
52413;Nautische Schiffsoffiziere/-offizierinnen und Kapitäne/Kapitäninnen - komplexe Spezialistentätigkeiten;Deck officers/mates and ship’s captains or skippers-complex tasks;3152;Schiffsführer, nautische Schiffsoffiziere und Schiffslotsen;Ships' deck officers and pilots;1;1;
52414;Nautische Schiffsoffiziere/-offizierinnen und Kapitäne/Kapitäninnen - hoch komplexe Tätigkeiten;Deck officers/mates and ship’s captains or skippers-highly complex tasks;3152;Schiffsführer, nautische Schiffsoffiziere und Schiffslotsen;Ships' deck officers and pilots;1;1;
52422;Schiffsführer/innen in Binnenschifffahrt und Hafenverkehr - fachlich ausgerichtete Tätigkeiten;Ship’s masters in inland navigation and port traffic-skilled tasks;3152;Schiffsführer, nautische Schiffsoffiziere und Schiffslotsen;Ships' deck officers and pilots;1;1;
52423;Schiffsführer/innen in Binnenschifffahrt und Hafenverkehr - komplexe Spezialistentätigkeiten;Ship’s masters in inland navigation and port traffic-complex tasks;3152;Schiffsführer, nautische Schiffsoffiziere und Schiffslotsen;Ships' deck officers and pilots;1;1;
52512;Führer/innen von land- und forstwirtschaftlichen Maschinen - fachlich ausgerichtete Tätigkeiten;Drivers of agricultural and forestry machines-skilled tasks;8341;Führer von mobilen land- und forstwirtschaftlichen Maschinen;Mobile farm and forestry plant operators;1;1;
52522;Führer/innen von Erdbewegungs- und verwandten Maschinen - fachlich ausgerichtete Tätigkeiten;Drivers of earthmoving and related machines-skilled tasks;8342;Führer von Erdbewegungs- und verwandten Maschinen;Earthmoving and related plant operators;1;1;
52531;Kranführer/innen, Aufzugsmaschinisten und Bediener/innen verwandter Hebeeinrichtungen - Helfer-/Anlerntätigkeiten;Operators of cranes, lifts and related lifting devices-unskilled/semiskilled tasks;8344;Gabelstaplerfahrer und verwandte Berufe;Lifting truck operators;1;1;
52532;Kranführer/innen, Aufzugsmaschinisten und Bediener/innen verwandter Hebeeinrichtungen - fachlich ausgerichtete Tätigkeiten;Operators of cranes, lifts and related lifting devices-skilled tasks;8343;Kranführer, Aufzugmaschinisten und Bediener verwandter Hebeeinrichtungen;Crane, hoist and related plant operators;1;1;
52593;Aufsichtskräfte - Bau- und Transportgeräteführung;Supervisors of drivers and operators of construction and transportation vehicles and equipment;3123;Bauleiter;Construction supervisors;1;1;
53111;Berufe im Objekt-, Werte- und Personenschutz - Helfer-/Anlerntätigkeiten;Occupations in physical security, protection of valuables, and personal protection-unskilled/semiskilled tasks;9629;Hilfsarbeitskräfte, anderweitig nicht genannt;Elementary workers not elsewhere classified;1;1;
53112;Berufe im Objekt-, Werte- und Personenschutz - fachlich ausgerichtete Tätigkeiten;Occupations in physical security, protection of valuables, and personal protection-skilled tasks;5414;Sicherheitswachpersonal;Security guards;1;1;
53122;Berufe in Arbeitssicherheit und Sicherheitstechnik - fachlich ausgerichtete Tätigkeiten;Occupations focusing on workplace safety and safety technology-skilled tasks;5414;Sicherheitswachpersonal;Security guards;1;1;
53123;Berufe in Arbeitssicherheit und Sicherheitstechnik - komplexe Spezialistentätigkeiten;Occupations focusing on workplace safety and safety technology-complex tasks;3257;Nicht akademische Kontrolleure und Beauftragte in den Bereichen Umwelt- und Arbeitsmedizin sowie verwandte Berufe;Environmental and occupational health inspectors and associates;1;1;
53124;Berufe in Arbeitssicherheit und Sicherheitstechnik - hoch komplexe Tätigkeiten;Occupations focusing on workplace safety and safety technology-highly complex tasks;2149;Ingenieure, anderweitig nicht genannt;Engineering professionals not elsewhere classified;1;1;
53132;Berufe im Brandschutz - fachlich ausgerichtete Tätigkeiten;Occupations in fire protection-skilled tasks;5411;Feuerwehrleute;Firefighters;1;1;
53133;Berufe im Brandschutz - komplexe Spezialistentätigkeiten;Occupations in fire protection-complex tasks;3112;Bautechniker;Civil engineering technicians;1;1;
53134;Berufe im Brandschutz - hoch komplexe Tätigkeiten;Occupations in fire protection-highly complex tasks;2149;Ingenieure, anderweitig nicht genannt;Engineering professionals not elsewhere classified;1;1;
53142;Berufe in der Badeaufsicht - fachlich ausgerichtete Tätigkeiten;Pool attendants and lifeguards-skilled tasks;5153;Hauswarte;Building caretakers;0;2;
53142;Berufe in der Badeaufsicht - fachlich ausgerichtete Tätigkeiten;Pool attendants and lifeguards-skilled tasks;5419;Schutzkräfte und Sicherheitsbedienstete, anderweitig nicht genannt;Protective services workers not elsewhere classified;0;1;
53152;Detektive/Detektivinnen - fachlich ausgerichtete Tätigkeiten;Private detectives-skilled tasks;3411;Nicht akademische Fachkräfte für Rechts- und verwandte Angelegenheiten;Legal and related associate professionals;1;1;
53162;Inkassobeauftragte - fachlich ausgerichtete Tätigkeiten;Debt collectors-skilled tasks;4214;Inkassobeauftragte und verwandte Berufe;Debt-collectors and related workers;1;1;
53182;Berufe in Objekt-, Personen-, Brandschutz, Arbeitssicherheit (sonstige spezifische Tätigkeitsangabe) - fachlich ausgerichtete Tätigkeiten;Occupations in physical security, personal protection, fire protection and workplace safety (with specialisation, not elsewhere classified)-skilled tasks;5419;Schutzkräfte und Sicherheitsbedienstete, anderweitig nicht genannt;Protective services workers not elsewhere classified;1;1;
53183;Berufe in Objekt-, Personen-, Brandschutz, Arbeitssicherheit (sonstige spezifische Tätigkeitsangabe) - komplexe Spezialistentätigkeiten;Occupations in physical security, personal protection, fire protection and workplace safety (with specialisation, not elsewhere classified)-complex tasks;3119;Material- und ingenieurtechnische Fachkräfte, anderweitig nicht genannt;Physical and engineering science technicians not elsewhere classified;1;1;
53184;Berufe in Objekt-, Personen-, Brandschutz, Arbeitssicherheit (sonstige spezifische Tätigkeitsangabe) - hoch komplexe Tätigkeiten;Occupations in physical security, personal protection, fire protection and workplace safety (with specialisation, not elsewhere classified)-highly complex tasks;2421;Akademische und vergleichbare Fachkräfte im Bereich Management- und Organisationsanalyse;Management and organization analysts;1;1;
53193;Aufsichtskräfte - Objekt-, Personen-, Brandschutz, Arbeitssicherheit;Supervisors in physical security, personal protection, fire protection and workplace safety;3119;Material- und ingenieurtechnische Fachkräfte, anderweitig nicht genannt;Physical and engineering science technicians not elsewhere classified;1;1;
53194;Führungskräfte - Objekt-, Personen-, Brandschutz, Arbeitssicherheit;Managers in physical security, personal protection, fire protection and workplace safety;5411;Feuerwehrleute;Firefighters;0;3;
53194;Führungskräfte - Objekt-, Personen-, Brandschutz, Arbeitssicherheit;Managers in physical security, personal protection, fire protection and workplace safety;1342;Führungskräfte in der Erbringung von Dienstleistungen im Gesundheitswesen;Health service managers;0;4;
53194;Führungskräfte - Objekt-, Personen-, Brandschutz, Arbeitssicherheit;Managers in physical security, personal protection, fire protection and workplace safety;1349;Führungskräfte in der Erbringung von speziellen Dienstleistungen, anderweitig nicht genannt;Professional services managers not elsewhere classified;0;1;
53194;Führungskräfte - Objekt-, Personen-, Brandschutz, Arbeitssicherheit;Managers in physical security, personal protection, fire protection and workplace safety;3258;Rettungsdienstpersonal;Ambulance workers;0;2;
53212;Berufe im Polizeivollzugsdienst - fachlich ausgerichtete Tätigkeiten;Uniformed police personnel-skilled tasks;5412;Polizisten (ohne Polizeikommissare);Police officers;1;1;
53213;Berufe im Polizeivollzugsdienst - komplexe Spezialistentätigkeiten;Uniformed police personnel-complex tasks;3355;Polizeikommissare und Kriminalbeamte;Police inspectors and detectives;1;1;
53214;Berufe im Polizeivollzugsdienst - hoch komplexe Tätigkeiten;Uniformed police personnel-highly complex tasks;1349;Führungskräfte in der Erbringung von speziellen Dienstleistungen, anderweitig nicht genannt;Professional services managers not elsewhere classified;1;1;
53222;Berufe im Kriminaldienst - fachlich ausgerichtete Tätigkeiten;Detectives and police officers in criminal investigation departments-skilled tasks;3355;Polizeikommissare und Kriminalbeamte;Police inspectors and detectives;1;1;
53223;Berufe im Kriminaldienst - komplexe Spezialistentätigkeiten;Detectives and police officers in criminal investigation departments-complex tasks;3355;Polizeikommissare und Kriminalbeamte;Police inspectors and detectives;1;1;
53224;Berufe im Kriminaldienst - hoch komplexe Tätigkeiten;Detectives and police officers in criminal investigation departments-highly complex tasks;1349;Führungskräfte in der Erbringung von speziellen Dienstleistungen, anderweitig nicht genannt;Professional services managers not elsewhere classified;1;1;
53232;Berufe im Gerichtsvollzug - fachlich ausgerichtete Tätigkeiten;Court officers-skilled tasks;3411;Nicht akademische Fachkräfte für Rechts- und verwandte Angelegenheiten;Legal and related associate professionals;1;1;
53233;Berufe im Gerichtsvollzug - komplexe Spezialistentätigkeiten;Court officers-complex tasks;3411;Nicht akademische Fachkräfte für Rechts- und verwandte Angelegenheiten;Legal and related associate professionals;1;1;
53241;Berufe im Justizvollzugsdienst - Helfer-/Anlerntätigkeiten;Police officers in penal institutions- unskilled/semiskilled tasks;5413;Gefängnisaufseher;Prison guards;1;1;
53242;Berufe im Justizvollzugsdienst - fachlich ausgerichtete Tätigkeiten;Police officers in penal institutions-skilled tasks;5413;Gefängnisaufseher;Prison guards;1;1;
53243;Berufe im Justizvollzugsdienst - komplexe Spezialistentätigkeiten;Police officers in penal institutions-complex tasks;3359;Fachkräfte in der öffentlichen Verwaltung, anderweitig nicht genannt;Government regulatory associate professionals not elsewhere classified;1;1;
53244;Berufe im Justizvollzugsdienst - hoch komplexe Tätigkeiten;Police officers in penal institutions-highly complex tasks;1349;Führungskräfte in der Erbringung von speziellen Dienstleistungen, anderweitig nicht genannt;Professional services managers not elsewhere classified;1;1;
53312;Berufe in der Gewerbeaufsicht - fachlich ausgerichtete Tätigkeiten;Occupations in occupational health and safety administration-skilled tasks;3354;Fachkräfte bei staatlichen Pass-, Lizenz- und Genehmigungsstellen;Government licensing officials;0;1;
53312;Berufe in der Gewerbeaufsicht - fachlich ausgerichtete Tätigkeiten;Occupations in occupational health and safety administration-skilled tasks;3359;Fachkräfte in der öffentlichen Verwaltung, anderweitig nicht genannt;Government regulatory associate professionals not elsewhere classified;0;2;
53313;Berufe in der Gewerbeaufsicht - komplexe Spezialistentätigkeiten;Occupations in occupational health and safety administration-complex tasks;3354;Fachkräfte bei staatlichen Pass-, Lizenz- und Genehmigungsstellen;Government licensing officials;0;1;
53313;Berufe in der Gewerbeaufsicht - komplexe Spezialistentätigkeiten;Occupations in occupational health and safety administration-complex tasks;3359;Fachkräfte in der öffentlichen Verwaltung, anderweitig nicht genannt;Government regulatory associate professionals not elsewhere classified;0;2;
53314;Berufe in der Gewerbeaufsicht - hoch komplexe Tätigkeiten;Occupations in occupational health and safety administration-highly complex tasks;2263;Akademische und vergleichbare Fachkräfte in den Bereichen Umwelt- und Arbeitsmedizin sowie Hygiene;Environmental and occupational health and hygiene professionals;1;1;
53322;Berufe in der Gesundheitsaufsicht und Hygieneüberwachung - fachlich ausgerichtete Tätigkeiten;Occupations in public health authority and hygiene control-skilled tasks;3257;Nicht akademische Kontrolleure und Beauftragte in den Bereichen Umwelt- und Arbeitsmedizin sowie verwandte Berufe;Environmental and occupational health inspectors and associates;1;1;
53323;Berufe in der Gesundheitsaufsicht und Hygieneüberwachung - komplexe Spezialistentätigkeiten;Occupations in public health authority and hygiene control-complex tasks;3257;Nicht akademische Kontrolleure und Beauftragte in den Bereichen Umwelt- und Arbeitsmedizin sowie verwandte Berufe;Environmental and occupational health inspectors and associates;1;1;
53332;Berufe in der Lebensmittelkontrolle - fachlich ausgerichtete Tätigkeiten;Occupations in food control-skilled tasks;3257;Nicht akademische Kontrolleure und Beauftragte in den Bereichen Umwelt- und Arbeitsmedizin sowie verwandte Berufe;Environmental and occupational health inspectors and associates;1;1;
53333;Berufe in der Lebensmittelkontrolle - komplexe Spezialistentätigkeiten;Occupations in food control-complex tasks;3257;Nicht akademische Kontrolleure und Beauftragte in den Bereichen Umwelt- und Arbeitsmedizin sowie verwandte Berufe;Environmental and occupational health inspectors and associates;1;1;
53342;Berufe in der Desinfektion und Schädlingsbekämpfung - fachlich ausgerichtete Tätigkeiten;Occupations in disinfection and pest control-skilled tasks;7544;Kammerjäger und andere Schädlingsbekämpfungsberufe;Fumigators and other pest and weed controllers;1;1;
53393;Aufsichtskräfte - Gewerbe- und Gesundheitsaufsicht, Desinfektion;Supervisors in occupational health and safety administration, public health authority, and disinfection;3257;Nicht akademische Kontrolleure und Beauftragte in den Bereichen Umwelt- und Arbeitsmedizin sowie verwandte Berufe;Environmental and occupational health inspectors and associates;1;1;
53394;Führungskräfte - Gewerbe- und Gesundheitsaufsicht, Desinfektion;Managers in occupational health and safety administration, public health authority, and disinfection;1349;Führungskräfte in der Erbringung von speziellen Dienstleistungen, anderweitig nicht genannt;Professional services managers not elsewhere classified;1;1;
54101;Berufe in der Reinigung (ohne Spezialisierung) - Helfer-/Anlerntätigkeiten;Occupations in cleaning services (without specialisation)-unskilled/semiskilled tasks;8157;Bediener von Wäschereimaschinen;Laundry machine operators;0;4;
54101;Berufe in der Reinigung (ohne Spezialisierung) - Helfer-/Anlerntätigkeiten;Occupations in cleaning services (without specialisation)-unskilled/semiskilled tasks;9122;Fahrzeugreiniger;Vehicle cleaners;0;3;
54101;Berufe in der Reinigung (ohne Spezialisierung) - Helfer-/Anlerntätigkeiten;Occupations in cleaning services (without specialisation)-unskilled/semiskilled tasks;9112;Reinigungspersonal und Hilfskräfte in Büros, Hotels und anderen Einrichtungen;Cleaners and helpers in offices, hotels and other establishments;0;1;
54101;Berufe in der Reinigung (ohne Spezialisierung) - Helfer-/Anlerntätigkeiten;Occupations in cleaning services (without specialisation)-unskilled/semiskilled tasks;9111;Reinigungspersonal und Hilfskräfte in Privathaushalten;Domestic cleaners and helpers;0;2;
54112;Berufe in der Gebäudereinigung - fachlich ausgerichtete Tätigkeiten;Occupations in building cleaning services-skilled tasks;7133;Fassadenreiniger und Schornsteinfeger/Rauchfangkehrer;Building structure cleaners;0;1;
54112;Berufe in der Gebäudereinigung - fachlich ausgerichtete Tätigkeiten;Occupations in building cleaning services-skilled tasks;9112;Reinigungspersonal und Hilfskräfte in Büros, Hotels und anderen Einrichtungen;Cleaners and helpers in offices, hotels and other establishments;0;2;
54113;Berufe in der Gebäudereinigung - komplexe Spezialistentätigkeiten;Occupations in building cleaning services-complex tasks;3119;Material- und ingenieurtechnische Fachkräfte, anderweitig nicht genannt;Physical and engineering science technicians not elsewhere classified;1;1;
54122;Berufe in der Glas- und Fensterreinigung - fachlich ausgerichtete Tätigkeiten;Occupations in glass and window cleaning services-skilled tasks;9123;Fensterputzer;Window cleaners;1;1;
54132;Berufe in der Textilreinigung - fachlich ausgerichtete Tätigkeiten;Occupations in textile cleaning services-skilled tasks;8157;Bediener von Wäschereimaschinen;Laundry machine operators;1;1;
54142;Berufe in der Maschinen- und Anlagenreinigung - fachlich ausgerichtete Tätigkeiten;Occupations in machine and equipment cleaning services-skilled tasks;9129;Sonstiges Reinigungspersonal;Other cleaning workers;1;1;
54152;Berufe in der Fahrzeugreinigung - fachlich ausgerichtete Tätigkeiten;Occupations in vehicle cleaning services-skilled tasks;9122;Fahrzeugreiniger;Vehicle cleaners;0;1;
54152;Berufe in der Fahrzeugreinigung - fachlich ausgerichtete Tätigkeiten;Occupations in vehicle cleaning services-skilled tasks;9112;Reinigungspersonal und Hilfskräfte in Büros, Hotels und anderen Einrichtungen;Cleaners and helpers in offices, hotels and other establishments;0;2;
54182;Berufe in der Reinigung (sonstige spezifische Tätigkeitsangabe) - fachlich ausgerichtete Tätigkeiten;Occupations in cleaning services (with specialisation, not elsewhere classified)-skilled tasks;9129;Sonstiges Reinigungspersonal;Other cleaning workers;1;1;
54193;Aufsichtskräfte - Reinigung;Supervisors in cleaning services;3119;Material- und ingenieurtechnische Fachkräfte, anderweitig nicht genannt;Physical and engineering science technicians not elsewhere classified;1;1;
61112;Berufe im Einkauf - fachlich ausgerichtete Tätigkeiten;Occupations in purchasing-skilled tasks;4322;Bürokräfte in der Material- und Fertigungsplanung und verwandte Berufe;Production clerks;1;1;
61113;Berufe im Einkauf - komplexe Spezialistentätigkeiten;Occupations in purchasing-complex tasks;3323;Einkäufer;Buyers;1;1;
61122;Berufe im Vertrieb (außer Informations- und Kommunikationstechnologien) - fachlich ausgerichtete Tätigkeiten;Occupations in sales (except information and communication technologies)-skilled tasks;4311;Bürokräfte im Rechnungswesen und in der Buchhaltung;Accounting and bookkeeping clerks;1;1;
61123;Berufe im Vertrieb (außer Informations- und Kommunikationstechnologien) - komplexe Spezialistentätigkeiten;Occupations in sales (except information and communication technologies)-complex tasks;3322;Vertriebsagenten;Commercial sales representatives;1;1;
61124;Berufe im Vertrieb (außer Informations- und Kommunikationstechnologien) - hoch komplexe Tätigkeiten;Occupations in sales (except information and communication technologies)-highly complex tasks;2433;Akademische und vergleichbare Fachkräfte im Bereich Vertrieb (Technik und Medizin, ohne Informations- und Kommunikationstechnologie);Technical and medical sales professionals (excluding ICT);1;1;
61132;Handelsmakler/innen und Auktionatoren/Auktionatorinnen - fachlich ausgerichtete Tätigkeiten;Trade brokers and auctioneers-skilled tasks;3339;Fachkräfte für unternehmensbezogene Dienstleistungen, anderweitig nicht genannt;Business services agents not elsewhere classified;1;1;
61133;Handelsmakler/innen und Auktionatoren/Auktionatorinnen - komplexe Spezialistentätigkeiten;Trade brokers and auctioneers-complex tasks;3324;Handelsmakler;Trade brokers;1;1;
61142;Kaufleute im Automatenservice - fachlich ausgerichtete Tätigkeiten;Occupations in placing and servicing vending machines-skilled tasks;7421;Elektroniker und Elektronik-Servicetechniker;Electronics mechanics and servicers;1;1;
61152;Berufe im Geld- und Pfandverleih - fachlich ausgerichtete Tätigkeiten;Money lenders and pawn brokers-skilled tasks;4213;Pfandleiher und Geldverleiher;Pawnbrokers and money-lenders;1;1;
61162;Berufe im Verleih (außer Geld- und Pfandverleih) - fachlich ausgerichtete Tätigkeiten;Occupations in rental services (except money lending and pawn broking)-skilled tasks;5249;Verkaufskräfte, anderweitig nicht genannt;Sales workers not elsewhere classified;1;1;
61194;Führungskräfte - Einkauf und Vertrieb;Managers in purchasing and sales;1324;Führungskräfte in der Beschaffung, Logistik und in verwandten Bereichen;Supply, distribution and related managers;0;2;
61194;Führungskräfte - Einkauf und Vertrieb;Managers in purchasing and sales;1221;Führungskräfte in Vertrieb und Marketing;Sales and marketing managers;0;1;
61203;Kaufleute im Handel (ohne Spezialisierung) - komplexe Spezialistentätigkeiten;Management assistants in trade (without specialisation)-complex tasks;3323;Einkäufer;Buyers;0;2;
61203;Kaufleute im Handel (ohne Spezialisierung) - komplexe Spezialistentätigkeiten;Management assistants in trade (without specialisation)-complex tasks;3322;Vertriebsagenten;Commercial sales representatives;0;1;
61204;Kaufleute im Handel (ohne Spezialisierung) - hoch komplexe Tätigkeiten;Management assistants in trade (without specialisation)-highly complex tasks;2433;Akademische und vergleichbare Fachkräfte im Bereich Vertrieb (Technik und Medizin, ohne Informations- und Kommunikationstechnologie);Technical and medical sales professionals (excluding ICT);1;1;
61212;Kaufleute im Groß- und Außenhandel - fachlich ausgerichtete Tätigkeiten;Management assistants in wholesale and foreign trade-skilled tasks;5223;Verkäufer und Verkaufshilfskräfte in Handelsgeschäften;Shop sales assistants;1;1;
61213;Kaufleute im Groß- und Außenhandel - komplexe Spezialistentätigkeiten;Management assistants in wholesale and foreign trade-complex tasks;3323;Einkäufer;Buyers;0;2;
61213;Kaufleute im Groß- und Außenhandel - komplexe Spezialistentätigkeiten;Management assistants in wholesale and foreign trade-complex tasks;3322;Vertriebsagenten;Commercial sales representatives;0;1;
61214;Kaufleute im Groß- und Außenhandel - hoch komplexe Tätigkeiten;Management assistants in wholesale and foreign trade-highly complex tasks;2433;Akademische und vergleichbare Fachkräfte im Bereich Vertrieb (Technik und Medizin, ohne Informations- und Kommunikationstechnologie);Technical and medical sales professionals (excluding ICT);1;1;
61282;Kaufleute im Handel (sonstige spezifische Tätigkeitsangabe) - fachlich ausgerichtete Tätigkeiten;Management assistants in trade (with specialisation, not elsewhere classified)-skilled tasks;5223;Verkäufer und Verkaufshilfskräfte in Handelsgeschäften;Shop sales assistants;1;1;
61283;Kaufleute im Handel (sonstige spezifische Tätigkeitsangabe) - komplexe Spezialistentätigkeiten;Management assistants in trade (with specialisation, not elsewhere classified)-complex tasks;3323;Einkäufer;Buyers;0;2;
61283;Kaufleute im Handel (sonstige spezifische Tätigkeitsangabe) - komplexe Spezialistentätigkeiten;Management assistants in trade (with specialisation, not elsewhere classified)-complex tasks;3322;Vertriebsagenten;Commercial sales representatives;0;1;
61284;Kaufleute im Handel (sonstige spezifische Tätigkeitsangabe) - hoch komplexe Tätigkeiten;Management assistants in trade (with specialisation, not elsewhere classified)-highly complex tasks;2433;Akademische und vergleichbare Fachkräfte im Bereich Vertrieb (Technik und Medizin, ohne Informations- und Kommunikationstechnologie);Technical and medical sales professionals (excluding ICT);1;1;
61294;Führungskräfte - Handel;Managers in trade;1420;Führungskräfte in Groß- und Einzelhandel;Retail and wholesale trade managers;1;1;
61312;Berufe in der Immobilienvermarktung und -verwaltung - fachlich ausgerichtete Tätigkeiten;Occupations in real estate marketing and administration-skilled tasks;3334;Immobilienmakler und -verwalter;Real estate agents and property managers;1;1;
61313;Berufe in der Immobilienvermarktung und -verwaltung - komplexe Spezialistentätigkeiten;Occupations in real estate marketing and administration-complex tasks;3334;Immobilienmakler und -verwalter;Real estate agents and property managers;0;1;
61313;Berufe in der Immobilienvermarktung und -verwaltung - komplexe Spezialistentätigkeiten;Occupations in real estate marketing and administration-complex tasks;3315;Schätzer und Schadensgutachter;Valuers and loss assessors;0;2;
61314;Berufe in der Immobilienvermarktung und -verwaltung - hoch komplexe Tätigkeiten;Occupations in real estate marketing and administration-highly complex tasks;2433;Akademische und vergleichbare Fachkräfte im Bereich Vertrieb (Technik und Medizin, ohne Informations- und Kommunikationstechnologie);Technical and medical sales professionals (excluding ICT);1;1;
61323;Berufe im Facility-Management - komplexe Spezialistentätigkeiten;Occupations in facility management-complex tasks;3334;Immobilienmakler und -verwalter;Real estate agents and property managers;1;1;
61394;Führungskräfte - Immobilienwirtschaft und Facility-Management;Managers in real estate and facility management;1219;Führungskräfte in der betrieblichen Verwaltung und in unternehmensbezogenen Dienstleistungen, anderweitig nicht genannt;Business services and administration managers not elsewhere classified;1;1;
62101;Berufe im Verkauf (ohne Produktspezialisierung) - Helfer-/Anlerntätigkeiten;Sales occupations in retail trade (without product specialisation)-unskilled/semiskilled tasks;9334;Regalbetreuer und -auffüller;Shelf fillers;1;1;
62102;Berufe im Verkauf (ohne Produktspezialisierung) - fachlich ausgerichtete Tätigkeiten;Sales occupations in retail trade (without product specialisation)-skilled tasks;5223;Verkäufer und Verkaufshilfskräfte in Handelsgeschäften;Shop sales assistants;1;1;
62103;Berufe im Verkauf (ohne Produktspezialisierung) - komplexe Spezialistentätigkeiten;Sales occupations in retail trade (without product specialisation)-complex tasks;5222;Verkaufsaufsichtskräfte in Handelsgeschäften;Shop supervisors;1;1;
62112;Kassierer/innen und Kartenverkäufer/innen - fachlich ausgerichtete Tätigkeiten;Cashiers and ticket agents-skilled tasks;5230;Kassierer und Kartenverkäufer;Cashiers and ticket clerks;1;1;
62122;Verkaufsstand- und Marktverkäufer/innen - fachlich ausgerichtete Tätigkeiten;Stall and market sellers-skilled tasks;5211;Verkaufsstand- und Marktverkäufer;Stall and market salespersons;1;1;
62182;Berufe im Verkauf (ohne Produktspezialisierung) (sonstige spezifische Tätigkeitsangabe) - fachlich ausgerichtete Tätigkeiten;"Sales occupations in retail trade (without product specialisation; with specialisation, not elsewhere classified)-skilled tasks";5243;Haustürverkäufer;Door to door salespersons;0;3;
62182;Berufe im Verkauf (ohne Produktspezialisierung) (sonstige spezifische Tätigkeitsangabe) - fachlich ausgerichtete Tätigkeiten;"Sales occupations in retail trade (without product specialisation; with specialisation, not elsewhere classified)-skilled tasks";5242;Produktvorführer;Sales demonstrators;0;2;
62182;Berufe im Verkauf (ohne Produktspezialisierung) (sonstige spezifische Tätigkeitsangabe) - fachlich ausgerichtete Tätigkeiten;"Sales occupations in retail trade (without product specialisation; with specialisation, not elsewhere classified)-skilled tasks";5223;Verkäufer und Verkaufshilfskräfte in Handelsgeschäften;Shop sales assistants;0;1;
62183;Berufe im Verkauf (ohne Produktspezialisierung) (sonstige spezifische Tätigkeitsangabe) - komplexe Spezialistentätigkeiten;"Sales occupations in retail trade (without product specialisation; with specialisation, not elsewhere classified)-complex tasks";3322;Vertriebsagenten;Commercial sales representatives;1;1;
62193;Aufsichtskräfte - Verkauf;Supervisors in retail trade;5222;Verkaufsaufsichtskräfte in Handelsgeschäften;Shop supervisors;1;1;
62194;Führungskräfte - Verkauf;Managers in retail trade;1420;Führungskräfte in Groß- und Einzelhandel;Retail and wholesale trade managers;0;2;
62194;Führungskräfte - Verkauf;Managers in retail trade;5221;Leiter eines Einzelhandelsgeschäftes;Shopkeepers;0;1;
62212;Berufe im Verkauf von Bekleidung, Sportartikeln, Lederwaren und Schuhen - fachlich ausgerichtete Tätigkeiten;Sales occupations (retail trade) selling clothing, sporting goods, leather goods and shoes-skilled tasks;5223;Verkäufer und Verkaufshilfskräfte in Handelsgeschäften;Shop sales assistants;1;1;
62222;Berufe im Verkauf von Schmuck und Uhren - fachlich ausgerichtete Tätigkeiten;Sales occupations (retail trade) selling jewellery and watches-skilled tasks;5223;Verkäufer und Verkaufshilfskräfte in Handelsgeschäften;Shop sales assistants;1;1;
62232;Berufe im Verkauf von Bürobedarf, Geschenk- und Spielwaren - fachlich ausgerichtete Tätigkeiten;Sales occupations (retail trade) selling office supplies, gifts and toys-skilled tasks;5223;Verkäufer und Verkaufshilfskräfte in Handelsgeschäften;Shop sales assistants;1;1;
62242;Berufe im Verkauf von Elektro-, Elektronik- und Haushaltswaren - fachlich ausgerichtete Tätigkeiten;Sales occupations (retail trade) selling electrical and electronic goods, and household supplies-skilled tasks;5223;Verkäufer und Verkaufshilfskräfte in Handelsgeschäften;Shop sales assistants;1;1;
62252;Berufe im Verkauf von Möbeln und Einrichtungsgegenständen - fachlich ausgerichtete Tätigkeiten;Sales occupations (retail trade) selling furniture and furnishings-skilled tasks;5223;Verkäufer und Verkaufshilfskräfte in Handelsgeschäften;Shop sales assistants;1;1;
62262;Berufe im Verkauf von Garten-, Heimwerker-, Haustier- und Zoobedarf - fachlich ausgerichtete Tätigkeiten;Sales occupations (retail trade) in gardening stores, home improvement stores, pet shops and zoo supplies stores-skilled tasks;5223;Verkäufer und Verkaufshilfskräfte in Handelsgeschäften;Shop sales assistants;1;1;
62272;Berufe im Verkauf von Kraftfahrzeugen, Zweirädern und Zubehör - fachlich ausgerichtete Tätigkeiten;Sales occupations (retail trade) selling motor vehicles, bicycles, motorbikes, and related supplies-skilled tasks;5223;Verkäufer und Verkaufshilfskräfte in Handelsgeschäften;Shop sales assistants;1;1;
62282;Berufe im Verkauf (sonstige spezifische Tätigkeitsangabe) - fachlich ausgerichtete Tätigkeiten;Sales occupations in retail trade (with specialisation, not elsewhere classified)-skilled tasks;5221;Leiter eines Einzelhandelsgeschäftes;Shopkeepers;0;3;
62282;Berufe im Verkauf (sonstige spezifische Tätigkeitsangabe) - fachlich ausgerichtete Tätigkeiten;Sales occupations in retail trade (with specialisation, not elsewhere classified)-skilled tasks;5245;Tankwarte;Service station attendants;0;1;
62282;Berufe im Verkauf (sonstige spezifische Tätigkeitsangabe) - fachlich ausgerichtete Tätigkeiten;Sales occupations in retail trade (with specialisation, not elsewhere classified)-skilled tasks;5223;Verkäufer und Verkaufshilfskräfte in Handelsgeschäften;Shop sales assistants;0;2;
62301;Berufe im Verkauf von Lebensmitteln (ohne Spezialisierung) - Helfer-/Anlerntätigkeiten;Sales occupations (retail) selling foodstuffs (without specialisation)-unskilled/semiskilled tasks;5246;Imbissverkäufer;Food service counter attendants;0;1;
62301;Berufe im Verkauf von Lebensmitteln (ohne Spezialisierung) - Helfer-/Anlerntätigkeiten;Sales occupations (retail) selling foodstuffs (without specialisation)-unskilled/semiskilled tasks;5212;Straßenverkäufer von Lebensmitteln;Street food salespersons;0;2;
62302;Berufe im Verkauf von Lebensmitteln (ohne Spezialisierung) - fachlich ausgerichtete Tätigkeiten;Sales occupations (retail) selling foodstuffs (without specialisation)-skilled tasks;5223;Verkäufer und Verkaufshilfskräfte in Handelsgeschäften;Shop sales assistants;1;1;
62312;Berufe im Verkauf von Back- und Konditoreiwaren - fachlich ausgerichtete Tätigkeiten;Sales occupations (retail) selling baked goods, pastries and confectionaries-skilled tasks;5223;Verkäufer und Verkaufshilfskräfte in Handelsgeschäften;Shop sales assistants;1;1;
62322;Berufe im Verkauf von Fleischwaren - fachlich ausgerichtete Tätigkeiten;Sales occupations (retail) selling meat products-skilled tasks;5223;Verkäufer und Verkaufshilfskräfte in Handelsgeschäften;Shop sales assistants;1;1;
62382;Berufe im Verkauf von Lebensmitteln (sonstige spezifische Tätigkeitsangabe) - fachlich ausgerichtete Tätigkeiten;Sales occupations (retail) selling foodstuffs (with specialisation, not elsewhere classified)-skilled tasks;5223;Verkäufer und Verkaufshilfskräfte in Handelsgeschäften;Shop sales assistants;1;1;
62412;Berufe im Verkauf von drogerie- und apothekenüblichen Waren - fachlich ausgerichtete Tätigkeiten;Sales occupations (retail) selling drugstore products and pharmaceuticals-skilled tasks;5223;Verkäufer und Verkaufshilfskräfte in Handelsgeschäften;Shop sales assistants;1;1;
62422;Berufe im Verkauf von Sanitäts- und Medizinbedarf - fachlich ausgerichtete Tätigkeiten;Sales occupations (retail) selling medical supplies and healthcare goods-skilled tasks;5223;Verkäufer und Verkaufshilfskräfte in Handelsgeschäften;Shop sales assistants;1;1;
62512;Berufe im Buchhandel - fachlich ausgerichtete Tätigkeiten;Sales occupations (retail) selling books-skilled tasks;5223;Verkäufer und Verkaufshilfskräfte in Handelsgeschäften;Shop sales assistants;1;1;
62513;Berufe im Buchhandel - komplexe Spezialistentätigkeiten;Sales occupations (retail) selling books-complex tasks;3322;Vertriebsagenten;Commercial sales representatives;1;1;
62514;Berufe im Buchhandel - hoch komplexe Tätigkeiten;Sales occupations (retail) selling books-highly complex tasks;2431;Akademische und vergleichbare Fachkräfte in Werbung und Marketing;Advertising and marketing professionals;1;1;
62522;Berufe im Kunst- und Antiquitätenhandel - fachlich ausgerichtete Tätigkeiten;Sales occupations (retail) selling art and antiques-skilled tasks;5223;Verkäufer und Verkaufshilfskräfte in Handelsgeschäften;Shop sales assistants;1;1;
62532;Berufe im Musikfachhandel - fachlich ausgerichtete Tätigkeiten;Sales occupations (retail) selling musical instruments, recordings or sheet music-skilled tasks;5223;Verkäufer und Verkaufshilfskräfte in Handelsgeschäften;Shop sales assistants;1;1;
63112;Tourismuskaufleute - fachlich ausgerichtete Tätigkeiten;Management assistants in tourism-skilled tasks;4221;Reiseverkehrsfachkräfte;Travel consultants and clerks;1;1;
63113;Tourismuskaufleute - komplexe Spezialistentätigkeiten;Management assistants in tourism-complex tasks;4221;Reiseverkehrsfachkräfte;Travel consultants and clerks;1;1;
63114;Tourismuskaufleute - hoch komplexe Tätigkeiten;Management assistants in tourism-highly complex tasks;2431;Akademische und vergleichbare Fachkräfte in Werbung und Marketing;Advertising and marketing professionals;1;1;
63122;Sport- und Fitnesskaufleute, Sportmanager/innen - fachlich ausgerichtete Tätigkeiten;Management assistants in the sports and fitness industry, sports administrators-skilled tasks;3332;Konferenz- und Veranstaltungsplaner;Conference and event planners;0;3;
63122;Sport- und Fitnesskaufleute, Sportmanager/innen - fachlich ausgerichtete Tätigkeiten;Management assistants in the sports and fitness industry, sports administrators-skilled tasks;3422;Sportlehrer, Sporttrainer und Sportfunktionäre;Sports coaches, instructors and officials;0;2;
63122;Sport- und Fitnesskaufleute, Sportmanager/innen - fachlich ausgerichtete Tätigkeiten;Management assistants in the sports and fitness industry, sports administrators-skilled tasks;3423;Trainer und Betreuer im Bereich Fitness und Erholung;Fitness and recreation instructors and program leaders;0;1;
63123;Sport- und Fitnesskaufleute, Sportmanager/innen - komplexe Spezialistentätigkeiten;Management assistants in the sports and fitness industry, sports administrators-complex tasks;3332;Konferenz- und Veranstaltungsplaner;Conference and event planners;0;2;
63123;Sport- und Fitnesskaufleute, Sportmanager/innen - komplexe Spezialistentätigkeiten;Management assistants in the sports and fitness industry, sports administrators-complex tasks;3343;Sekretariatsfachkräfte in Verwaltung und Geschäftsleitung;Administrative and executive secretaries;0;1;
63123;Sport- und Fitnesskaufleute, Sportmanager/innen - komplexe Spezialistentätigkeiten;Management assistants in the sports and fitness industry, sports administrators-complex tasks;3423;Trainer und Betreuer im Bereich Fitness und Erholung;Fitness and recreation instructors and program leaders;0;3;
63124;Sport- und Fitnesskaufleute, Sportmanager/innen - hoch komplexe Tätigkeiten;Management assistants in the sports and fitness industry, sports administrators-highly complex tasks;1431;Führungskräfte in der Erbringung von Dienstleistungen im Bereich Sport, Erholung und Kultur;Sports, recreation and cultural centre managers;1;1;
63132;Animateure/Animateurinnen und Gästebetreuer/innen - fachlich ausgerichtete Tätigkeiten;Animators and guest attendants-skilled tasks;3423;Trainer und Betreuer im Bereich Fitness und Erholung;Fitness and recreation instructors and program leaders;1;1;
63142;Reiseleiter/innen und Fremdenführer/innen - fachlich ausgerichtete Tätigkeiten;Tourist guides and tour guides-skilled tasks;5113;Reiseleiter/Fremdenführer;Travel guides;1;1;
63143;Reiseleiter/innen und Fremdenführer/innen - komplexe Spezialistentätigkeiten;Tourist guides and tour guides-complex tasks;5113;Reiseleiter/Fremdenführer;Travel guides;1;1;
63194;Führungskräfte - Tourismus und Sport;Managers in tourism and the sports (and fitness) industry;1431;Führungskräfte in der Erbringung von Dienstleistungen im Bereich Sport, Erholung und Kultur;Sports, recreation and cultural centre managers;0;1;
63194;Führungskräfte - Tourismus und Sport;Managers in tourism and the sports (and fitness) industry;1439;Führungskräfte in der Erbringung von Dienstleistungen, anderweitig nicht genannt;Services managers not elsewhere classified;0;2;
63212;Hotelkaufleute - fachlich ausgerichtete Tätigkeiten;Management assistants in hotels-skilled tasks;3343;Sekretariatsfachkräfte in Verwaltung und Geschäftsleitung;Administrative and executive secretaries;1;1;
63213;Hotelkaufleute - komplexe Spezialistentätigkeiten;Management assistants in hotels-complex tasks;3343;Sekretariatsfachkräfte in Verwaltung und Geschäftsleitung;Administrative and executive secretaries;1;1;
63221;Berufe im Hotelservice - Helfer-/Anlerntätigkeiten;Occupations in hotel service-unskilled/semiskilled tasks;9621;Boten, Paketauslieferer und Gepäckträger;Messengers, package deliverers and luggage porters;0;2;
63221;Berufe im Hotelservice - Helfer-/Anlerntätigkeiten;Occupations in hotel service-unskilled/semiskilled tasks;9112;Reinigungspersonal und Hilfskräfte in Büros, Hotels und anderen Einrichtungen;Cleaners and helpers in offices, hotels and other establishments;0;1;
63222;Berufe im Hotelservice - fachlich ausgerichtete Tätigkeiten;Occupations in hotel service-skilled tasks;4224;Hotelrezeptionisten;Hotel receptionists;1;1;
63293;Aufsichtskräfte - Hotellerie;Supervisors in hotels;5152;Hauswirtschafter in Privathaushalten;Domestic housekeepers;0;3;
63293;Aufsichtskräfte - Hotellerie;Supervisors in hotels;5151;Reinigungs- und Hauswirtschaftsleiter in Büros, Hotels und anderen Einrichtungen;Cleaning and housekeeping supervisors in offices, hotels and other establishments;0;1;
63293;Aufsichtskräfte - Hotellerie;Supervisors in hotels;3341;Sekretariatsleiter;Office supervisors;0;2;
63294;Führungskräfte - Hotellerie;Managers in hotels;1411;Führungskräfte in Hotels;Hotel managers;1;1;
63301;Berufe im Gastronomieservice (ohne Spezialisierung) - Helfer-/Anlerntätigkeiten;Gastronomy occupations (without specialisation)-unskilled/semiskilled tasks;9412;Küchenhilfen;Kitchen helpers;0;1;
63301;Berufe im Gastronomieservice (ohne Spezialisierung) - Helfer-/Anlerntätigkeiten;Gastronomy occupations (without specialisation)-unskilled/semiskilled tasks;9411;Zubereiter von Fast Food und anderen Imbissen;Fast food preparers;0;2;
63302;Berufe im Gastronomieservice (ohne Spezialisierung) - fachlich ausgerichtete Tätigkeiten;Gastronomy occupations (without specialisation)-skilled tasks;5131;Kellner;Waiters;1;1;
63303;Berufe im Gastronomieservice (ohne Spezialisierung) - komplexe Spezialistentätigkeiten;Gastronomy occupations (without specialisation)-complex tasks;5131;Kellner;Waiters;1;1;
63312;Berufe in der Systemgastronomie - fachlich ausgerichtete Tätigkeiten;Occupations in system catering-skilled tasks;5246;Imbissverkäufer;Food service counter attendants;1;1;
63313;Berufe in der Systemgastronomie - komplexe Spezialistentätigkeiten;Occupations in system catering-complex tasks;1412;Führungskräfte in Restaurants;Restaurant managers;1;1;
63322;Barkeeper/innen - fachlich ausgerichtete Tätigkeiten;Barkeepers-skilled tasks;5132;Barkeeper;Bartenders;1;1;
63382;Berufe in der Gastronomie (sonstige spezifische Tätigkeitsangabe) - fachlich ausgerichtete Tätigkeiten;Gastronomy occupations (with specialisation, not elsewhere classified)-skilled tasks;5131;Kellner;Waiters;1;1;
63383;Berufe in der Gastronomie (sonstige spezifische Tätigkeitsangabe) - komplexe Spezialistentätigkeiten;Gastronomy occupations (with specialisation, not elsewhere classified)-complex tasks;5131;Kellner;Waiters;1;1;
63393;Aufsichtskräfte - Gastronomie und Systemgastronomie;Supervisors in gastronomy and system catering;5151;Reinigungs- und Hauswirtschaftsleiter in Büros, Hotels und anderen Einrichtungen;Cleaning and housekeeping supervisors in offices, hotels and other establishments;1;1;
63394;Führungskräfte - Gastronomie und Systemgastronomie;Managers in gastronomy and system catering;1412;Führungskräfte in Restaurants;Restaurant managers;1;1;
63401;Berufe im Veranstaltungsservice und -management - Helfer-/Anlerntätigkeiten;Occupations in event organisation and management-unskilled/semiskilled tasks;4226;Empfangskräfte (allgemein);Receptionists (general);0;1;
63401;Berufe im Veranstaltungsservice und -management - Helfer-/Anlerntätigkeiten;Occupations in event organisation and management-unskilled/semiskilled tasks;9629;Hilfsarbeitskräfte, anderweitig nicht genannt;Elementary workers not elsewhere classified;0;2;
63402;Berufe im Veranstaltungsservice und -management - fachlich ausgerichtete Tätigkeiten;Occupations in event organisation and management-skilled tasks;3332;Konferenz- und Veranstaltungsplaner;Conference and event planners;1;1;
63403;Berufe im Veranstaltungsservice und -management - komplexe Spezialistentätigkeiten;Occupations in event organisation and management-complex tasks;3332;Konferenz- und Veranstaltungsplaner;Conference and event planners;1;1;
63404;Berufe im Veranstaltungsservice und -management - hoch komplexe Tätigkeiten;Occupations in event organisation and management-highly complex tasks;2654;Regisseure und Produzenten im Film- und Bühnenbereich sowie in verwandten Bereichen;Film, stage and related directors and producers;1;1;
71104;Geschäftsführer/innen und Vorstände - hoch komplexe Tätigkeiten;Managing directors and executive board members-highly complex tasks;1120;Geschäftsführer und Vorstände;Managing directors and chief executives;1;1;
71214;Angehörige gesetzgebender Körperschaften - hoch komplexe Tätigkeiten;Legislators-highly complex tasks;1111;Angehörige gesetzgebender Körperschaften;Legislators;1;1;
71224;Leitende Bedienstete von Interessenorganisationen - hoch komplexe Tätigkeiten;Senior officials of special interest organisations-highly complex tasks;1114;Leitende Bedienstete von Interessenorganisationen;Senior officials of special-interest organizations;1;1;
71234;Betriebsinterne Wahlämter - hoch komplexe Tätigkeiten;Elected employee representatives in firms-highly complex tasks;1212;Führungskräfte im Personalwesen;Human resource managers;1;1;
71302;Berufe in der kaufmännischen und technischen Betriebswirtschaft (ohne Spezialisierung) - fachlich ausgerichtete Tätigkeiten;Occupations in business administration and technical business management (without specialisation)-skilled tasks;4110;Allgemeine Bürokräfte;General office clerks;0;2;
71302;Berufe in der kaufmännischen und technischen Betriebswirtschaft (ohne Spezialisierung) - fachlich ausgerichtete Tätigkeiten;Occupations in business administration and technical business management (without specialisation)-skilled tasks;4322;Bürokräfte in der Material- und Fertigungsplanung und verwandte Berufe;Production clerks;0;1;
71303;Berufe in der kaufmännischen und technischen Betriebswirtschaft (ohne Spezialisierung) - komplexe Spezialistentätigkeiten;Occupations in business administration and technical business management (without specialisation)-complex tasks;4322;Bürokräfte in der Material- und Fertigungsplanung und verwandte Berufe;Production clerks;0;2;
71303;Berufe in der kaufmännischen und technischen Betriebswirtschaft (ohne Spezialisierung) - komplexe Spezialistentätigkeiten;Occupations in business administration and technical business management (without specialisation)-complex tasks;3343;Sekretariatsfachkräfte in Verwaltung und Geschäftsleitung;Administrative and executive secretaries;0;1;
71304;Berufe in der kaufmännischen und technischen Betriebswirtschaft (ohne Spezialisierung) - hoch komplexe Tätigkeiten;Occupations in business administration and technical business management (without specialisation)-highly complex tasks;2421;Akademische und vergleichbare Fachkräfte im Bereich Management- und Organisationsanalyse;Management and organization analysts;1;1;
71314;Berufe in der Unternehmensorganisation und -planung - hoch komplexe Tätigkeiten;Occupations in business organisation and planning-highly complex tasks;2421;Akademische und vergleichbare Fachkräfte im Bereich Management- und Organisationsanalyse;Management and organization analysts;1;1;
71324;Berufe in der Unternehmensberatung - hoch komplexe Tätigkeiten;Occupations in business consulting-highly complex tasks;2421;Akademische und vergleichbare Fachkräfte im Bereich Management- und Organisationsanalyse;Management and organization analysts;1;1;
71333;Berufe in der Wirtschaftsförderung - komplexe Spezialistentätigkeiten;Occupations in business development-highly complex tasks;2422;Akademische und vergleichbare Fachkräfte in der strategischen Planung in Politik und Wirtschaft;Policy administration professionals;1;1;
71382;Berufe in der Unternehmensorganisation und -strategie (sonstige spezifische Tätigkeitsangabe) - fachlich ausgerichtete Tätigkeiten;Occupations in business organisation and strategy (with specialisation, not elsewhere classified)-skilled tasks;4322;Bürokräfte in der Material- und Fertigungsplanung und verwandte Berufe;Production clerks;1;1;
71383;Berufe in der Unternehmensorganisation und -strategie (sonstige spezifische Tätigkeitsangabe) - komplexe Spezialistentätigkeiten;Occupations in business organisation and strategy (with specialisation, not elsewhere classified)-complex tasks;4322;Bürokräfte in der Material- und Fertigungsplanung und verwandte Berufe;Production clerks;0;2;
71383;Berufe in der Unternehmensorganisation und -strategie (sonstige spezifische Tätigkeitsangabe) - komplexe Spezialistentätigkeiten;Occupations in business organisation and strategy (with specialisation, not elsewhere classified)-complex tasks;3343;Sekretariatsfachkräfte in Verwaltung und Geschäftsleitung;Administrative and executive secretaries;0;1;
71384;Berufe in der Unternehmensorganisation und -strategie (sonstige spezifische Tätigkeitsangabe) - hoch komplexe Tätigkeiten;Occupations in business organisation and strategy (with specialisation, not elsewhere classified)-highly complex tasks;2421;Akademische und vergleichbare Fachkräfte im Bereich Management- und Organisationsanalyse;Management and organization analysts;1;1;
71393;Aufsichtskräfte - Unternehmensorganisation und -strategie;Supervisors in business organisation and strategy;3341;Sekretariatsleiter;Office supervisors;1;1;
71394;Führungskräfte - Unternehmensorganisation und -strategie;Managers in business organisation and strategy;1219;Führungskräfte in der betrieblichen Verwaltung und in unternehmensbezogenen Dienstleistungen, anderweitig nicht genannt;Business services and administration managers not elsewhere classified;0;2;
71394;Führungskräfte - Unternehmensorganisation und -strategie;Managers in business organisation and strategy;1213;Führungskräfte in Unternehmenspolitik und -planung;Policy and planning managers;0;1;
71401;Büro- und Sekretariatskräfte (ohne Spezialisierung) - Helfer-/Anlerntätigkeiten;Office clerks and secretaries (without specialisation)-unskilled/semiskilled tasks;4110;Allgemeine Bürokräfte;General office clerks;0;3;
71401;Büro- und Sekretariatskräfte (ohne Spezialisierung) - Helfer-/Anlerntätigkeiten;Office clerks and secretaries (without specialisation)-unskilled/semiskilled tasks;4132;Datenerfasser;Data entry clerks;0;1;
71401;Büro- und Sekretariatskräfte (ohne Spezialisierung) - Helfer-/Anlerntätigkeiten;Office clerks and secretaries (without specialisation)-unskilled/semiskilled tasks;4223;Telefonisten;Telephone switchboard operators;0;2;
71402;Büro- und Sekretariatskräfte (ohne Spezialisierung) - fachlich ausgerichtete Tätigkeiten;Office clerks and secretaries (without specialisation)-skilled tasks;4120;Sekretariatskräfte (allgemein);Secretaries (general);1;1;
71403;Büro- und Sekretariatskräfte (ohne Spezialisierung) - komplexe Spezialistentätigkeiten;Office clerks and secretaries (without specialisation)-complex tasks;3343;Sekretariatsfachkräfte in Verwaltung und Geschäftsleitung;Administrative and executive secretaries;1;1;
71412;Fremdsprachensekretäre/-sekretärinnen und Fremdsprachenkorrespondenten/-korrespondentinnen - fachlich ausgerichtete Tätigkeiten;Foreign language secretaries and foreign language correspondence clerks-skilled tasks;4419;Bürokräfte und verwandte Berufe, anderweitig nicht genannt;Clerical support workers not elsewhere classified;1;1;
71413;Fremdsprachensekretäre/-sekretärinnen und Fremdsprachenkorrespondenten/-korrespondentinnen - komplexe Spezialistentätigkeiten;Foreign language secretaries and foreign language correspondence clerks-complex tasks;4419;Bürokräfte und verwandte Berufe, anderweitig nicht genannt;Clerical support workers not elsewhere classified;1;1;
71423;Dolmetscher/innen und Übersetzer/innen - komplexe Spezialistentätigkeiten;Interpreters and translators-complex tasks;2643;Übersetzer, Dolmetscher und andere Linguisten;Translators, interpreters and other linguists;1;1;
71424;Dolmetscher/innen und Übersetzer/innen - hoch komplexe Tätigkeiten;Interpreters and translators-highly complex tasks;2643;Übersetzer, Dolmetscher und andere Linguisten;Translators, interpreters and other linguists;1;1;
71432;Steno- und Phonotypisten/-typistinnen - fachlich ausgerichtete Tätigkeiten;Shorthand and audio typists-skilled tasks;4131;Schreibkräfte und Bediener von Textverarbeitungsanlagen;Typists and word processing operators;1;1;
71433;Steno- und Phonotypisten/-typistinnen - komplexe Spezialistentätigkeiten;Shorthand and audio typists-complex tasks;2641;Autoren und verwandte schriftstellerische Berufe;Authors and related writers;1;1;
71442;Kodierer/innen, Korrekturleser/innen und verwandte Bürokräfte - fachlich ausgerichtete Tätigkeiten;Coders, proof readers and related clerks-skilled tasks;4413;Kodierer, Korrekturleser und verwandte Bürokräfte;Coding, proof-reading and related clerks;1;1;
71452;Berufe in der Auskunft und Kundeninformation - fachlich ausgerichtete Tätigkeiten;Customer or passenger information office clerks-skilled tasks;4225;Auskunftspersonal;Enquiry clerks;0;1;
71452;Berufe in der Auskunft und Kundeninformation - fachlich ausgerichtete Tätigkeiten;Customer or passenger information office clerks-skilled tasks;4229;Berufe im Bereich Kundeninformation, anderweitig nicht genannt;Client information workers not elsewhere classified;0;2;
71493;Aufsichtskräfte - Büro und Sekretariat;Supervisors of office clerks and secretaries;3341;Sekretariatsleiter;Office supervisors;1;1;
71512;Berufe in der Personalentwicklung und -sachbearbeitung - fachlich ausgerichtete Tätigkeiten;Occupations in human resources development and personnel service-skilled tasks;4416;Bürokräfte im Personalwesen;Personnel clerks;1;1;
71513;Berufe in der Personalentwicklung und -sachbearbeitung - komplexe Spezialistentätigkeiten;Occupations in human resources development and personnel service-complex tasks;4416;Bürokräfte im Personalwesen;Personnel clerks;1;1;
71514;Berufe in der Personalentwicklung und -sachbearbeitung - hoch komplexe Tätigkeiten;Occupations in human resources development and personnel service-highly complex tasks;2424;Fachkräfte in Personalschulung und -entwicklung;Training and staff development professionals;1;1;
71522;Berufe in der Personaldienstleistung - fachlich ausgerichtete Tätigkeiten;Occupations in recruiting and employment services-skilled tasks;3333;Arbeits- und Personalvermittler;Employment agents and contractors;1;1;
71523;Berufe in der Personaldienstleistung - komplexe Spezialistentätigkeiten;Occupations in recruiting and employment services-complex tasks;3333;Arbeits- und Personalvermittler;Employment agents and contractors;1;1;
71524;Berufe in der Personaldienstleistung - hoch komplexe Tätigkeiten;Occupations in recruiting and employment services-highly complex tasks;2423;Berufsberater und -analytiker und akademische und vergleichbare Personalfachleute;Personnel and careers professionals;1;1;
71594;Führungskräfte - Personalwesen und -dienstleistung;Managers in human resources management and personnel services;1212;Führungskräfte im Personalwesen;Human resource managers;1;1;
72112;Bankkaufleute - fachlich ausgerichtete Tätigkeiten;Bankers-skilled tasks;4211;Bank- und andere Schalterbedienstete;Bank tellers and related clerks;1;1;
72113;Bankkaufleute - komplexe Spezialistentätigkeiten;Bankers-complex tasks;3312;Kreditsachbearbeiter;Credit and loans officers;0;1;
72113;Bankkaufleute - komplexe Spezialistentätigkeiten;Bankers-complex tasks;3311;Wertpapierhändler, -makler und Finanzmakler;Securities and finance dealers and brokers;0;2;
72122;Anlageberater/innen und sonstige Finanzdienstleistungsberufe - fachlich ausgerichtete Tätigkeiten;Investment consultants and other occupations in financial services-skilled tasks;4312;Bürokräfte in der Statistik, im Finanz- und Versicherungswesen;Statistical, finance and insurance clerks;0;1;
72122;Anlageberater/innen und sonstige Finanzdienstleistungsberufe - fachlich ausgerichtete Tätigkeiten;Investment consultants and other occupations in financial services-skilled tasks;3311;Wertpapierhändler, -makler und Finanzmakler;Securities and finance dealers and brokers;0;2;
72123;Anlageberater/innen und sonstige Finanzdienstleistungsberufe - komplexe Spezialistentätigkeiten;Investment consultants and other occupations in financial services-complex tasks;3311;Wertpapierhändler, -makler und Finanzmakler;Securities and finance dealers and brokers;1;1;
72124;Anlageberater/innen und sonstige Finanzdienstleistungsberufe - hoch komplexe Tätigkeiten;Investment consultants and other occupations in financial services-highly complex tasks;2412;Finanz- und Anlageberater;Financial and investment advisers;1;1;
72132;Versicherungskaufleute - fachlich ausgerichtete Tätigkeiten;Insurance salespersons-skilled tasks;4312;Bürokräfte in der Statistik, im Finanz- und Versicherungswesen;Statistical, finance and insurance clerks;0;1;
72132;Versicherungskaufleute - fachlich ausgerichtete Tätigkeiten;Insurance salespersons-skilled tasks;3321;Versicherungsvertreter;Insurance representatives;0;2;
72133;Versicherungskaufleute - komplexe Spezialistentätigkeiten;Insurance salespersons-complex tasks;3321;Versicherungsvertreter;Insurance representatives;1;1;
72134;Versicherungskaufleute - hoch komplexe Tätigkeiten;Insurance salespersons-highly complex tasks;2412;Finanz- und Anlageberater;Financial and investment advisers;1;1;
72144;Finanzanalysten/-analystinnen - hoch komplexe Tätigkeiten;Financial analysts-highly complex tasks;2413;Finanzanalysten;Financial analysts;1;1;
72182;Berufe in Versicherungs- und Finanzdienstleistungen (sonstige spezifische Tätigkeitsangabe) - fachlich ausgerichtete Tätigkeiten;Occupations in insurance and financial services (with specialisation, not elsewhere classified)-skilled tasks;4211;Bank- und andere Schalterbedienstete;Bank tellers and related clerks;1;1;
72183;Berufe in Versicherungs- und Finanzdienstleistungen (sonstige spezifische Tätigkeitsangabe) - komplexe Spezialistentätigkeiten;Occupations in insurance and financial services (with specialisation, not elsewhere classified)-complex tasks;3339;Fachkräfte für unternehmensbezogene Dienstleistungen, anderweitig nicht genannt;Business services agents not elsewhere classified;0;1;
72183;Berufe in Versicherungs- und Finanzdienstleistungen (sonstige spezifische Tätigkeitsangabe) - komplexe Spezialistentätigkeiten;Occupations in insurance and financial services (with specialisation, not elsewhere classified)-complex tasks;3359;Fachkräfte in der öffentlichen Verwaltung, anderweitig nicht genannt;Government regulatory associate professionals not elsewhere classified;0;2;
72184;Berufe in Versicherungs- und Finanzdienstleistungen (sonstige spezifische Tätigkeitsangabe) - hoch komplexe Tätigkeiten;Occupations in insurance and financial services (with specialisation, not elsewhere classified)-complex tasks;2422;Akademische und vergleichbare Fachkräfte in der strategischen Planung in Politik und Wirtschaft;Policy administration professionals;0;1;
72184;Berufe in Versicherungs- und Finanzdienstleistungen (sonstige spezifische Tätigkeitsangabe) - hoch komplexe Tätigkeiten;Occupations in insurance and financial services (with specialisation, not elsewhere classified)-complex tasks;2412;Finanz- und Anlageberater;Financial and investment advisers;0;2;
72194;Führungskräfte - Versicherungs- und Finanzdienstleistungen;Managers in insurance and financial services;1346;Führungskräfte auf Filialebene in der Erbringung von Finanz- und Versicherungsdienstleistungen;Financial and insurance services branch managers;1;1;
72212;Berufe in der Buchhaltung - fachlich ausgerichtete Tätigkeiten;Occupations in accounting-skilled tasks;4311;Bürokräfte im Rechnungswesen und in der Buchhaltung;Accounting and bookkeeping clerks;0;1;
72212;Berufe in der Buchhaltung - fachlich ausgerichtete Tätigkeiten;Occupations in accounting-skilled tasks;4313;Bürokräfte in der Lohnbuchhaltung;Payroll clerks;0;2;
72213;Berufe in der Buchhaltung - komplexe Spezialistentätigkeiten;Occupations in accounting-complex tasks;3313;Nicht akademische Fachkräfte im Rechnungswesen;Accounting associate professionals;1;1;
72214;Berufe in der Buchhaltung - hoch komplexe Tätigkeiten;Occupations in accounting-highly complex tasks;2411;Wirtschaftsprüfer, Steuerberater und verwandte Berufe;Accountants;1;1;
72223;Berufe in Kostenrechnung und Kalkulation - komplexe Spezialistentätigkeiten;Occupations in cost accounting and calculation-complex tasks;3313;Nicht akademische Fachkräfte im Rechnungswesen;Accounting associate professionals;1;1;
72224;Berufe in Kostenrechnung und Kalkulation - hoch komplexe Tätigkeiten;Occupations in cost accounting and calculation-highly complex tasks;2411;Wirtschaftsprüfer, Steuerberater und verwandte Berufe;Accountants;1;1;
72233;Berufe im Controlling - komplexe Spezialistentätigkeiten;Occupations in controlling-complex tasks;3313;Nicht akademische Fachkräfte im Rechnungswesen;Accounting associate professionals;1;1;
72234;Berufe im Controlling - hoch komplexe Tätigkeiten;Occupations in controlling-highly complex tasks;2411;Wirtschaftsprüfer, Steuerberater und verwandte Berufe;Accountants;1;1;
72243;Berufe in Wirtschaftsprüfung - komplexe Spezialistentätigkeiten;Occupations in auditing-complex tasks;2411;Wirtschaftsprüfer, Steuerberater und verwandte Berufe;Accountants;1;1;
72244;Berufe in Wirtschaftsprüfung - hoch komplexe Tätigkeiten;Occupations in auditing-highly complex tasks;2411;Wirtschaftsprüfer, Steuerberater und verwandte Berufe;Accountants;1;1;
72294;Führungskräfte - Rechnungswesen, Controlling und Revision;Managers in accounting, controlling and auditing;1211;Führungskräfte im Bereich Finanzen;Finance managers;1;1;
72302;Berufe in der Steuerberatung - fachlich ausgerichtete Tätigkeiten;Occupations in tax consultancy-skilled tasks;4311;Bürokräfte im Rechnungswesen und in der Buchhaltung;Accounting and bookkeeping clerks;1;1;
72303;Berufe in der Steuerberatung - komplexe Spezialistentätigkeiten;Occupations in tax consultancy-complex tasks;3313;Nicht akademische Fachkräfte im Rechnungswesen;Accounting associate professionals;1;1;
72304;Berufe in der Steuerberatung - hoch komplexe Tätigkeiten;Occupations in tax consultancy-highly complex tasks;2411;Wirtschaftsprüfer, Steuerberater und verwandte Berufe;Accountants;1;1;
73104;Berufe in Rechtsberatung, -sprechung und -ordnung (ohne Spezialisierung) - hoch komplexe Tätigkeiten;Occupations in legal services, jurisdiction, and other officers of the court (without specialisation)-highly complex tasks;2619;Juristen, anderweitig nicht genannt;Legal professionals not elsewhere classified;1;1;
73112;Assistenzkräfte in Rechtsanwaltskanzlei und Notariat - fachlich ausgerichtete Tätigkeiten;Assistants in lawyers’ and notaries’ offices-skilled tasks;3342;Sekretariatsfachkräfte im juristischen Bereich;Legal secretaries;1;1;
73113;Assistenzkräfte in Rechtsanwaltskanzlei und Notariat - komplexe Spezialistentätigkeiten;Assistants in lawyers’ and notaries’ offices-complex tasks;3411;Nicht akademische Fachkräfte für Rechts- und verwandte Angelegenheiten;Legal and related associate professionals;0;2;
73113;Assistenzkräfte in Rechtsanwaltskanzlei und Notariat - komplexe Spezialistentätigkeiten;Assistants in lawyers’ and notaries’ offices-complex tasks;3342;Sekretariatsfachkräfte im juristischen Bereich;Legal secretaries;0;1;
73124;Notare/Notarinnen - hoch komplexe Tätigkeiten;Notaries-highly complex tasks;2619;Juristen, anderweitig nicht genannt;Legal professionals not elsewhere classified;1;1;
73134;Rechtsanwälte/-anwältinnen - hoch komplexe Tätigkeiten;Lawyers-highly complex tasks;2611;Anwälte;Lawyers;1;1;
73144;Staatsanwälte/-anwältinnen - hoch komplexe Tätigkeiten;Prosecutors-highly complex tasks;2611;Anwälte;Lawyers;1;1;
73154;Richter/innen - hoch komplexe Tätigkeiten;Judges-highly complex tasks;2612;Richter;Judges;1;1;
73162;Berufe im Verfassungsschutz - fachlich ausgerichtete Tätigkeiten;Occupations in the national security service-skilled tasks;3355;Polizeikommissare und Kriminalbeamte;Police inspectors and detectives;1;1;
73163;Berufe im Verfassungsschutz - komplexe Spezialistentätigkeiten;Occupations in the national security service-complex tasks;3355;Polizeikommissare und Kriminalbeamte;Police inspectors and detectives;1;1;
73164;Berufe im Verfassungsschutz - hoch komplexe Tätigkeiten;Occupations in the national security service-highly complex tasks;2422;Akademische und vergleichbare Fachkräfte in der strategischen Planung in Politik und Wirtschaft;Policy administration professionals;1;1;
73183;Berufe in Rechtsberatung, -sprechung und -ordnung (sonstige spezifische Tätigkeitsangabe) - komplexe Spezialistentätigkeiten;Occupations in legal services, jurisdiction, and other officers of the court (with specialisation, not elsewhere classified)-complex tasks;3411;Nicht akademische Fachkräfte für Rechts- und verwandte Angelegenheiten;Legal and related associate professionals;1;1;
73184;Berufe in Rechtsberatung, -sprechung und -ordnung (sonstige spezifische Tätigkeitsangabe) - hoch komplexe Tätigkeiten;Occupations in legal services, jurisdiction, and other officers of the court (with specialisation, not elsewhere classified)-highly complex tasks;2619;Juristen, anderweitig nicht genannt;Legal professionals not elsewhere classified;1;1;
73194;Führungskräfte - Rechtsberatung, -sprechung und -ordnung;Managers in legal services, jurisdiction, and of other officers of the court;1349;Führungskräfte in der Erbringung von speziellen Dienstleistungen, anderweitig nicht genannt;Professional services managers not elsewhere classified;1;1;
73201;Berufe in der öffentlichen Verwaltung (ohne Spezialisierung) - Helfer-/Anlerntätigkeiten;Occupations in public administration (without specialisation)-unskilled/semiskilled tasks;9621;Boten, Paketauslieferer und Gepäckträger;Messengers, package deliverers and luggage porters;0;1;
73201;Berufe in der öffentlichen Verwaltung (ohne Spezialisierung) - Helfer-/Anlerntätigkeiten;Occupations in public administration (without specialisation)-unskilled/semiskilled tasks;9629;Hilfsarbeitskräfte, anderweitig nicht genannt;Elementary workers not elsewhere classified;0;2;
73202;Berufe in der öffentlichen Verwaltung (ohne Spezialisierung) - fachlich ausgerichtete Tätigkeiten;Occupations in public administration (without specialisation)-skilled tasks;3354;Fachkräfte bei staatlichen Pass-, Lizenz- und Genehmigungsstellen;Government licensing officials;0;2;
73202;Berufe in der öffentlichen Verwaltung (ohne Spezialisierung) - fachlich ausgerichtete Tätigkeiten;Occupations in public administration (without specialisation)-skilled tasks;3359;Fachkräfte in der öffentlichen Verwaltung, anderweitig nicht genannt;Government regulatory associate professionals not elsewhere classified;0;3;
73202;Berufe in der öffentlichen Verwaltung (ohne Spezialisierung) - fachlich ausgerichtete Tätigkeiten;Occupations in public administration (without specialisation)-skilled tasks;3343;Sekretariatsfachkräfte in Verwaltung und Geschäftsleitung;Administrative and executive secretaries;0;1;
73203;Berufe in der öffentlichen Verwaltung (ohne Spezialisierung) - komplexe Spezialistentätigkeiten;Occupations in public administration (without specialisation)-complex tasks;3354;Fachkräfte bei staatlichen Pass-, Lizenz- und Genehmigungsstellen;Government licensing officials;0;2;
73203;Berufe in der öffentlichen Verwaltung (ohne Spezialisierung) - komplexe Spezialistentätigkeiten;Occupations in public administration (without specialisation)-complex tasks;3359;Fachkräfte in der öffentlichen Verwaltung, anderweitig nicht genannt;Government regulatory associate professionals not elsewhere classified;0;3;
73203;Berufe in der öffentlichen Verwaltung (ohne Spezialisierung) - komplexe Spezialistentätigkeiten;Occupations in public administration (without specialisation)-complex tasks;3343;Sekretariatsfachkräfte in Verwaltung und Geschäftsleitung;Administrative and executive secretaries;0;1;
73204;Berufe in der öffentlichen Verwaltung (ohne Spezialisierung) - hoch komplexe Tätigkeiten;Occupations in public administration (without specialisation)-highly complex tasks;2422;Akademische und vergleichbare Fachkräfte in der strategischen Planung in Politik und Wirtschaft;Policy administration professionals;1;1;
73212;Berufe in der Sozialverwaltung und -versicherung - fachlich ausgerichtete Tätigkeiten;Occupations in the social service administration and the social security system-skilled tasks;3353;Fachkräfte in Sozialverwaltung und -versicherung;Government social benefits officials;1;1;
73213;Berufe in der Sozialverwaltung und -versicherung - komplexe Spezialistentätigkeiten;Occupations in the social service administration and the social security system-complex tasks;3353;Fachkräfte in Sozialverwaltung und -versicherung;Government social benefits officials;1;1;
73214;Berufe in der Sozialverwaltung und -versicherung - hoch komplexe Tätigkeiten;Occupations in the social service administration and the social security system-highly complex tasks;2422;Akademische und vergleichbare Fachkräfte in der strategischen Planung in Politik und Wirtschaft;Policy administration professionals;1;1;
73222;Verwaltende Berufe im Sozial- und Gesundheitswesen - fachlich ausgerichtete Tätigkeiten;Administrative occupations in the welfare and health care system-skilled tasks;3344;Sekretariatsfachkräfte im Gesundheitswesen;Medical secretaries;1;1;
73223;Verwaltende Berufe im Sozial- und Gesundheitswesen - komplexe Spezialistentätigkeiten;Administrative occupations in the welfare and health care system-complex tasks;3344;Sekretariatsfachkräfte im Gesundheitswesen;Medical secretaries;0;1;
73223;Verwaltende Berufe im Sozial- und Gesundheitswesen - komplexe Spezialistentätigkeiten;Administrative occupations in the welfare and health care system-complex tasks;3343;Sekretariatsfachkräfte in Verwaltung und Geschäftsleitung;Administrative and executive secretaries;0;2;
73224;Verwaltende Berufe im Sozial- und Gesundheitswesen - hoch komplexe Tätigkeiten;Administrative occupations in the welfare and health care system-highly complex tasks;2421;Akademische und vergleichbare Fachkräfte im Bereich Management- und Organisationsanalyse;Management and organization analysts;1;1;
73231;Berufe in der Steuerverwaltung - Helfer-/Anlerntätigkeiten;Occupations in tax administration-unskilled/semiskilled tasks;9621;Boten, Paketauslieferer und Gepäckträger;Messengers, package deliverers and luggage porters;0;1;
73231;Berufe in der Steuerverwaltung - Helfer-/Anlerntätigkeiten;Occupations in tax administration-unskilled/semiskilled tasks;9629;Hilfsarbeitskräfte, anderweitig nicht genannt;Elementary workers not elsewhere classified;0;2;
73232;Berufe in der Steuerverwaltung - fachlich ausgerichtete Tätigkeiten;Occupations in tax administration-skilled tasks;3352;Fachkräfte in der Steuerverwaltung;Government tax and excise officials;1;1;
73233;Berufe in der Steuerverwaltung - komplexe Spezialistentätigkeiten;Occupations in tax administration-complex tasks;3352;Fachkräfte in der Steuerverwaltung;Government tax and excise officials;1;1;
73234;Berufe in der Steuerverwaltung - hoch komplexe Tätigkeiten;Occupations in tax administration-highly complex tasks;2411;Wirtschaftsprüfer, Steuerberater und verwandte Berufe;Accountants;1;1;
73241;Berufe im Zolldienst - Helfer-/Anlerntätigkeiten;Occupations in the customs service-unskilled/semiskilled tasks;3351;Fachkräfte im Zolldienst und Grenzschutz;Customs and border inspectors;1;1;
73242;Berufe im Zolldienst - fachlich ausgerichtete Tätigkeiten;Occupations in the customs service-skilled tasks;3351;Fachkräfte im Zolldienst und Grenzschutz;Customs and border inspectors;1;1;
73243;Berufe im Zolldienst - komplexe Spezialistentätigkeiten;Occupations in the customs service-complex tasks;3351;Fachkräfte im Zolldienst und Grenzschutz;Customs and border inspectors;1;1;
73244;Berufe im Zolldienst - hoch komplexe Tätigkeiten;Occupations in the customs service-highly complex tasks;2411;Wirtschaftsprüfer, Steuerberater und verwandte Berufe;Accountants;1;1;
73252;Berufe in der Justizverwaltung - fachlich ausgerichtete Tätigkeiten;Occupations in the administration of justice-skilled tasks;3342;Sekretariatsfachkräfte im juristischen Bereich;Legal secretaries;1;1;
73253;Berufe in der Justizverwaltung - komplexe Spezialistentätigkeiten;Occupations in the administration of justice-complex tasks;3411;Nicht akademische Fachkräfte für Rechts- und verwandte Angelegenheiten;Legal and related associate professionals;1;1;
73254;Berufe in der Justizverwaltung - hoch komplexe Tätigkeiten;Occupations in the administration of justice-highly complex tasks;2619;Juristen, anderweitig nicht genannt;Legal professionals not elsewhere classified;1;1;
73282;Berufe in der öffentlichen Verwaltung (sonstige spezifische Tätigkeitsangabe) - fachlich ausgerichtete Tätigkeiten;Occupations in public administration (with specialisation, not elsewhere classified)-skilled tasks;3343;Sekretariatsfachkräfte in Verwaltung und Geschäftsleitung;Administrative and executive secretaries;1;1;
73283;Berufe in der öffentlichen Verwaltung (sonstige spezifische Tätigkeitsangabe) - komplexe Spezialistentätigkeiten;Occupations in public administration (with specialisation, not elsewhere classified)-complex tasks;3354;Fachkräfte bei staatlichen Pass-, Lizenz- und Genehmigungsstellen;Government licensing officials;0;3;
73283;Berufe in der öffentlichen Verwaltung (sonstige spezifische Tätigkeitsangabe) - komplexe Spezialistentätigkeiten;Occupations in public administration (with specialisation, not elsewhere classified)-complex tasks;3359;Fachkräfte in der öffentlichen Verwaltung, anderweitig nicht genannt;Government regulatory associate professionals not elsewhere classified;0;4;
73283;Berufe in der öffentlichen Verwaltung (sonstige spezifische Tätigkeitsangabe) - komplexe Spezialistentätigkeiten;Occupations in public administration (with specialisation, not elsewhere classified)-complex tasks;3353;Fachkräfte in Sozialverwaltung und -versicherung;Government social benefits officials;0;2;
73283;Berufe in der öffentlichen Verwaltung (sonstige spezifische Tätigkeitsangabe) - komplexe Spezialistentätigkeiten;Occupations in public administration (with specialisation, not elsewhere classified)-complex tasks;3343;Sekretariatsfachkräfte in Verwaltung und Geschäftsleitung;Administrative and executive secretaries;0;1;
73284;Berufe in der öffentlichen Verwaltung (sonstige spezifische Tätigkeitsangabe) - hoch komplexe Tätigkeiten;Occupations in public administration (with specialisation, not elsewhere classified)-highly complex tasks;2422;Akademische und vergleichbare Fachkräfte in der strategischen Planung in Politik und Wirtschaft;Policy administration professionals;1;1;
73293;Aufsichtskräfte - Verwaltung;Supervisors in public administration;3341;Sekretariatsleiter;Office supervisors;1;1;
73294;Führungskräfte - Verwaltung;Managers in public administration;1112;Leitende Verwaltungsbedienstete;Senior government officials;1;1;
73312;Berufe im Archivwesen - fachlich ausgerichtete Tätigkeiten;Occupations in archiving-skilled tasks;4415;Bürokräfte für Registratur und Dokumentation;Filing and copying clerks;1;1;
73313;Berufe im Archivwesen - komplexe Spezialistentätigkeiten;Occupations in archiving-complex tasks;3433;Fachkräfte in Kunstgalerien, Museen und Bibliotheken;Gallery, museum and library technicians;1;1;
73314;Berufe im Archivwesen - hoch komplexe Tätigkeiten;Occupations in archiving-highly complex tasks;2621;Archiv- und Museumswissenschaftler;Archivists and curators;1;1;
73322;Berufe im Bibliothekswesen - fachlich ausgerichtete Tätigkeiten;Library occupations-skilled tasks;4411;Bibliotheksassistenten;Library clerks;1;1;
73323;Berufe im Bibliothekswesen - komplexe Spezialistentätigkeiten;Library occupations-complex tasks;3433;Fachkräfte in Kunstgalerien, Museen und Bibliotheken;Gallery, museum and library technicians;1;1;
73324;Berufe im Bibliothekswesen - hoch komplexe Tätigkeiten;Library occupations-highly complex tasks;2622;Bibliothekswissenschaftler und verwandte Informationswissenschaftler;Librarians and related information professionals;1;1;
73332;Berufe im Dokumentations- und Informationsdienst - fachlich ausgerichtete Tätigkeiten;Occupations in documentation and information services-skilled tasks;4419;Bürokräfte und verwandte Berufe, anderweitig nicht genannt;Clerical support workers not elsewhere classified;1;1;
73333;Berufe im Dokumentations- und Informationsdienst - komplexe Spezialistentätigkeiten;Occupations in documentation and information services-complex tasks;3433;Fachkräfte in Kunstgalerien, Museen und Bibliotheken;Gallery, museum and library technicians;1;1;
73334;Berufe im Dokumentations- und Informationsdienst - hoch komplexe Tätigkeiten;Occupations in documentation and information services-highly complex tasks;2622;Bibliothekswissenschaftler und verwandte Informationswissenschaftler;Librarians and related information professionals;1;1;
73342;Berufe in der medizinischen Dokumentation - fachlich ausgerichtete Tätigkeiten;Occupations in medical documentation-skilled tasks;3252;Fachkräfte im Bereich medizinische Dokumentation und Information;Medical records and health information technicians;1;1;
73394;Führungskräfte - Medien-, Dokumentations- und Informationsdienste;Managers in media, documentation and information services;1349;Führungskräfte in der Erbringung von speziellen Dienstleistungen, anderweitig nicht genannt;Professional services managers not elsewhere classified;1;1;
81102;Medizinische Fachangestellte (ohne Spezialisierung) - fachlich ausgerichtete Tätigkeiten;Medical assistants (without specialisation)-skilled tasks;3256;Medizinische Assistenten;Medical assistants;1;1;
81103;Medizinische Fachangestellte (ohne Spezialisierung) - komplexe Spezialistentätigkeiten;Medical assistants (without specialisation)-complex tasks;3256;Medizinische Assistenten;Medical assistants;1;1;
81112;Zahnmedizinische Fachangestellte - fachlich ausgerichtete Tätigkeiten;Dental assistants-skilled tasks;3251;Zahnmedizinische Assistenten und Dentalhygieniker;Dental assistants and therapists;1;1;
81113;Zahnmedizinische Fachangestellte - komplexe Spezialistentätigkeiten;Dental assistants-complex tasks;3251;Zahnmedizinische Assistenten und Dentalhygieniker;Dental assistants and therapists;1;1;
81132;Orthoptisten/Orthoptistinnen - fachlich ausgerichtete Tätigkeiten;Orthoptists-skilled tasks;2267;Optometristen und Orthoptisten;Optometrists and ophthalmic opticians;1;1;
81142;Tiermedizinische Fachangestellte - fachlich ausgerichtete Tätigkeiten;Veterinary assistants-skilled tasks;3240;Veterinärmedizinische Fachkräfte und Assistenten;Veterinary technicians and assistants;1;1;
81143;Tiermedizinische Fachangestellte - komplexe Spezialistentätigkeiten;Veterinary assistants-complex tasks;3240;Veterinärmedizinische Fachkräfte und Assistenten;Veterinary technicians and assistants;1;1;
81182;Medizinische Fachangestellte (sonstige spezifische Tätigkeitsangabe) - fachlich ausgerichtete Tätigkeiten;Medical assistants (with specialisation, not elsewhere classified)-skilled tasks;3256;Medizinische Assistenten;Medical assistants;1;1;
81183;Medizinische Fachangestellte (sonstige spezifische Tätigkeitsangabe) - komplexe Spezialistentätigkeiten;Medical assistants (with specialisation, not elsewhere classified)-complex tasks;3256;Medizinische Assistenten;Medical assistants;1;1;
81212;Medizinisch-technische Berufe im Laboratorium - fachlich ausgerichtete Tätigkeiten;Technical laboratory occupations in medicine-skilled tasks;3212;Medizintechniker im Bereich Labor und Pathologie;Medical and pathology laboratory technicians;1;1;
81213;Medizinisch-technische Berufe im Laboratorium - komplexe Spezialistentätigkeiten;Technical laboratory occupations in medicine-complex tasks;3212;Medizintechniker im Bereich Labor und Pathologie;Medical and pathology laboratory technicians;1;1;
81214;Medizinisch-technische Berufe im Laboratorium - hoch komplexe Tätigkeiten;Technical laboratory occupations in medicine-highly complex tasks;2212;Fachärzte;Specialist medical practitioners;1;1;
81222;Medizinisch-technische Berufe in der Funktionsdiagnostik - fachlich ausgerichtete Tätigkeiten;Technical occupations in medical laboratories for functional diagnostics-skilled tasks;3256;Medizinische Assistenten;Medical assistants;1;1;
81223;Medizinisch-technische Berufe in der Funktionsdiagnostik - komplexe Spezialistentätigkeiten;Technical occupations in medical laboratories for functional diagnostics-complex tasks;3256;Medizinische Assistenten;Medical assistants;1;1;
81224;Medizinisch-technische Berufe in der Funktionsdiagnostik - hoch komplexe Tätigkeiten;Technical occupations in medical laboratories for functional diagnostics-highly complex tasks;2149;Ingenieure, anderweitig nicht genannt;Engineering professionals not elsewhere classified;1;1;
81232;Medizinisch-technische Berufe in der Radiologie - fachlich ausgerichtete Tätigkeiten;Technical occupations in radiology-skilled tasks;3211;Medizintechniker im Bereich bildgebende Verfahren und Therapiegeräte;Medical imaging and therapeutic equipment technicians;1;1;
81233;Medizinisch-technische Berufe in der Radiologie - komplexe Spezialistentätigkeiten;Technical occupations in radiology-complex tasks;3211;Medizintechniker im Bereich bildgebende Verfahren und Therapiegeräte;Medical imaging and therapeutic equipment technicians;1;1;
81234;Medizinisch-technische Berufe in der Radiologie - hoch komplexe Tätigkeiten;Technical occupations in radiology-highly complex tasks;2212;Fachärzte;Specialist medical practitioners;1;1;
81242;Medizinisch-technische Berufe in der Veterinärmedizin - fachlich ausgerichtete Tätigkeiten;Technical occupations in veterinary medicine-skilled tasks;3240;Veterinärmedizinische Fachkräfte und Assistenten;Veterinary technicians and assistants;1;1;
81243;Medizinisch-technische Berufe in der Veterinärmedizin - komplexe Spezialistentätigkeiten;Technical occupations in veterinary medicine-complex tasks;3240;Veterinärmedizinische Fachkräfte und Assistenten;Veterinary technicians and assistants;1;1;
81294;Führungskräfte - Medizinisches Laboratorium;Managers in medical laboratories;1342;Führungskräfte in der Erbringung von Dienstleistungen im Gesundheitswesen;Health service managers;1;1;
81301;Berufe in der Gesundheits- und Krankenpflege (ohne Spezialisierung) - Helfer-/Anlerntätigkeiten;Occupations in nursing (without specialisation)-unskilled/semiskilled tasks;5322;Haus- und Familienpfleger;Home-based personal care workers;0;2;
81301;Berufe in der Gesundheits- und Krankenpflege (ohne Spezialisierung) - Helfer-/Anlerntätigkeiten;Occupations in nursing (without specialisation)-unskilled/semiskilled tasks;5321;Pflegehelfer;Health care assistants;0;1;
81302;Berufe in der Gesundheits- und Krankenpflege (ohne Spezialisierung) - fachlich ausgerichtete Tätigkeiten;Occupations in nursing (without specialisation)-skilled tasks;3221;Nicht akademische Krankenpflegefachkräfte;Nursing associate professionals;1;1;
81313;Berufe in der Fachkrankenpflege - komplexe Spezialistentätigkeiten;Occupations in nursing specialised in a particular branch of nursing-complex tasks;3221;Nicht akademische Krankenpflegefachkräfte;Nursing associate professionals;1;1;
81323;Berufe in der Fachkinderkrankenpflege - komplexe Spezialistentätigkeiten;Occupations in nursing specialised in paediatrics-complex tasks;3221;Nicht akademische Krankenpflegefachkräfte;Nursing associate professionals;1;1;
81332;Berufe in der operations-/medizintechnischen Assistenz - fachlich ausgerichtete Tätigkeiten;Surgical and medico-technical assistants-skilled tasks;3256;Medizinische Assistenten;Medical assistants;1;1;
81333;Berufe in der operations-/medizintechnischen Assistenz - komplexe Spezialistentätigkeiten;Surgical and medico-technical assistants-complex tasks;2240;Feldscher und vergleichbare paramedizinische Praktiker;Paramedical practitioners;1;1;
81341;Berufe im Rettungsdienst - Helfer-/Anlerntätigkeiten;Occupations in emergency medical services-unskilled/semiskilled tasks;5329;Betreuungsberufe im Gesundheitswesen, anderweitig nicht genannt;Personal care workers in health services not elsewhere classified;1;1;
81342;Berufe im Rettungsdienst - fachlich ausgerichtete Tätigkeiten;Occupations in emergency medical services-skilled tasks;3258;Rettungsdienstpersonal;Ambulance workers;1;1;
81343;Berufe im Rettungsdienst - komplexe Spezialistentätigkeiten;Occupations in emergency medical services-complex tasks;3258;Rettungsdienstpersonal;Ambulance workers;1;1;
81352;Berufe in der Geburtshilfe und Entbindungspflege - fachlich ausgerichtete Tätigkeiten;Occupations in obstetrics and maternity care-skilled tasks;3222;Nicht akademische Geburtshilfefachkräfte;Midwifery associate professionals;1;1;
81353;Berufe in der Geburtshilfe und Entbindungspflege - komplexe Spezialistentätigkeiten;Occupations in obstetrics and maternity care-complex tasks;2222;Akademische und vergleichbare Geburtshilfefachkräfte;Midwifery professionals;1;1;
81382;Berufe in der Gesundheits- und Krankenpflege (sonstige spezifische Tätigkeitsangabe) - fachlich ausgerichtete Tätigkeiten;Occupations in nursing (with specialisation, not elsewhere classified)-skilled tasks;3221;Nicht akademische Krankenpflegefachkräfte;Nursing associate professionals;1;1;
81383;Berufe in der Gesundheits- und Krankenpflege (sonstige spezifische Tätigkeitsangabe) - komplexe Spezialistentätigkeiten;Occupations nursing (with specialisation, not elsewhere classified)-complex tasks;3221;Nicht akademische Krankenpflegefachkräfte;Nursing associate professionals;1;1;
81393;Aufsichtskräfte - Gesundheits- und Krankenpflege, Rettungsdienst und Geburtshilfe;Supervisors in nursing, emergency medical services and obstetrics;2221;Akademische und vergleichbare Krankenpflegefachkräfte;Nursing professionals;1;1;
81394;Führungskräfte - Gesundheits- und Krankenpflege, Rettungsdienst und Geburtshilfe;Managers in nursing, emergency medical services and obstetrics;1342;Führungskräfte in der Erbringung von Dienstleistungen im Gesundheitswesen;Health service managers;1;1;
81404;Ärzte/Ärztinnen (ohne Spezialisierung) - hoch komplexe Tätigkeiten;Medical doctors (without specialisation)-highly complex tasks;2211;Allgemeinärzte;Generalist medical practitioners;1;1;
81414;Fachärzte/-ärztinnen in der Kinder- und Jugendmedizin - hoch komplexe Tätigkeiten;Medical doctors specialised in pediatrics and adolescent medicine-highly complex tasks;2212;Fachärzte;Specialist medical practitioners;1;1;
81424;Fachärzte/-ärztinnen in der Inneren Medizin - hoch komplexe Tätigkeiten;Medical doctors specialised in internal medicine-highly complex tasks;2212;Fachärzte;Specialist medical practitioners;1;1;
81434;Fachärzte/-ärztinnen in der Chirurgie - hoch komplexe Tätigkeiten;Medical doctors specialised in surgery-highly complex tasks;2212;Fachärzte;Specialist medical practitioners;1;1;
81444;Fachärzte/-ärztinnen in den Bereichen Hautkrankheiten, Sinnes- und Geschlechtsorgane - hoch komplexe Tätigkeiten;Medical doctors specialised in dermatology, otorhinolaryngology, ophthalmology, gynaecology, andrology and related medical fields-highly complex tasks;2212;Fachärzte;Specialist medical practitioners;1;1;
81454;Fachärzte/-ärztinnen in der Anästhesiologie - hoch komplexe Tätigkeiten;Medical doctors specialised in anaesthesiology-highly complex tasks;2212;Fachärzte;Specialist medical practitioners;1;1;
81464;Fachärzte/-ärztinnen in der Neurologie, Psychiatrie, Psychotherapie und psychosomatischen Medizin - hoch komplexe Tätigkeiten;Medical doctors specialised in neurology, psychiatry, psychotherapy and psychosomatic medicine-highly complex tasks;2212;Fachärzte;Specialist medical practitioners;1;1;
81474;Zahnärzte/-ärztinnen und Kieferorthopäden/-orthopädinnen - hoch komplexe Tätigkeiten;Dentists and orthodontists-highly complex tasks;2261;Zahnärzte;Dentists;1;1;
81484;Ärzte/Ärztinnen (sonstige spezifische Tätigkeitsangabe) - hoch komplexe Tätigkeiten;Medical doctors (with specialisation, not elsewhere classified)-highly complex tasks;2212;Fachärzte;Specialist medical practitioners;1;1;
81494;Führungskräfte - Human- und Zahnmedizin;Managers in human medicine and dentistry;2212;Fachärzte;Specialist medical practitioners;0;1;
81494;Führungskräfte - Human- und Zahnmedizin;Managers in human medicine and dentistry;1342;Führungskräfte in der Erbringung von Dienstleistungen im Gesundheitswesen;Health service managers;0;3;
81494;Führungskräfte - Human- und Zahnmedizin;Managers in human medicine and dentistry;2261;Zahnärzte;Dentists;0;2;
81504;Tierärzte/-ärztinnen (ohne Spezialisierung) - hoch komplexe Tätigkeiten;Veterinaries (without specialisation)-highly complex tasks;2250;Tierärzte;Veterinarians;1;1;
81514;Tierärzte/-ärztinnen für Groß- und Nutztiere - hoch komplexe Tätigkeiten;Veterinaries for large and farm animals-highly complex tasks;2250;Tierärzte;Veterinarians;1;1;
81524;Tierärzte/-ärztinnen für Haus- und Heimtiere - hoch komplexe Tätigkeiten;Veterinaries for pets-highly complex tasks;2250;Tierärzte;Veterinarians;1;1;
81532;Tierheilpraktiker/innen - fachlich ausgerichtete Tätigkeiten;Non-medical animal health practitioners-skilled tasks;2250;Tierärzte;Veterinarians;1;1;
81584;Berufe in der Tiermedizin und Tierheilkunde (sonstige spezifische Tätigkeitsangabe) - hoch komplexe Tätigkeiten;Occupations in veterinary medicine and non-medical animal health practitioners (with specialisation, not elsewhere classified)-highly complex tasks;2250;Tierärzte;Veterinarians;1;1;
81594;Führungskräfte - Tiermedizin und Tierheilkunde;Managers in veterinary medicine and non-medical animal health practitioners;1349;Führungskräfte in der Erbringung von speziellen Dienstleistungen, anderweitig nicht genannt;Professional services managers not elsewhere classified;1;1;
81614;Berufe in der nicht klinischen Psychologie - hoch komplexe Tätigkeiten;Occupations in non-clinical psychology-highly complex tasks;2634;Psychologen;Psychologists;1;1;
81623;Berufe in der klinischen Psychologie - komplexe Spezialistentätigkeiten;Occupations in clinical psychology-complex tasks;3259;Assistenzberufe im Gesundheitswesen, anderweitig nicht genannt;Health associate professionals not elsewhere classified;1;1;
81624;Berufe in der klinischen Psychologie - hoch komplexe Tätigkeiten;Occupations in clinical psychology-highly complex tasks;2634;Psychologen;Psychologists;1;1;
81634;Berufe in der nicht ärztlichen Psychotherapie - hoch komplexe Tätigkeiten;Occupations in non-medical psychotherapy-highly complex tasks;2634;Psychologen;Psychologists;1;1;
81712;Berufe in der Physiotherapie - fachlich ausgerichtete Tätigkeiten;Occupations in physiotherapy-skilled tasks;3255;Physiotherapeutische Techniker und Assistenten;Physiotherapy technicians and assistants;1;1;
81713;Berufe in der Physiotherapie - komplexe Spezialistentätigkeiten;Occupations in physiotherapy-complex tasks;2264;Physiotherapeuten;Physiotherapists;1;1;
81714;Berufe in der Physiotherapie - hoch komplexe Tätigkeiten;Occupations in physiotherapy-highly complex tasks;2264;Physiotherapeuten;Physiotherapists;1;1;
81722;Berufe in der Ergotherapie - fachlich ausgerichtete Tätigkeiten;Occupations in occupational therapy-skilled tasks;3259;Assistenzberufe im Gesundheitswesen, anderweitig nicht genannt;Health associate professionals not elsewhere classified;1;1;
81723;Berufe in der Ergotherapie - komplexe Spezialistentätigkeiten;Occupations in occupational therapy-complex tasks;2269;Akademische und verwandte Gesundheitsberufe, anderweitig nicht genannt;Health professionals not elsewhere classified;1;1;
81724;Berufe in der Ergotherapie - hoch komplexe Tätigkeiten;Occupations in occupational therapy-highly complex tasks;2269;Akademische und verwandte Gesundheitsberufe, anderweitig nicht genannt;Health professionals not elsewhere classified;1;1;
81733;Berufe in der Sprachtherapie - komplexe Spezialistentätigkeiten;Occupations in speech therapy-complex tasks;2266;Audiologen und Sprachtherapeuten;Audiologists and speech therapists;1;1;
81734;Berufe in der Sprachtherapie - hoch komplexe Tätigkeiten;Occupations in speech therapy-highly complex tasks;2266;Audiologen und Sprachtherapeuten;Audiologists and speech therapists;1;1;
81743;Berufe in der Musik- und Kunsttherapie - komplexe Spezialistentätigkeiten;Occupations in music and art therapy-complex tasks;2269;Akademische und verwandte Gesundheitsberufe, anderweitig nicht genannt;Health professionals not elsewhere classified;1;1;
81744;Berufe in der Musik- und Kunsttherapie - hoch komplexe Tätigkeiten;Occupations in music and art therapy-highly complex tasks;2269;Akademische und verwandte Gesundheitsberufe, anderweitig nicht genannt;Health professionals not elsewhere classified;1;1;
81752;Berufe in der Heilkunde und Homöopathie - fachlich ausgerichtete Tätigkeiten;Practitioners of alternative medicine and homeopathy-skilled tasks;2230;Akademische und vergleichbare Fachkräfte in der traditionellen und komplementären Medizin;Traditional and complementary medicine professionals;1;1;
81753;Berufe in der Heilkunde und Homöopathie - komplexe Spezialistentätigkeiten;Practitioners of alternative medicine and homeopathy-complex tasks;2230;Akademische und vergleichbare Fachkräfte in der traditionellen und komplementären Medizin;Traditional and complementary medicine professionals;1;1;
81762;Berufe in der Diät- und Ernährungstherapie - fachlich ausgerichtete Tätigkeiten;Dieticians and Nutritionists-skilled tasks;2265;Diätologen und Ernährungsberater;Dieticians and nutritionists;1;1;
81763;Berufe in der Diät- und Ernährungstherapie - komplexe Spezialistentätigkeiten;Dieticians and Nutritionists-complex tasks;2265;Diätologen und Ernährungsberater;Dieticians and nutritionists;1;1;
81764;Berufe in der Diät- und Ernährungstherapie - hoch komplexe Tätigkeiten;Dieticians and Nutritionists-highly complex tasks;2265;Diätologen und Ernährungsberater;Dieticians and nutritionists;1;1;
81772;Podologen/Podologinnen - fachlich ausgerichtete Tätigkeiten;Podologists-skilled tasks;3255;Physiotherapeutische Techniker und Assistenten;Physiotherapy technicians and assistants;1;1;
81782;Berufe in der nicht ärztlichen Therapie und Heilkunde (sonstige spezifische Tätigkeitsangabe) - fachlich ausgerichtete Tätigkeiten;Occupations in non-medical therapy and alternative medicine (with specialisation, not elsewhere classified)-skilled tasks;3259;Assistenzberufe im Gesundheitswesen, anderweitig nicht genannt;Health associate professionals not elsewhere classified;1;1;
81783;Berufe in der nicht ärztlichen Therapie und Heilkunde (sonstige spezifische Tätigkeitsangabe) - komplexe Spezialistentätigkeiten;Occupations in non-medical therapy and alternative medicine (with specialisation, not elsewhere classified)-complex tasks;2269;Akademische und verwandte Gesundheitsberufe, anderweitig nicht genannt;Health professionals not elsewhere classified;1;1;
81784;Berufe in der nicht ärztlichen Therapie und Heilkunde (sonstige spezifische Tätigkeitsangabe) - hoch komplexe Tätigkeiten;Occupations in non-medical therapy and of alternative medicine (specific occupation, not elsewhere classified)-highly complex tasks;2269;Akademische und verwandte Gesundheitsberufe, anderweitig nicht genannt;Health professionals not elsewhere classified;1;1;
81794;Führungskräfte - Nicht ärztliche Therapie und Heilkunde;Managers in in non-medical therapy and alternative medicine;2264;Physiotherapeuten;Physiotherapists;1;1;
81804;Apotheker/innen, Pharmazeuten/Pharmazeutinnen - hoch komplexe Tätigkeiten;Pharmacists-highly complex tasks;2262;Apotheker;Pharmacists;1;1;
81814;Fachärzte/-ärztinnen in der Pharmakologie - hoch komplexe Tätigkeiten;Medical doctors specialised in pharmacology-highly complex tasks;2131;Biologen, Botaniker, Zoologen und verwandte Berufe;Biologists, botanists, zoologists and related professionals;0;1;
81814;Fachärzte/-ärztinnen in der Pharmakologie - hoch komplexe Tätigkeiten;Medical doctors specialised in pharmacology-highly complex tasks;2212;Fachärzte;Specialist medical practitioners;0;2;
81822;Berufe in der pharmazeutisch-technischen Assistenz - fachlich ausgerichtete Tätigkeiten;Pharmaceutical-technical assistants-skilled tasks;3213;Pharmazeutisch-technische Assistenten;Pharmaceutical technicians and assistants;1;1;
81883;Berufe in der Pharmazie (sonstige spezifische Tätigkeitsangabe) - komplexe Spezialistentätigkeiten;Occupations in pharmacy (with specialisation, not elsewhere classified)-complex tasks;2433;Akademische und vergleichbare Fachkräfte im Bereich Vertrieb (Technik und Medizin, ohne Informations- und Kommunikationstechnologie);Technical and medical sales professionals (excluding ICT);1;1;
81884;Berufe in der Pharmazie (sonstige spezifische Tätigkeitsangabe) - hoch komplexe Tätigkeiten;Occupations in pharmacy (with specialisation, not elsewhere classified)-highly complex tasks;2262;Apotheker;Pharmacists;1;1;
81894;Führungskräfte - Pharmazie;Managers in pharmacy;1342;Führungskräfte in der Erbringung von Dienstleistungen im Gesundheitswesen;Health service managers;1;1;
82101;Berufe in der Altenpflege (ohne Spezialisierung) - Helfer-/Anlerntätigkeiten;Occupations in geriatric care (without specialisation)-unskilled/semiskilled tasks;5322;Haus- und Familienpfleger;Home-based personal care workers;0;2;
82101;Berufe in der Altenpflege (ohne Spezialisierung) - Helfer-/Anlerntätigkeiten;Occupations in geriatric care (without specialisation)-unskilled/semiskilled tasks;5321;Pflegehelfer;Health care assistants;0;1;
82102;Berufe in der Altenpflege (ohne Spezialisierung) - fachlich ausgerichtete Tätigkeiten;Occupations in geriatric care (without specialisation)-skilled tasks;3221;Nicht akademische Krankenpflegefachkräfte;Nursing associate professionals;1;1;
82103;Berufe in der Altenpflege (ohne Spezialisierung) - komplexe Spezialistentätigkeiten;Occupations in geriatric care (without specialisation)-complex tasks;3221;Nicht akademische Krankenpflegefachkräfte;Nursing associate professionals;1;1;
82182;Berufe in der Altenpflege (sonstige spezifische Tätigkeitsangabe) - fachlich ausgerichtete Tätigkeiten;Occupations in geriatric care (with specialisation, not elsewhere classified)-skilled tasks;3221;Nicht akademische Krankenpflegefachkräfte;Nursing associate professionals;1;1;
82183;Berufe in der Altenpflege (sonstige spezifische Tätigkeitsangabe) - komplexe Spezialistentätigkeiten;Occupations in geriatric care (with specialisation, not elsewhere classified)-complex tasks;3221;Nicht akademische Krankenpflegefachkräfte;Nursing associate professionals;1;1;
82194;Führungskräfte - Altenpflege;Managers in geriatric care;1343;Führungskräfte in der Erbringung von Dienstleistungen der Altenbetreuung;Aged care service managers;1;1;
82212;Berufe in der Gesundheitsberatung - fachlich ausgerichtete Tätigkeiten;Occupations providing health counselling-skilled tasks;3423;Trainer und Betreuer im Bereich Fitness und Erholung;Fitness and recreation instructors and program leaders;1;1;
82213;Berufe in der Gesundheitsberatung - komplexe Spezialistentätigkeiten;Occupations providing health counselling-complex tasks;3253;Fachkräfte in der öffentlichen Gesundheitsfürsorge;Community health workers;1;1;
82214;Berufe in der Gesundheitsberatung - hoch komplexe Tätigkeiten;Occupations providing health counselling-highly complex tasks;2263;Akademische und vergleichbare Fachkräfte in den Bereichen Umwelt- und Arbeitsmedizin sowie Hygiene;Environmental and occupational health and hygiene professionals;1;1;
82222;Wellnessberufe - fachlich ausgerichtete Tätigkeiten;Occupations in wellness-skilled tasks;5142;Kosmetiker und verwandte Berufe;Beauticians and related workers;0;2;
82222;Wellnessberufe - fachlich ausgerichtete Tätigkeiten;Occupations in wellness-skilled tasks;3423;Trainer und Betreuer im Bereich Fitness und Erholung;Fitness and recreation instructors and program leaders;0;1;
82223;Wellnessberufe - komplexe Spezialistentätigkeiten;Occupations in wellness-complex tasks;3423;Trainer und Betreuer im Bereich Fitness und Erholung;Fitness and recreation instructors and program leaders;1;1;
82232;Berufe in der Ernährungsberatung - fachlich ausgerichtete Tätigkeiten;Occupations providing nutritional advice-skilled tasks;3259;Assistenzberufe im Gesundheitswesen, anderweitig nicht genannt;Health associate professionals not elsewhere classified;1;1;
82233;Berufe in der Ernährungsberatung - komplexe Spezialistentätigkeiten;Occupations providing nutritional advice-complex tasks;2265;Diätologen und Ernährungsberater;Dieticians and nutritionists;1;1;
82243;Qualitätsbeauftragte im Gesundheitswesen - komplexe Spezialistentätigkeiten;Quality assurance representative in the health care system-highly complex tasks;3257;Nicht akademische Kontrolleure und Beauftragte in den Bereichen Umwelt- und Arbeitsmedizin sowie verwandte Berufe;Environmental and occupational health inspectors and associates;1;1;
82283;Berufe in Ernährungs- und Gesundheitsberatung, Wellness (sonstige spezifische Tätigkeitsangabe) - komplexe Spezialistentätigkeiten;Occupations providing nutritional advice or health counselling, and occupations in wellness (with specialisation, not elsewhere classified)-complex tasks;2269;Akademische und verwandte Gesundheitsberufe, anderweitig nicht genannt;Health professionals not elsewhere classified;0;1;
82283;Berufe in Ernährungs- und Gesundheitsberatung, Wellness (sonstige spezifische Tätigkeitsangabe) - komplexe Spezialistentätigkeiten;Occupations providing nutritional advice or health counselling, and occupations in wellness (with specialisation, not elsewhere classified)-complex tasks;2265;Diätologen und Ernährungsberater;Dieticians and nutritionists;0;2;
82284;Berufe in Ernährungs- und Gesundheitsberatung, Wellness (sonstige spezifische Tätigkeitsangabe) - hoch komplexe Tätigkeiten;Occupations providing nutritional advice or health counselling, and occupations in wellness (with specialisation, not elsewhere classified)-highly complex tasks;2265;Diätologen und Ernährungsberater;Dieticians and nutritionists;1;1;
82311;Berufe im Friseurgewerbe - Helfer-/Anlerntätigkeiten;Occupations in hairdressing-unskilled/semiskilled tasks;9629;Hilfsarbeitskräfte, anderweitig nicht genannt;Elementary workers not elsewhere classified;1;1;
82312;Berufe im Friseurgewerbe - fachlich ausgerichtete Tätigkeiten;Occupations in hairdressing-skilled tasks;5141;Friseure;Hairdressers;1;1;
82322;Berufe in der Kosmetik - fachlich ausgerichtete Tätigkeiten;Occupations in cosmetics-skilled tasks;5142;Kosmetiker und verwandte Berufe;Beauticians and related workers;1;1;
82332;Tätowierer/innen und Piercer/innen - fachlich ausgerichtete Tätigkeiten;Tattooists and piercers-skilled tasks;3435;Sonstige Fachkräfte in Gestaltung und Kultur;Artistic and cultural associate professionals not elsewhere classified;1;1;
82342;Berufe in der Maskenbildnerei - fachlich ausgerichtete Tätigkeiten;Make-up artists-skilled tasks;5142;Kosmetiker und verwandte Berufe;Beauticians and related workers;1;1;
82343;Berufe in der Maskenbildnerei - komplexe Spezialistentätigkeiten;Make-up artists-complex tasks;2163;Produkt- und Textildesigner;Product and garment designers;1;1;
82393;Aufsichtskräfte - Körperpflege;Supervisors in body care;5141;Friseure;Hairdressers;0;2;
82393;Aufsichtskräfte - Körperpflege;Supervisors in body care;5142;Kosmetiker und verwandte Berufe;Beauticians and related workers;0;1;
82401;Berufe im Bestattungswesen - Helfer- und Anlerntätigkeiten;Occupations in funeral services-unskilled and semiskilled tasks;5163;Bestatter und Einbalsamierer;Undertakers and embalmers;0;1;
82401;Berufe im Bestattungswesen - Helfer- und Anlerntätigkeiten;Occupations in funeral services-unskilled and semiskilled tasks;9214;Hilfsarbeiter im Gartenbau;Garden and horticultural labourers;0;2;
82402;Berufe im Bestattungswesen - fachlich ausgerichtete Tätigkeiten;Occupations in funeral services-skilled tasks;5163;Bestatter und Einbalsamierer;Undertakers and embalmers;1;1;
82403;Berufe im Bestattungswesen - komplexe Spezialistentätigkeiten;Occupations in funeral services-complex tasks;5163;Bestatter und Einbalsamierer;Undertakers and embalmers;1;1;
82493;Aufsichtskräfte - Bestattungswesen;Supervisors in funeral services;5163;Bestatter und Einbalsamierer;Undertakers and embalmers;1;1;
82494;Führungskräfte - Bestattungswesen;Managers in funeral services;1439;Führungskräfte in der Erbringung von Dienstleistungen, anderweitig nicht genannt;Services managers not elsewhere classified;1;1;
82502;Berufe in der Medizintechnik (ohne Spezialisierung) - fachlich ausgerichtete Tätigkeiten;Technical occupations in medicine (without specialisation)-skilled tasks;7421;Elektroniker und Elektronik-Servicetechniker;Electronics mechanics and servicers;1;1;
82503;Berufe in der Medizintechnik (ohne Spezialisierung) - komplexe Spezialistentätigkeiten;Technical occupations in medicine (without specialisation)-complex tasks;3119;Material- und ingenieurtechnische Fachkräfte, anderweitig nicht genannt;Physical and engineering science technicians not elsewhere classified;1;1;
82504;Berufe in der Medizintechnik (ohne Spezialisierung) - hoch komplexe Tätigkeiten;Technical occupations in medicine (without specialisation)-highly complex tasks;2149;Ingenieure, anderweitig nicht genannt;Engineering professionals not elsewhere classified;1;1;
82512;Berufe in der Orthopädie- und Rehatechnik - fachlich ausgerichtete Tätigkeiten;Technical occupations in orthopaedic and rehabilitation-skilled tasks;3214;Medizinische und zahnmedizinische Prothetiktechniker;Medical and dental prosthetic technicians;1;1;
82513;Berufe in der Orthopädie- und Rehatechnik - komplexe Spezialistentätigkeiten;Technical occupations in orthopaedic and rehabilitation-complex tasks;3214;Medizinische und zahnmedizinische Prothetiktechniker;Medical and dental prosthetic technicians;1;1;
82514;Berufe in der Orthopädie- und Rehatechnik - hoch komplexe Tätigkeiten;Technical occupations in orthopaedic and rehabilitation-highly complex tasks;2149;Ingenieure, anderweitig nicht genannt;Engineering professionals not elsewhere classified;1;1;
82522;Berufe in der Augenoptik - fachlich ausgerichtete Tätigkeiten;Occupations in ophthalmic optics-skilled tasks;3254;Augenoptiker;Dispensing opticians;1;1;
82523;Berufe in der Augenoptik - komplexe Spezialistentätigkeiten;Occupations in ophthalmic optics-complex tasks;3254;Augenoptiker;Dispensing opticians;1;1;
82524;Berufe in der Augenoptik - hoch komplexe Tätigkeiten;Occupations in ophthalmic optics-highly complex tasks;2267;Optometristen und Orthoptisten;Optometrists and ophthalmic opticians;1;1;
82532;Berufe in der Hörgeräteakustik - fachlich ausgerichtete Tätigkeiten;Occupations in hearing-aid acoustics-skilled tasks;3214;Medizinische und zahnmedizinische Prothetiktechniker;Medical and dental prosthetic technicians;1;1;
82533;Berufe in der Hörgeräteakustik - komplexe Spezialistentätigkeiten;Occupations in hearing-aid acoustics-complex tasks;3214;Medizinische und zahnmedizinische Prothetiktechniker;Medical and dental prosthetic technicians;1;1;
82534;Berufe in der Hörgeräteakustik - hoch komplexe Tätigkeiten;Occupations in hearing-aid acoustics-highly complex tasks;2149;Ingenieure, anderweitig nicht genannt;Engineering professionals not elsewhere classified;1;1;
82542;Berufe in der Zahntechnik - fachlich ausgerichtete Tätigkeiten;Technical occupations in prosthetic dentistry-skilled tasks;3214;Medizinische und zahnmedizinische Prothetiktechniker;Medical and dental prosthetic technicians;1;1;
82593;Aufsichtskräfte - Medizin-, Orthopädie- und Rehatechnik;Supervisors in medicine, orthopaedic and rehabilitation technology;3122;Produktionsleiter bei der Herstellung von Waren;Manufacturing supervisors;1;1;
82594;Führungskräfte - Medizin-, Orthopädie- und Rehatechnik;Managers in medicine, orthopaedic and rehabilitation technology;1321;Führungskräfte in der Produktion bei der Herstellung von Waren;Manufacturing managers;1;1;
83111;Berufe in der Kinderbetreuung und -erziehung - Helfer-/Anlerntätigkeiten;Occupations in child care and child-rearing-unskilled/semiskilled tasks;5311;Kinderbetreuer;Child care workers;1;1;
83112;Berufe in der Kinderbetreuung und -erziehung - fachlich ausgerichtete Tätigkeiten;Occupations in child care and child-rearing-skilled tasks;2342;Lehrkräfte und Erzieher im Vorschulbereich;Early childhood educators;0;2;
83112;Berufe in der Kinderbetreuung und -erziehung - fachlich ausgerichtete Tätigkeiten;Occupations in child care and child-rearing-skilled tasks;3412;Nicht akademische sozialpflegerische Fachkräfte;Social work associate professionals;0;1;
83113;Berufe in der Kinderbetreuung und -erziehung - komplexe Spezialistentätigkeiten;Occupations in child care and child-rearing-complex tasks;2342;Lehrkräfte und Erzieher im Vorschulbereich;Early childhood educators;0;1;
83113;Berufe in der Kinderbetreuung und -erziehung - komplexe Spezialistentätigkeiten;Occupations in child care and child-rearing-complex tasks;2635;Sozialarbeiter;Social work and counselling professionals;0;2;
83122;Berufe in der Sozialarbeit und Sozialpädagogik - fachlich ausgerichtete Tätigkeiten;Occupations in social work and social pedagogics-skilled tasks;3412;Nicht akademische sozialpflegerische Fachkräfte;Social work associate professionals;1;1;
83123;Berufe in der Sozialarbeit und Sozialpädagogik - komplexe Spezialistentätigkeiten;Occupations in social work and social pedagogics-complex tasks;3412;Nicht akademische sozialpflegerische Fachkräfte;Social work associate professionals;1;1;
83124;Berufe in der Sozialarbeit und Sozialpädagogik - hoch komplexe Tätigkeiten;Occupations in social work and social pedagogics-highly complex tasks;2635;Sozialarbeiter;Social work and counselling professionals;1;1;
83131;Berufe in Heilerziehungspflege und Sonderpädagogik - Helfer-/Anlerntätigkeiten;Pedagogic specialists in social care work and special needs education-unskilled/semiskilled tasks;5322;Haus- und Familienpfleger;Home-based personal care workers;0;2;
83131;Berufe in Heilerziehungspflege und Sonderpädagogik - Helfer-/Anlerntätigkeiten;Pedagogic specialists in social care work and special needs education-unskilled/semiskilled tasks;5321;Pflegehelfer;Health care assistants;0;1;
83132;Berufe in Heilerziehungspflege und Sonderpädagogik - fachlich ausgerichtete Tätigkeiten;Pedagogic specialists in social care work and special needs education-skilled tasks;3412;Nicht akademische sozialpflegerische Fachkräfte;Social work associate professionals;1;1;
83133;Berufe in Heilerziehungspflege und Sonderpädagogik - komplexe Spezialistentätigkeiten;Pedagogic specialists in social care work and special needs education-complex tasks;3412;Nicht akademische sozialpflegerische Fachkräfte;Social work associate professionals;1;1;
83134;Berufe in Heilerziehungspflege und Sonderpädagogik - hoch komplexe Tätigkeiten;Pedagogic specialists in social care work and special needs education-highly complex tasks;2352;Lehrkräfte im Bereich Sonderpädagogik;Special needs teachers;1;1;
83141;Berufe in der Haus- und Familienpflege - Helfer- und Anlerntätigkeiten;Social care workers specialized in household assistance and family care-unskilled and semiskilled tasks;5322;Haus- und Familienpfleger;Home-based personal care workers;0;2;
83141;Berufe in der Haus- und Familienpflege - Helfer- und Anlerntätigkeiten;Social care workers specialized in household assistance and family care-unskilled and semiskilled tasks;5321;Pflegehelfer;Health care assistants;0;1;
83142;Berufe in der Haus- und Familienpflege - fachlich ausgerichtete Tätigkeiten;Social care workers specialized in household assistance and family care-skilled tasks;5322;Haus- und Familienpfleger;Home-based personal care workers;1;1;
83143;Berufe in der Haus- und Familienpflege - komplexe Spezialistentätigkeiten;Social care workers specialized in household assistance and family care-complex tasks;5322;Haus- und Familienpfleger;Home-based personal care workers;0;2;
83143;Berufe in der Haus- und Familienpflege - komplexe Spezialistentätigkeiten;Social care workers specialized in household assistance and family care-complex tasks;5152;Hauswirtschafter in Privathaushalten;Domestic housekeepers;0;1;
83154;Berufe in der Sozial-, Erziehungs- und Suchtberatung - hoch komplexe Tätigkeiten;Occupations in social, educational and addiction counselling-highly complex tasks;2635;Sozialarbeiter;Social work and counselling professionals;1;1;
83193;Aufsichtskräfte - Erziehung, Sozialarbeit, Heilerziehungspflege;Supervisors in education and social work, and of pedagogic specialists in social care work;1341;Führungskräfte in der Erbringung von Dienstleistungen der Kinderbetreuung;Child care service managers;0;2;
83193;Aufsichtskräfte - Erziehung, Sozialarbeit, Heilerziehungspflege;Supervisors in education and social work, and of pedagogic specialists in social care work;1344;Führungskräfte in der Erbringung von Dienstleistungen der Sozialfürsorge;Social welfare managers;0;1;
83194;Führungskräfte - Erziehung, Sozialarbeit, Heilerziehungspflege;Managers in education and social work, and of pedagogic specialists in social care work;1341;Führungskräfte in der Erbringung von Dienstleistungen der Kinderbetreuung;Child care service managers;0;2;
83194;Führungskräfte - Erziehung, Sozialarbeit, Heilerziehungspflege;Managers in education and social work, and of pedagogic specialists in social care work;1344;Führungskräfte in der Erbringung von Dienstleistungen der Sozialfürsorge;Social welfare managers;0;1;
83211;Berufe in der Hauswirtschaft - Helfer-/Anlerntätigkeiten;Occupations in housekeeping-unskilled/semiskilled tasks;9111;Reinigungspersonal und Hilfskräfte in Privathaushalten;Domestic cleaners and helpers;1;1;
83212;Berufe in der Hauswirtschaft - fachlich ausgerichtete Tätigkeiten;Occupations in housekeeping-skilled tasks;5162;Gesellschafter und Zofen/Kammerdiener;Companions and valets;0;3;
83212;Berufe in der Hauswirtschaft - fachlich ausgerichtete Tätigkeiten;Occupations in housekeeping-skilled tasks;5152;Hauswirtschafter in Privathaushalten;Domestic housekeepers;0;2;
83212;Berufe in der Hauswirtschaft - fachlich ausgerichtete Tätigkeiten;Occupations in housekeeping-skilled tasks;5151;Reinigungs- und Hauswirtschaftsleiter in Büros, Hotels und anderen Einrichtungen;Cleaning and housekeeping supervisors in offices, hotels and other establishments;0;1;
83213;Berufe in der Hauswirtschaft - komplexe Spezialistentätigkeiten;Occupations in housekeeping-complex tasks;5152;Hauswirtschafter in Privathaushalten;Domestic housekeepers;0;2;
83213;Berufe in der Hauswirtschaft - komplexe Spezialistentätigkeiten;Occupations in housekeeping-complex tasks;5151;Reinigungs- und Hauswirtschaftsleiter in Büros, Hotels und anderen Einrichtungen;Cleaning and housekeeping supervisors in offices, hotels and other establishments;0;1;
83223;Berufe in der Verbraucherberatung - komplexe Spezialistentätigkeiten;Occupations in consumer counselling-highly complex tasks;2635;Sozialarbeiter;Social work and counselling professionals;1;1;
83293;Aufsichtskräfte - Hauswirtschaft und Verbraucherberatung;Supervisors in housekeeping and consumer counselling;5152;Hauswirtschafter in Privathaushalten;Domestic housekeepers;0;2;
83293;Aufsichtskräfte - Hauswirtschaft und Verbraucherberatung;Supervisors in housekeeping and consumer counselling;5151;Reinigungs- und Hauswirtschaftsleiter in Büros, Hotels und anderen Einrichtungen;Cleaning and housekeeping supervisors in offices, hotels and other establishments;0;1;
83314;Berufe in der Theologie - hoch komplexe Tätigkeiten;Occupations in theology-highly complex tasks;2636;Geistliche, Seelsorger;Religious professionals;1;1;
83322;Berufe in der Gemeindearbeit - fachlich ausgerichtete Tätigkeiten;Occupations in church community work-skilled tasks;3413;Ordensbrüder/-schwestern und Seelsorgehelfer;Religious associate professionals;1;1;
83323;Berufe in der Gemeindearbeit - komplexe Spezialistentätigkeiten;Occupations in church community work-complex tasks;3413;Ordensbrüder/-schwestern und Seelsorgehelfer;Religious associate professionals;1;1;
83332;Angehörige geistlicher Orden und Mutterhäuser - fachlich ausgerichtete Tätigkeiten;Members of religious orders-skilled tasks;3413;Ordensbrüder/-schwestern und Seelsorgehelfer;Religious associate professionals;1;1;
83333;Angehörige geistlicher Orden und Mutterhäuser - komplexe Spezialistentätigkeiten;Members of religious orders-complex tasks;2636;Geistliche, Seelsorger;Religious professionals;1;1;
83382;Berufe in der Theologie und Gemeindearbeit (sonstige spezifische Tätigkeitsangabe) - fachlich ausgerichtete Tätigkeiten;Occupations in theology and church community work (with specialisation, not elsewhere classified)-skilled tasks;3413;Ordensbrüder/-schwestern und Seelsorgehelfer;Religious associate professionals;1;1;
83383;Berufe in der Theologie und Gemeindearbeit (sonstige spezifische Tätigkeitsangabe) - komplexe Spezialistentätigkeiten;Occupations in theology and church community work (with specialisation, not elsewhere classified)-complex tasks;3412;Nicht akademische sozialpflegerische Fachkräfte;Social work associate professionals;0;2;
83383;Berufe in der Theologie und Gemeindearbeit (sonstige spezifische Tätigkeitsangabe) - komplexe Spezialistentätigkeiten;Occupations in theology and church community work (with specialisation, not elsewhere classified)-complex tasks;3413;Ordensbrüder/-schwestern und Seelsorgehelfer;Religious associate professionals;0;1;
83384;Berufe in der Theologie und Gemeindearbeit (sonstige spezifische Tätigkeitsangabe) - hoch komplexe Tätigkeiten;Occupations in theology and church community work (with specialisation, not elsewhere classified)-highly complex tasks;2636;Geistliche, Seelsorger;Religious professionals;1;1;
83394;Führungskräfte - Theologie und Gemeindearbeit;Managers in theology and church community work;2636;Geistliche, Seelsorger;Religious professionals;1;1;
84114;Lehrkräfte in der Primarstufe - hoch komplexe Tätigkeiten;Teachers in primary education-highly complex tasks;2341;Lehrkräfte im Primarbereich;Primary school teachers;1;1;
84124;Lehrkräfte in der Sekundarstufe - hoch komplexe Tätigkeiten;Teachers in secondary education-highly complex tasks;2330;Lehrkräfte im Sekundarbereich;Secondary education teachers;1;1;
84134;Lehrkräfte an Förderschulen - hoch komplexe Tätigkeiten;Teachers in schools for special needs education-highly complex tasks;2352;Lehrkräfte im Bereich Sonderpädagogik;Special needs teachers;1;1;
84144;Berufe in der Lehrerausbildung - hoch komplexe Tätigkeiten;Occupations in teacher training-highly complex tasks;2351;Pädagogik- und Didaktikspezialisten;Education methods specialists;1;1;
84183;Lehrkräfte an allgemeinbildenden Schulen (sonstige spezifische Tätigkeitsangabe) - komplexe Spezialistentätigkeiten;Teachers in schools of general education (with specialisation, not elsewhere classified)-complex tasks;5312;Lernbetreuer;Teachers' aides;1;1;
84184;Lehrkräfte an allgemeinbildenden Schulen (sonstige spezifische Tätigkeitsangabe) -  hoch komplexe Tätigkeiten;Teachers in schools of general education (with specialisation, not elsewhere classified)-highly complex tasks;2359;Lehrkräfte, anderweitig nicht genannt;Teaching professionals not elsewhere classified;1;1;
84194;Führungskräfte - Allgemeinbildende Schulen;Managers in schools of general education;1345;Führungskräfte in der Erbringung von Dienstleistungen des Bildungswesens;Education managers;1;1;
84213;Lehrkräfte für berufsbildende Fächer - komplexe Spezialistentätigkeiten;Teachers for occupation-specific subjects at vocational schools-complex tasks;2320;Lehrkräfte im Bereich Berufsbildung;Vocational education teachers;1;1;
84214;Lehrkräfte für berufsbildende Fächer - hoch komplexe Tätigkeiten;Teachers for occupation-specific subjects at vocational schools-highly complex tasks;2320;Lehrkräfte im Bereich Berufsbildung;Vocational education teachers;1;1;
84223;Berufe in der betrieblichen Ausbildung und Betriebspädagogik - komplexe Spezialistentätigkeiten;In-company instructors in vocational training-complex tasks;2320;Lehrkräfte im Bereich Berufsbildung;Vocational education teachers;1;1;
84224;Berufe in der betrieblichen Ausbildung und Betriebspädagogik - hoch komplexe Tätigkeiten;In-company instructors in vocational training-highly complex tasks;2320;Lehrkräfte im Bereich Berufsbildung;Vocational education teachers;1;1;
84294;Führungskräfte - Berufsschulen, betriebliche Ausbildung und Betriebspädagogik;Managers in vocational schools and in-company training of apprentices;1345;Führungskräfte in der Erbringung von Dienstleistungen des Bildungswesens;Education managers;1;1;
84304;Berufe in der Hochschullehre und -forschung - hoch komplexe Tätigkeiten;Teachers and researcher at universities and colleges-highly complex tasks;2310;Universitäts- und Hochschullehrer;University and higher education teachers;1;1;
84394;Führungskräfte - Hochschullehre und -forschung;Managers at universities and colleges;1120;Geschäftsführer und Vorstände;Managing directors and chief executives;1;1;
84404;Berufe in der Erwachsenenbildung (ohne Spezialisierung) - hoch komplexe Tätigkeiten;Teachers in adult education (without specialisation)-highly complex tasks;2320;Lehrkräfte im Bereich Berufsbildung;Vocational education teachers;1;1;
84412;Berufe in der Musikpädagogik - fachlich ausgerichtete Tätigkeiten;Occupations in music education-skilled tasks;2354;Sonstige Musiklehrer;Other music teachers;1;1;
84413;Berufe in der Musikpädagogik - komplexe Spezialistentätigkeiten;Occupations in music education-complex tasks;2354;Sonstige Musiklehrer;Other music teachers;1;1;
84414;Berufe in der Musikpädagogik - hoch komplexe Tätigkeiten;Occupations in music education-highly complex tasks;2354;Sonstige Musiklehrer;Other music teachers;1;1;
84424;Berufe in der Religionspädagogik - hoch komplexe Tätigkeiten;Occupations in religious education-highly complex tasks;2636;Geistliche, Seelsorger;Religious professionals;1;1;
84434;Berufe in der Kunst- und Theaterpädagogik - hoch komplexe Tätigkeiten;Occupations in art and theatre education-highly complex tasks;2355;Sonstige Kunstlehrer;Other arts teachers;1;1;
84444;Berufe im IT-Anwendungstraining - hoch komplexe Tätigkeiten;Occupations in IT-application training-highly complex tasks;2356;Ausbilder im Bereich Informationstechnologie;Information technology trainers;1;1;
84454;(Fremd-)Sprachenlehrer/innen - hoch komplexe Tätigkeiten;(Foreign) Language teachers-highly complex tasks;2353;Sonstige Sprachlehrer;Other language teachers;1;1;
84483;Lehrkräfte an außerschulischen Bildungseinrichtungen (sonstige spezifische Tätigkeitsangabe) - komplexe Spezialistentätigkeiten;Teachers at educational institutions other than schools (with specialisation, not elsewhere classified except driving, flying and sports instructors)-complex tasks;2359;Lehrkräfte, anderweitig nicht genannt;Teaching professionals not elsewhere classified;0;1;
84483;Lehrkräfte an außerschulischen Bildungseinrichtungen (sonstige spezifische Tätigkeitsangabe) - komplexe Spezialistentätigkeiten;Teachers at educational institutions other than schools (with specialisation, not elsewhere classified except driving, flying and sports instructors)-complex tasks;3258;Rettungsdienstpersonal;Ambulance workers;0;2;
84484;Lehrkräfte an außerschulischen Bildungseinrichtungen (sonstige spezifische Tätigkeitsangabe) -  hoch komplexe Tätigkeiten;Teachers at educational institutions other than schools (with specialisation, not elsewhere classified except driving, flying and sports instructors)-highly complex tasks;2359;Lehrkräfte, anderweitig nicht genannt;Teaching professionals not elsewhere classified;1;1;
84494;Führungskräfte - Außerschulische Bildungseinrichtungen;Managers at educational institutions other than schools;1345;Führungskräfte in der Erbringung von Dienstleistungen des Bildungswesens;Education managers;1;1;
84503;Sportlehrer/innen (ohne Spezialisierung) - komplexe Spezialistentätigkeiten;Sports instructors (without specialisation)-complex tasks;3422;Sportlehrer, Sporttrainer und Sportfunktionäre;Sports coaches, instructors and officials;1;1;
84504;Sportlehrer/innen (ohne Spezialisierung) - hoch komplexe Tätigkeiten;Sports instructors (without specialisation)-highly complex tasks;3422;Sportlehrer, Sporttrainer und Sportfunktionäre;Sports coaches, instructors and officials;1;1;
84513;Fahrlehrer/innen - komplexe Spezialistentätigkeiten;Driving instructors-complex tasks;5165;Fahrschullehrer;Driving instructors;1;1;
84523;Fluglehrer/innen - komplexe Spezialistentätigkeiten;Flying instructors-complex tasks;3153;Flugzeugführer und verwandte Berufe;Aircraft pilots and related associate professionals;1;1;
84533;Tanzlehrer/innen - komplexe Spezialistentätigkeiten;Dance instructors-complex tasks;2355;Sonstige Kunstlehrer;Other arts teachers;1;1;
84543;Trainer/innen - Ballsportarten - komplexe Spezialistentätigkeiten;Coaches in ball sports-complex tasks;3422;Sportlehrer, Sporttrainer und Sportfunktionäre;Sports coaches, instructors and officials;1;1;
84553;Trainer/innen - Fitness und Gymnastik - komplexe Spezialistentätigkeiten;Trainer in fitness and gymnastics-complex tasks;3423;Trainer und Betreuer im Bereich Fitness und Erholung;Fitness and recreation instructors and program leaders;1;1;
84583;Sportlehrer/innen (sonstige spezifische Tätigkeitsangabe) - komplexe Spezialistentätigkeiten;Sports instructors (with specialisation, not elsewhere classified)-complex tasks;3422;Sportlehrer, Sporttrainer und Sportfunktionäre;Sports coaches, instructors and officials;0;1;
84583;Sportlehrer/innen (sonstige spezifische Tätigkeitsangabe) - komplexe Spezialistentätigkeiten;Sports instructors (with specialisation, not elsewhere classified)-complex tasks;3423;Trainer und Betreuer im Bereich Fitness und Erholung;Fitness and recreation instructors and program leaders;0;2;
91104;Berufe in Sprach- und Literaturwissenschaften (ohne Spezialisierung) - hoch komplexe Tätigkeiten;Occupations in philology (without specialisation)-highly complex tasks;2643;Übersetzer, Dolmetscher und andere Linguisten;Translators, interpreters and other linguists;1;1;
91114;Berufe in der Germanistik - hoch komplexe Tätigkeiten;Occupations in German philology-highly complex tasks;2643;Übersetzer, Dolmetscher und andere Linguisten;Translators, interpreters and other linguists;1;1;
91124;Berufe in der Anglistik und Amerikanistik - hoch komplexe Tätigkeiten;Occupations in English and American philology-highly complex tasks;2643;Übersetzer, Dolmetscher und andere Linguisten;Translators, interpreters and other linguists;1;1;
91134;Berufe in der Romanistik - hoch komplexe Tätigkeiten;Occupations in Romance philology-highly complex tasks;2643;Übersetzer, Dolmetscher und andere Linguisten;Translators, interpreters and other linguists;1;1;
91144;Berufe in der Slawistik und verwandten Bereichen - hoch komplexe Tätigkeiten;Occupations in Slavic philology-highly complex tasks;2643;Übersetzer, Dolmetscher und andere Linguisten;Translators, interpreters and other linguists;1;1;
91154;Berufe in der Arabistik und Orientalistik - hoch komplexe Tätigkeiten;Occupations in Arabic and Oriental philology-highly complex tasks;2643;Übersetzer, Dolmetscher und andere Linguisten;Translators, interpreters and other linguists;1;1;
91164;Berufe in Sprach- und Literaturwissenschaften des asiatischen Raums - hoch komplexe Tätigkeiten;Occupations in Asian philology-highly complex tasks;2643;Übersetzer, Dolmetscher und andere Linguisten;Translators, interpreters and other linguists;1;1;
91174;Berufe in der Altphilologie - hoch komplexe Tätigkeiten;Occupations in Classics-highly complex tasks;2643;Übersetzer, Dolmetscher und andere Linguisten;Translators, interpreters and other linguists;1;1;
91184;Berufe in Sprach- und Literaturwissenschaften (sonstige spezifische Tätigkeitsangabe) -  hoch komplexe Tätigkeiten;Occupations in philology (with specialisation, not elsewhere classified)-highly complex tasks;2643;Übersetzer, Dolmetscher und andere Linguisten;Translators, interpreters and other linguists;1;1;
91214;Berufe in Philosophie, Religion und Ethik - hoch komplexe Tätigkeiten;Occupations in philosophy, religion and ethics-highly complex tasks;2633;Philosophen, Historiker und Politologen;Philosophers, historians and political scientists;1;1;
91224;Berufe in Geschichtswissenschaften - hoch komplexe Tätigkeiten;Occupations in history-highly complex tasks;2633;Philosophen, Historiker und Politologen;Philosophers, historians and political scientists;1;1;
91233;Berufe in der Archäologie - komplexe Spezialistentätigkeiten;Occupations in archaeology-complex tasks;3117;Bergbau- und Hüttentechniker;Mining and metallurgical technicians;1;1;
91234;Berufe in der Archäologie - hoch komplexe Tätigkeiten;Occupations in archaeology-highly complex tasks;2632;Soziologen, Anthropologen und verwandte Wissenschaftler;Sociologists, anthropologists and related professionals;1;1;
91244;Berufe in Medien- und Theaterwissenschaft - hoch komplexe Tätigkeiten;Occupations in media science and theatre studies-highly complex tasks;2632;Soziologen, Anthropologen und verwandte Wissenschaftler;Sociologists, anthropologists and related professionals;1;1;
91254;Berufe in der Regionalwissenschaft - hoch komplexe Tätigkeiten;Occupations in regional science-highly complex tasks;2632;Soziologen, Anthropologen und verwandte Wissenschaftler;Sociologists, anthropologists and related professionals;1;1;
91264;Berufe in der Anthropologie und Ethnologie - hoch komplexe Tätigkeiten;Occupations in anthropology and ethnology-highly complex tasks;2632;Soziologen, Anthropologen und verwandte Wissenschaftler;Sociologists, anthropologists and related professionals;1;1;
91314;Berufe in der Politologie - hoch komplexe Tätigkeiten;Occupations in political science-highly complex tasks;2633;Philosophen, Historiker und Politologen;Philosophers, historians and political scientists;1;1;
91324;Berufe in der Soziologie - hoch komplexe Tätigkeiten;Occupations in sociology-highly complex tasks;2632;Soziologen, Anthropologen und verwandte Wissenschaftler;Sociologists, anthropologists and related professionals;1;1;
91334;Berufe in der Erziehungswissenschaft - hoch komplexe Tätigkeiten;Occupations in pedagogy-highly complex tasks;2351;Pädagogik- und Didaktikspezialisten;Education methods specialists;1;1;
91341;Berufe in der Markt- und Meinungsforschung - Helfer-/Anlerntätigkeiten;Occupations in market and opinion research-unskilled/semiskilled tasks;4227;Interviewer im Bereich Umfragen und Marktforschung;Survey and market research interviewers;0;1;
91341;Berufe in der Markt- und Meinungsforschung - Helfer-/Anlerntätigkeiten;Occupations in market and opinion research-unskilled/semiskilled tasks;7543;Produkttester und -klassierer (ohne Nahrungsmittel und Getränke);Product graders and testers (except foods and beverages);0;2;
91342;Berufe in der Markt- und Meinungsforschung - fachlich ausgerichtete Tätigkeiten;Occupations in market and opinion research-skilled tasks;4312;Bürokräfte in der Statistik, im Finanz- und Versicherungswesen;Statistical, finance and insurance clerks;1;1;
91343;Berufe in der Markt- und Meinungsforschung - komplexe Spezialistentätigkeiten;Occupations in market and opinion research-complex tasks;3314;Nicht akademische statistische, mathematische und verwandte Fachkräfte;Statistical, mathematical and related associate professionals;1;1;
91344;Berufe in der Markt- und Meinungsforschung - hoch komplexe Tätigkeiten;Occupations in market and opinion research-highly complex tasks;2120;Mathematiker, Versicherungsmathematiker und Statistiker;Mathematicians, actuaries and statisticians;1;1;
91354;Berufe in der Demografie - hoch komplexe Tätigkeiten;Occupations in demography-highly complex tasks;2120;Mathematiker, Versicherungsmathematiker und Statistiker;Mathematicians, actuaries and statisticians;1;1;
91384;Berufe in Gesellschaftswissenschaften (sonstige spezifische Tätigkeitsangabe) - hoch komplexe Tätigkeiten;Occupations in the social sciences (with specialisation, not elsewhere classified)-highly complex tasks;2632;Soziologen, Anthropologen und verwandte Wissenschaftler;Sociologists, anthropologists and related professionals;1;1;
91404;Berufe in Wirtschaftswissenschaften (ohne Spezialisierung) - hoch komplexe Tätigkeiten;Occupations in economics (without specialisation)-highly complex tasks;2631;Volkswirtschaftler;Economists;1;1;
91484;Berufe in Wirtschaftswissenschaften (sonstige spezifische Tätigkeitsangabe) - hoch komplexe Tätigkeiten;Occupations in economics (with specialisation, not elsewhere classified)-highly complex tasks;2631;Volkswirtschaftler;Economists;1;1;
92112;Berufe in Werbung und Marketing - fachlich ausgerichtete Tätigkeiten;Occupations in advertising and marketing-skilled tasks;4419;Bürokräfte und verwandte Berufe, anderweitig nicht genannt;Clerical support workers not elsewhere classified;1;1;
92113;Berufe in Werbung und Marketing - komplexe Spezialistentätigkeiten;Occupations in advertising and marketing-complex tasks;2431;Akademische und vergleichbare Fachkräfte in Werbung und Marketing;Advertising and marketing professionals;1;1;
92114;Berufe in Werbung und Marketing - hoch komplexe Tätigkeiten;Occupations in advertising and marketing-highly complex tasks;2431;Akademische und vergleichbare Fachkräfte in Werbung und Marketing;Advertising and marketing professionals;1;1;
92122;Berufe im Dialogmarketing - fachlich ausgerichtete Tätigkeiten;Occupations in dialog marketing-skilled tasks;4222;Kundeninformationsfachkräfte in Call Centers;Contact centre information clerks;0;1;
92122;Berufe im Dialogmarketing - fachlich ausgerichtete Tätigkeiten;Occupations in dialog marketing-skilled tasks;5244;Telefonverkäufer;Contact centre salespersons;0;2;
92123;Berufe im Dialogmarketing - komplexe Spezialistentätigkeiten;Occupations in dialog marketing-complex tasks;3341;Sekretariatsleiter;Office supervisors;1;1;
92133;Berufe im Kundenmanagement - komplexe Spezialistentätigkeiten;Occupations in customer management-highly complex tasks;2433;Akademische und vergleichbare Fachkräfte im Bereich Vertrieb (Technik und Medizin, ohne Informations- und Kommunikationstechnologie);Technical and medical sales professionals (excluding ICT);1;1;
92193;Aufsichtskräfte - Werbung und Marketing;Supervisors in advertising and marketing;2431;Akademische und vergleichbare Fachkräfte in Werbung und Marketing;Advertising and marketing professionals;1;1;
92194;Führungskräfte - Werbung und Marketing;Managers in advertising and marketing;1222;Führungskräfte in Werbung und Öffentlichkeitsarbeit;Advertising and public relations managers;1;1;
92203;Berufe in der Öffentlichkeitsarbeit - komplexe Spezialistentätigkeiten;Occupations in public relations-complex tasks;2432;Akademische und vergleichbare Fachkräfte in der Öffentlichkeitsarbeit;Public relations professionals;1;1;
92204;Berufe in der Öffentlichkeitsarbeit - hoch komplexe Tätigkeiten;Occupations in public relations-highly complex tasks;2432;Akademische und vergleichbare Fachkräfte in der Öffentlichkeitsarbeit;Public relations professionals;1;1;
92294;Führungskräfte - Öffentlichkeitsarbeit;Managers in public relations;1222;Führungskräfte in Werbung und Öffentlichkeitsarbeit;Advertising and public relations managers;1;1;
92302;Verlags- und Medienkaufleute (ohne Spezialisierung) - fachlich ausgerichtete Tätigkeiten;Occupations in publishing and media management (without specialisation)-skilled tasks;4419;Bürokräfte und verwandte Berufe, anderweitig nicht genannt;Clerical support workers not elsewhere classified;1;1;
92303;Verlags- und Medienkaufleute (ohne Spezialisierung) - komplexe Spezialistentätigkeiten;Occupations in publishing and media management (without specialisation)-complex tasks;3343;Sekretariatsfachkräfte in Verwaltung und Geschäftsleitung;Administrative and executive secretaries;1;1;
92304;Verlags- und Medienkaufleute (ohne Spezialisierung) - hoch komplexe Tätigkeiten;Occupations in publishing and media management (without specialisation)-highly complex tasks;2431;Akademische und vergleichbare Fachkräfte in Werbung und Marketing;Advertising and marketing professionals;1;1;
92382;Verlags- und Medienkaufleute (sonstige spezifische Tätigkeitsangabe) - fachlich ausgerichtete Tätigkeiten;Occupations in publishing and media management (other specifc fields)-skilled tasks;4419;Bürokräfte und verwandte Berufe, anderweitig nicht genannt;Clerical support workers not elsewhere classified;1;1;
92383;Verlags- und Medienkaufleute (sonstige spezifische Tätigkeitsangabe) - komplexe Spezialistentätigkeiten;Occupations in publishing and media management (other specifc fields)-complex tasks;3339;Fachkräfte für unternehmensbezogene Dienstleistungen, anderweitig nicht genannt;Business services agents not elsewhere classified;1;1;
92384;Verlags- und Medienkaufleute (sonstige spezifische Tätigkeitsangabe) - hoch komplexe Tätigkeiten;Occupations in publishing and media management (other specifc fields)-highly complex tasks;3339;Fachkräfte für unternehmensbezogene Dienstleistungen, anderweitig nicht genannt;Business services agents not elsewhere classified;1;1;
92394;Führungskräfte - Verlags- und Medienwirtschaft;Managers in publishing and media management;1349;Führungskräfte in der Erbringung von speziellen Dienstleistungen, anderweitig nicht genannt;Professional services managers not elsewhere classified;1;1;
92412;Redakteure/Redakteurinnen und Journalisten/Journalistinnen - fachlich ausgerichtete Tätigkeiten;Editors and journalists-skilled tasks;4419;Bürokräfte und verwandte Berufe, anderweitig nicht genannt;Clerical support workers not elsewhere classified;1;1;
92413;Redakteure/Redakteurinnen und Journalisten/Journalistinnen - komplexe Spezialistentätigkeiten;Editors and journalists-complex tasks;2641;Autoren und verwandte schriftstellerische Berufe;Authors and related writers;0;2;
92413;Redakteure/Redakteurinnen und Journalisten/Journalistinnen - komplexe Spezialistentätigkeiten;Editors and journalists-complex tasks;2642;Journalisten;Journalists;0;1;
92414;Redakteure/Redakteurinnen und Journalisten/Journalistinnen - hoch komplexe Tätigkeiten;Editors and journalists-highly complex tasks;2641;Autoren und verwandte schriftstellerische Berufe;Authors and related writers;0;2;
92414;Redakteure/Redakteurinnen und Journalisten/Journalistinnen - hoch komplexe Tätigkeiten;Editors and journalists-highly complex tasks;2642;Journalisten;Journalists;0;1;
92424;Lektoren/Lektorinnen - hoch komplexe Tätigkeiten;Copy editors-highly complex tasks;2641;Autoren und verwandte schriftstellerische Berufe;Authors and related writers;1;1;
92434;Autoren/Autorinnen und Schriftsteller/innen - hoch komplexe Tätigkeiten;Authors and writers-highly complex tasks;2641;Autoren und verwandte schriftstellerische Berufe;Authors and related writers;1;1;
92494;Führungskräfte - Redaktion und Journalismus;Managers in editorial work and journalism;2642;Journalisten;Journalists;1;1;
93102;Berufe im Produkt- und Industriedesign - fachlich ausgerichtete Tätigkeiten;Occupations in product and industrial design-skilled tasks;2163;Produkt- und Textildesigner;Product and garment designers;1;1;
93103;Berufe im Produkt- und Industriedesign - komplexe Spezialistentätigkeiten;Occupations in product and industrial design-complex tasks;2163;Produkt- und Textildesigner;Product and garment designers;1;1;
93104;Berufe im Produkt- und Industriedesign - hoch komplexe Tätigkeiten;Occupations in product and industrial design-highly complex tasks;2163;Produkt- und Textildesigner;Product and garment designers;1;1;
93212;Berufe in der Innenarchitektur - fachlich ausgerichtete Tätigkeiten;Occupations in interior design-skilled tasks;3432;Raumgestalter und Dekorateure;Interior designers and decorators;1;1;
93213;Berufe in der Innenarchitektur - komplexe Spezialistentätigkeiten;Occupations in interior design-complex tasks;3432;Raumgestalter und Dekorateure;Interior designers and decorators;1;1;
93214;Berufe in der Innenarchitektur - hoch komplexe Tätigkeiten;Occupations in interior design-highly complex tasks;2161;Architekten;Building architects;1;1;
93222;Berufe im visuellen Marketing - fachlich ausgerichtete Tätigkeiten;Occupations in visual marketing-skilled tasks;3432;Raumgestalter und Dekorateure;Interior designers and decorators;1;1;
93223;Berufe im visuellen Marketing - komplexe Spezialistentätigkeiten;Occupations in visual marketing-complex tasks;3432;Raumgestalter und Dekorateure;Interior designers and decorators;1;1;
93232;Berufe in der Raumausstattung - fachlich ausgerichtete Tätigkeiten;Occupations in interior decoration-skilled tasks;3432;Raumgestalter und Dekorateure;Interior designers and decorators;1;1;
93233;Berufe in der Raumausstattung - komplexe Spezialistentätigkeiten;Occupations in interior decoration-complex tasks;3432;Raumgestalter und Dekorateure;Interior designers and decorators;1;1;
93293;Aufsichtskräfte - Innenarchitektur, visuelles Marketing, Raumausstattung;Supervisors in interior design, visual marketing, and interior decoration;3123;Bauleiter;Construction supervisors;1;1;
93302;Berufe in Kunsthandwerk und bildender Kunst (ohne Spezialisierung) - fachlich ausgerichtete Tätigkeiten;Occupations in artisan craftwork and fine arts (without specialisation)-skilled tasks;7319;Kunsthandwerkliche Berufe, anderweitig nicht genannt;Handicraft workers not elsewhere classified;1;1;
93303;Berufe in Kunsthandwerk und bildender Kunst (ohne Spezialisierung) - komplexe Spezialistentätigkeiten;Occupations in artisan craftwork and fine arts (without specialisation)-complex tasks;2651;Bildende Künstler;Visual artists;1;1;
93304;Berufe in Kunsthandwerk und bildender Kunst (ohne Spezialisierung) - hoch komplexe Tätigkeiten;Occupations in artisan craftwork and fine arts (without specialisation)-highly complex tasks;2651;Bildende Künstler;Visual artists;1;1;
93312;Berufe in der Bildhauerei - fachlich ausgerichtete Tätigkeiten;Occupations in sculpting-skilled tasks;7317;Kunsthandwerkliche Berufe für Holz, Korbwaren und verwandte Materialien;Handicraft workers in wood, basketry and related materials;0;1;
93312;Berufe in der Bildhauerei - fachlich ausgerichtete Tätigkeiten;Occupations in sculpting-skilled tasks;7319;Kunsthandwerkliche Berufe, anderweitig nicht genannt;Handicraft workers not elsewhere classified;0;2;
93313;Berufe in der Bildhauerei - komplexe Spezialistentätigkeiten;Occupations in sculpting-complex tasks;2651;Bildende Künstler;Visual artists;1;1;
93323;Kunstmaler/innen und Zeichner/innen - komplexe Spezialistentätigkeiten;Painters and illustrators-highly complex tasks;2651;Bildende Künstler;Visual artists;1;1;
93332;Berufe in der Drechslerei und Spielzeugherstellung - fachlich ausgerichtete Tätigkeiten;Occupations in turnery and toy manufacture-skilled tasks;7317;Kunsthandwerkliche Berufe für Holz, Korbwaren und verwandte Materialien;Handicraft workers in wood, basketry and related materials;1;1;
93333;Berufe in der Drechslerei und Spielzeugherstellung - komplexe Spezialistentätigkeiten;Occupations in turnery and toy manufacture-complex tasks;2163;Produkt- und Textildesigner;Product and garment designers;1;1;
93342;Berufe im Vergolderhandwerk - fachlich ausgerichtete Tätigkeiten;Gilders-skilled tasks;7316;Schildermaler, Dekormaler, Graveure und Ätzer;Sign writers, decorative painters, engravers and etchers;1;1;
93343;Berufe im Vergolderhandwerk - komplexe Spezialistentätigkeiten;Gilders-complex tasks;2651;Bildende Künstler;Visual artists;1;1;
93352;Berufe in der Wachszieherei - fachlich ausgerichtete Tätigkeiten;Chandlers-skilled tasks;7319;Kunsthandwerkliche Berufe, anderweitig nicht genannt;Handicraft workers not elsewhere classified;1;1;
93382;Berufe in Kunsthandwerk und bildender Kunst (sonstige spezifische Tätigkeitsangabe) - fachlich ausgerichtete Tätigkeiten;Occupations in artisan craftwork and fine arts (with specialisation, not elsewhere classified)-skilled tasks;7319;Kunsthandwerkliche Berufe, anderweitig nicht genannt;Handicraft workers not elsewhere classified;1;1;
93383;Berufe in Kunsthandwerk und bildender Kunst (sonstige spezifische Tätigkeitsangabe) - komplexe Spezialistentätigkeiten;Occupations in artisan craftwork and fine arts (with specialisation, not elsewhere classified)-complex tasks;2651;Bildende Künstler;Visual artists;1;1;
93393;Aufsichtskräfte - Kunsthandwerk und bildende Kunst;Supervisors in artisan craftwork and fine arts;3122;Produktionsleiter bei der Herstellung von Waren;Manufacturing supervisors;1;1;
93412;Berufe in der kunsthandwerklichen Keramikgestaltung - fachlich ausgerichtete Tätigkeiten;Artisans designing ceramics-skilled tasks;7314;Keramiker und verwandte Berufe;Potters and related workers;1;1;
93413;Berufe in der kunsthandwerklichen Keramikgestaltung - komplexe Spezialistentätigkeiten;Artisans designing ceramics-complex tasks;2163;Produkt- und Textildesigner;Product and garment designers;1;1;
93422;Berufe in der kunsthandwerklichen Glas-, Keram- und Porzellanmalerei - fachlich ausgerichtete Tätigkeiten;Artisans painting glassware, ceramics and porcelain-skilled tasks;7316;Schildermaler, Dekormaler, Graveure und Ätzer;Sign writers, decorative painters, engravers and etchers;1;1;
93432;Berufe in der kunsthandwerklichen Glasbläserei - fachlich ausgerichtete Tätigkeiten;Artisans working in glass blowing-skilled tasks;7315;Glasmacher, -schneider, -schleifer und -veredler;Glass makers, cutters, grinders and finishers;1;1;
93433;Berufe in der kunsthandwerklichen Glasbläserei - komplexe Spezialistentätigkeiten;Artisans working in glass blowing-complex tasks;2163;Produkt- und Textildesigner;Product and garment designers;1;1;
93493;Aufsichtskräfte - Kunsthandwerkliche Keramik- und Glasgestaltung;Supervisors in artisan craftwork using ceramics and glassware;3122;Produktionsleiter bei der Herstellung von Waren;Manufacturing supervisors;1;1;
93512;Berufe in der kunsthandwerklichen Metallgestaltung - fachlich ausgerichtete Tätigkeiten;Artisans working with metal-skilled tasks;7221;Grobschmiede, Hammerschmiede und Schmiedepresser;Blacksmiths, hammer smiths and forging press workers;1;1;
93513;Berufe in der kunsthandwerklichen Metallgestaltung - komplexe Spezialistentätigkeiten;Artisans working with metal-complex tasks;2163;Produkt- und Textildesigner;Product and garment designers;1;1;
93522;Berufe in der kunsthandwerklichen Schmuckwarenherstellung, Edelstein- und Edelmetallbearbeitung - fachlich ausgerichtete Tätigkeiten;Artisans producing jewellery or working with precious stones and metals-skilled tasks;7313;Schmuckwarenhersteller und Edelmetallbearbeiter;Jewellery and precious metal workers;1;1;
93523;Berufe in der kunsthandwerklichen Schmuckwarenherstellung, Edelstein- und Edelmetallbearbeitung - komplexe Spezialistentätigkeiten;Artisans producing jewellery or working with precious stones and metals-complex tasks;2163;Produkt- und Textildesigner;Product and garment designers;1;1;
93524;Berufe in der kunsthandwerklichen Schmuckwarenherstellung, Edelstein- und Edelmetallbearbeitung - hoch komplexe Tätigkeiten;Artisans producing jewellery or working with precious stones and metals-highly complex tasks;2163;Produkt- und Textildesigner;Product and garment designers;1;1;
93532;Berufe in der Gravur - fachlich ausgerichtete Tätigkeiten;Engravers-skilled tasks;7316;Schildermaler, Dekormaler, Graveure und Ätzer;Sign writers, decorative painters, engravers and etchers;1;1;
93533;Berufe in der Gravur - komplexe Spezialistentätigkeiten;Engravers-complex tasks;3119;Material- und ingenieurtechnische Fachkräfte, anderweitig nicht genannt;Physical and engineering science technicians not elsewhere classified;1;1;
93542;Berufe in der Schilder- und Lichtreklameherstellung - fachlich ausgerichtete Tätigkeiten;Producers of advertising signs and illuminated advertisements-skilled tasks;7316;Schildermaler, Dekormaler, Graveure und Ätzer;Sign writers, decorative painters, engravers and etchers;1;1;
93593;Aufsichtskräfte - Kunsthandwerkliche Metallgestaltung;Supervisors of artisans working with metal;3122;Produktionsleiter bei der Herstellung von Waren;Manufacturing supervisors;1;1;
93602;Berufe im Musikinstrumentenbau (ohne Spezialisierung) - fachlich ausgerichtete Tätigkeiten;Occupations in musical instrument making (without specialisation)-skilled tasks;7312;Musikinstrumentenbauer und -stimmer;Musical instrument makers and tuners;1;1;
93603;Berufe im Musikinstrumentenbau (ohne Spezialisierung) - komplexe Spezialistentätigkeiten;Occupations in musical instrument making (without specialisation)-complex tasks;3119;Material- und ingenieurtechnische Fachkräfte, anderweitig nicht genannt;Physical and engineering science technicians not elsewhere classified;1;1;
93604;Berufe im Musikinstrumentenbau (ohne Spezialisierung) - hoch komplexe Tätigkeiten;Occupations in musical instrument making (without specialisation)-highly complex tasks;2149;Ingenieure, anderweitig nicht genannt;Engineering professionals not elsewhere classified;1;1;
93612;Berufe im Streich- und Zupfinstrumentenbau - fachlich ausgerichtete Tätigkeiten;Occupations making bowed and plucked string instruments-skilled tasks;7312;Musikinstrumentenbauer und -stimmer;Musical instrument makers and tuners;1;1;
93613;Berufe im Streich- und Zupfinstrumentenbau - komplexe Spezialistentätigkeiten;Occupations making bowed and plucked string instruments-complex tasks;3119;Material- und ingenieurtechnische Fachkräfte, anderweitig nicht genannt;Physical and engineering science technicians not elsewhere classified;1;1;
93622;Berufe im Holzblasinstrumentenbau - fachlich ausgerichtete Tätigkeiten;Occupations making woodwind instruments-skilled tasks;7312;Musikinstrumentenbauer und -stimmer;Musical instrument makers and tuners;1;1;
93623;Berufe im Holzblasinstrumentenbau - komplexe Spezialistentätigkeiten;Occupations making woodwind instruments-complex tasks;3119;Material- und ingenieurtechnische Fachkräfte, anderweitig nicht genannt;Physical and engineering science technicians not elsewhere classified;1;1;
93632;Berufe im Metallblasinstrumentenbau - fachlich ausgerichtete Tätigkeiten;Occupations making brass instruments-skilled tasks;7312;Musikinstrumentenbauer und -stimmer;Musical instrument makers and tuners;1;1;
93633;Berufe im Metallblasinstrumentenbau - komplexe Spezialistentätigkeiten;Occupations making brass instruments-complex tasks;3119;Material- und ingenieurtechnische Fachkräfte, anderweitig nicht genannt;Physical and engineering science technicians not elsewhere classified;1;1;
93642;Berufe im Klavier- und Cembalobau - fachlich ausgerichtete Tätigkeiten;Occupations making pianos and harpsichords-skilled tasks;7312;Musikinstrumentenbauer und -stimmer;Musical instrument makers and tuners;1;1;
93643;Berufe im Klavier- und Cembalobau - komplexe Spezialistentätigkeiten;Occupations making pianos and harpsichords-complex tasks;3119;Material- und ingenieurtechnische Fachkräfte, anderweitig nicht genannt;Physical and engineering science technicians not elsewhere classified;1;1;
93652;Berufe im Orgel- und Harmoniumbau - fachlich ausgerichtete Tätigkeiten;Occupations making organs and harmoniums-skilled tasks;7312;Musikinstrumentenbauer und -stimmer;Musical instrument makers and tuners;1;1;
93653;Berufe im Orgel- und Harmoniumbau - komplexe Spezialistentätigkeiten;Occupations making organs and harmoniums-complex tasks;3119;Material- und ingenieurtechnische Fachkräfte, anderweitig nicht genannt;Physical and engineering science technicians not elsewhere classified;1;1;
93682;Berufe im Musikinstrumentenbau (sonstige spezifische Tätigkeitsangabe) - fachlich ausgerichtete Tätigkeiten;Occupations in musical instrument making (with specialisation, not elsewhere classified)-skilled tasks;7312;Musikinstrumentenbauer und -stimmer;Musical instrument makers and tuners;1;1;
93683;Berufe im Musikinstrumentenbau (sonstige spezifische Tätigkeitsangabe) - komplexe Spezialistentätigkeiten;Occupations in musical instrument making (with specialisation, not elsewhere classified)-complex tasks;3119;Material- und ingenieurtechnische Fachkräfte, anderweitig nicht genannt;Physical and engineering science technicians not elsewhere classified;1;1;
93693;Aufsichtskräfte - Musikinstrumentenbau;Supervisors in musical instrument making;3122;Produktionsleiter bei der Herstellung von Waren;Manufacturing supervisors;1;1;
94114;Musiker/innen - hoch komplexe Tätigkeiten;Musicians-highly complex tasks;2652;Musiker, Sänger und Komponisten;Musicians, singers and composers;1;1;
94124;Sänger/innen - hoch komplexe Tätigkeiten;Singers-highly complex tasks;2652;Musiker, Sänger und Komponisten;Musicians, singers and composers;1;1;
94134;Dirigenten/Dirigentinnen - hoch komplexe Tätigkeiten;Conductors-highly complex tasks;2652;Musiker, Sänger und Komponisten;Musicians, singers and composers;1;1;
94144;Komponisten/Komponistinnen - hoch komplexe Tätigkeiten;Composers-highly complex tasks;2652;Musiker, Sänger und Komponisten;Musicians, singers and composers;1;1;
94183;Musik-, Gesangs- und Dirigententätigkeiten (sonstige spezifische Tätigkeitsangabe) - komplexe Spezialistentätigkeiten;Musicians, singers and conductors (with specialisation, not elsewhere classified)-complex tasks;2652;Musiker, Sänger und Komponisten;Musicians, singers and composers;1;1;
94184;Musik-, Gesangs- und Dirigententätigkeiten (sonstige spezifische Tätigkeitsangabe) -  hoch komplexe Tätigkeiten;Musicians, singers and conductors (with specialisation, not elsewhere classified)-highly complex tasks;2652;Musiker, Sänger und Komponisten;Musicians, singers and composers;1;1;
94214;Schauspieler/innen - hoch komplexe Tätigkeiten;Actors-highly complex tasks;2655;Schauspieler;Actors;1;1;
94224;Tänzer/innen und Choreografen/Choreografinnen - hoch komplexe Tätigkeiten;Dancers and choreographers-highly complex tasks;2653;Tänzer und Choreografen;Dancers and choreographers;1;1;
94232;Mannequins, Dressmen und sonstige Models - fachlich ausgerichtete Tätigkeiten;Models-skilled tasks;5241;Mannequins/Dressmen und sonstige Modelle;Fashion and other models;1;1;
94243;Athleten/Athletinnen und Berufssportler/innen - komplexe Spezialistentätigkeiten;Athletes and professional sportspersons-complex tasks;3421;Athleten und Berufssportler;Athletes and sports players;1;1;
94252;Berufe für personenbezogene Dienstleistungen - fachlich ausgerichtete Tätigkeiten;Occupations in personal escort services-skilled tasks;5169;Berufe im Bereich personenbezogener Dienstleistungen, anderweitig nicht genannt;Personal services workers not elsewhere classified;1;1;
94283;Berufe in Schauspiel, Tanz und Bewegungskunst (sonstige spezifische Tätigkeitsangabe) - komplexe Spezialistentätigkeiten;Occupations in acting, dancing, athletics and related occupations (with specialisation, not elsewhere classified)-complex tasks;2659;Bildende und darstellende Künstler, anderweitig nicht genannt;Creative and performing artists not elsewhere classified;0;1;
94283;Berufe in Schauspiel, Tanz und Bewegungskunst (sonstige spezifische Tätigkeitsangabe) - komplexe Spezialistentätigkeiten;Occupations in acting, dancing, athletics and related occupations (with specialisation, not elsewhere classified)-complex tasks;3435;Sonstige Fachkräfte in Gestaltung und Kultur;Artistic and cultural associate professionals not elsewhere classified;0;2;
94303;Berufe in Moderation und Unterhaltung (ohne Spezialisierung) - komplexe Spezialistentätigkeiten;Presenters and entertainers (without specialisation)-complex tasks;2659;Bildende und darstellende Künstler, anderweitig nicht genannt;Creative and performing artists not elsewhere classified;1;1;
94313;Komiker/innen und Kabarettisten/Kabarettistinnen - komplexe Spezialistentätigkeiten;Comedians and cabaret artists-complex tasks;2659;Bildende und darstellende Künstler, anderweitig nicht genannt;Creative and performing artists not elsewhere classified;1;1;
94323;Zauberer/Zauberinnen und Illusionisten/Illusionistinnen - komplexe Spezialistentätigkeiten;Magicians and illusionists-complex tasks;2659;Bildende und darstellende Künstler, anderweitig nicht genannt;Creative and performing artists not elsewhere classified;1;1;
94334;Hörfunk- und Fernsehmoderatoren/-moderatorinnen - hoch komplexe Tätigkeiten;Radio and television presenters-highly complex tasks;2656;Sprecher im Rundfunk, Fernsehen und sonstigen Medien;Announcers on radio, television and other media;1;1;
94342;Berufe im Bereich Glücks- und Wettspiel - fachlich ausgerichtete Tätigkeiten;Occupations in gambling and betting-skilled tasks;4212;Buchmacher, Croupiers und verwandte Berufe im Bereich Glücks- und Wettspiele;Bookmakers, croupiers and related gaming workers;1;1;
94382;Berufe in Moderation und Unterhaltung (sonstige spezifische Tätigkeitsangabe) - fachlich ausgerichtete Tätigkeiten;Occupations in presentation and entertainment (with specialisation, not elsewhere classified)-skilled tasks;5161;Astrologen, Wahrsager und verwandte Berufe;Astrologers, fortune-tellers and related workers;0;2;
94382;Berufe in Moderation und Unterhaltung (sonstige spezifische Tätigkeitsangabe) - fachlich ausgerichtete Tätigkeiten;Occupations in presentation and entertainment (with specialisation, not elsewhere classified)-skilled tasks;2659;Bildende und darstellende Künstler, anderweitig nicht genannt;Creative and performing artists not elsewhere classified;0;3;
94382;Berufe in Moderation und Unterhaltung (sonstige spezifische Tätigkeitsangabe) - fachlich ausgerichtete Tätigkeiten;Occupations in presentation and entertainment (with specialisation, not elsewhere classified)-skilled tasks;2652;Musiker, Sänger und Komponisten;Musicians, singers and composers;0;5;
94382;Berufe in Moderation und Unterhaltung (sonstige spezifische Tätigkeitsangabe) - fachlich ausgerichtete Tätigkeiten;Occupations in presentation and entertainment (with specialisation, not elsewhere classified)-skilled tasks;3435;Sonstige Fachkräfte in Gestaltung und Kultur ;Artistic and cultural associate professionals not elsewhere classified;0;1;
94382;Berufe in Moderation und Unterhaltung (sonstige spezifische Tätigkeitsangabe) - fachlich ausgerichtete Tätigkeiten;Occupations in presentation and entertainment (with specialisation, not elsewhere classified)-skilled tasks;2653;Tänzer und Choreografen;Dancers and choreographers;0;4;
94383;Berufe in Moderation und Unterhaltung (sonstige spezifische Tätigkeitsangabe) - komplexe Spezialistentätigkeiten;Occupations in presentation and entertainment (with specialisation, not elsewhere classified)-complex tasks;5161;Astrologen, Wahrsager und verwandte Berufe;Astrologers, fortune-tellers and related workers;0;2;
94383;Berufe in Moderation und Unterhaltung (sonstige spezifische Tätigkeitsangabe) - komplexe Spezialistentätigkeiten;Occupations in presentation and entertainment (with specialisation, not elsewhere classified)-complex tasks;2659;Bildende und darstellende Künstler, anderweitig nicht genannt;Creative and performing artists not elsewhere classified;0;1;
94402;Berufe in der Theater-, Film- und Fernsehproduktion (ohne Spezialisierung) - fachlich ausgerichtete Tätigkeiten;Occupations in theatre, film and television productions (without specialisation)-skilled tasks;3435;Sonstige Fachkräfte in Gestaltung und Kultur;Artistic and cultural associate professionals not elsewhere classified;1;1;
94403;Berufe in der Theater-, Film- und Fernsehproduktion (ohne Spezialisierung) - komplexe Spezialistentätigkeiten;Occupations in theatre, film and television productions (without specialisation)-complex tasks;3435;Sonstige Fachkräfte in Gestaltung und Kultur;Artistic and cultural associate professionals not elsewhere classified;1;1;
94404;Berufe in der Theater-, Film- und Fernsehproduktion (ohne Spezialisierung) - hoch komplexe Tätigkeiten;Occupations in theatre, film and television productions (without specialisation)-highly complex tasks;2654;Regisseure und Produzenten im Film- und Bühnenbereich sowie in verwandten Bereichen;Film, stage and related directors and producers;1;1;
94413;Berufe in der Regie - komplexe Spezialistentätigkeiten;Occupations in managing theatre, film and television productions-complex tasks;3435;Sonstige Fachkräfte in Gestaltung und Kultur;Artistic and cultural associate professionals not elsewhere classified;1;1;
94414;Berufe in der Regie - hoch komplexe Tätigkeiten;Occupations managing theatre, film and television productions-highly complex tasks;2654;Regisseure und Produzenten im Film- und Bühnenbereich sowie in verwandten Bereichen;Film, stage and related directors and producers;1;1;
94482;Berufe in der Theater-, Film- und Fernsehproduktion (sonstige spezifische Tätigkeitsangabe) - fachlich ausgerichtete Tätigkeiten;Occupations in theatre, film and television productions (with specialisation, not elsewhere classified)-skilled tasks;3435;Sonstige Fachkräfte in Gestaltung und Kultur;Artistic and cultural associate professionals not elsewhere classified;1;1;
94483;Berufe in der Theater-, Film- und Fernsehproduktion (sonstige spezifische Tätigkeitsangabe) - komplexe Spezialistentätigkeiten;Occupations in theatre, film and television productions (with specialisation, not elsewhere classified)-complex tasks;3339;Fachkräfte für unternehmensbezogene Dienstleistungen, anderweitig nicht genannt;Business services agents not elsewhere classified;1;1;
94484;Berufe in der Theater-, Film- und Fernsehproduktion (sonstige spezifische Tätigkeitsangabe) - hoch komplexe Tätigkeiten;Occupations in theatre, film and television productions (with specialisation, not elsewhere classified)-highly complex tasks;2654;Regisseure und Produzenten im Film- und Bühnenbereich sowie in verwandten Bereichen;Film, stage and related directors and producers;1;1;
94493;Aufsichtskräfte - Theater-, Film- und Fernsehproduktion;Supervisors in theatre, film and television productions;2654;Regisseure und Produzenten im Film- und Bühnenbereich sowie in verwandten Bereichen;Film, stage and related directors and producers;1;1;
94494;Führungskräfte - Theater-, Film- und Fernsehproduktion;Managers in theatre, film and television productions;1431;Führungskräfte in der Erbringung von Dienstleistungen im Bereich Sport, Erholung und Kultur;Sports, recreation and cultural centre managers;1;1;
94512;Berufe in der Veranstaltungs- und Bühnentechnik - fachlich ausgerichtete Tätigkeiten;Technical occupation in event technology and stagecraft-skilled tasks;3435;Sonstige Fachkräfte in Gestaltung und Kultur;Artistic and cultural associate professionals not elsewhere classified;0;2;
94512;Berufe in der Veranstaltungs- und Bühnentechnik - fachlich ausgerichtete Tätigkeiten;Technical occupation in event technology and stagecraft-skilled tasks;7115;Zimmerleute und Bautischler;Carpenters and joiners;0;1;
94513;Berufe in der Veranstaltungs- und Bühnentechnik - komplexe Spezialistentätigkeiten;Technical occupation in event technology and stagecraft-complex tasks;3435;Sonstige Fachkräfte in Gestaltung und Kultur;Artistic and cultural associate professionals not elsewhere classified;1;1;
94514;Berufe in der Veranstaltungs- und Bühnentechnik - hoch komplexe Tätigkeiten;Technical occupation in event technology and stagecraft-highly complex tasks;2149;Ingenieure, anderweitig nicht genannt;Engineering professionals not elsewhere classified;1;1;
94522;Berufe in der Kameratechnik - fachlich ausgerichtete Tätigkeiten;Cinematographers, camera assistants, and projectionists-skilled tasks;3521;Techniker für Rundfunk und audiovisuelle Medien;Broadcasting and audio-visual technicians;1;1;
94523;Berufe in der Kameratechnik - komplexe Spezialistentätigkeiten;Cinematographers, camera assistants, and projectionists-complex tasks;3521;Techniker für Rundfunk und audiovisuelle Medien;Broadcasting and audio-visual technicians;1;1;
94532;Berufe in der Bild- und Tontechnik - fachlich ausgerichtete Tätigkeiten;Technical occupations in video and sound production-skilled tasks;3521;Techniker für Rundfunk und audiovisuelle Medien;Broadcasting and audio-visual technicians;1;1;
94533;Berufe in der Bild- und Tontechnik - komplexe Spezialistentätigkeiten;Technical occupations in video and sound production-complex tasks;3521;Techniker für Rundfunk und audiovisuelle Medien;Broadcasting and audio-visual technicians;1;1;
94534;Berufe in der Bild- und Tontechnik - hoch komplexe Tätigkeiten;Technical occupations in video and sound production-highly complex tasks;2654;Regisseure und Produzenten im Film- und Bühnenbereich sowie in verwandten Bereichen;Film, stage and related directors and producers;1;1;
94582;Berufe in der Veranstaltungs-, Kamera- und Tontechnik (sonstige spezifische Tätigkeitsangabe) - fachlich ausgerichtete Tätigkeiten;Occupations in event technology, cinematography, and sound engineering (with specialisation, not elsewhere classified)-skilled tasks;3435;Sonstige Fachkräfte in Gestaltung und Kultur;Artistic and cultural associate professionals not elsewhere classified;1;1;
94593;Aufsichtskräfte - Veranstaltungs-, Kamera- und Tontechnik;Supervisors in event technology, cinematography, and sound engineering;3435;Sonstige Fachkräfte in Gestaltung und Kultur;Artistic and cultural associate professionals not elsewhere classified;1;1;
94612;Berufe in der Bühnen- und Kostümbildnerei - fachlich ausgerichtete Tätigkeiten;Stage and costume designers-skilled tasks;3432;Raumgestalter und Dekorateure;Interior designers and decorators;1;1;
94613;Berufe in der Bühnen- und Kostümbildnerei - komplexe Spezialistentätigkeiten;Stage and costume designers-complex tasks;3432;Raumgestalter und Dekorateure;Interior designers and decorators;1;1;
94614;Berufe in der Bühnen- und Kostümbildnerei - hoch komplexe Tätigkeiten;Stage and costume designers-highly complex tasks;2163;Produkt- und Textildesigner;Product and garment designers;1;1;
94622;Berufe in der Requisite - fachlich ausgerichtete Tätigkeiten;Prop designers-skilled tasks;3435;Sonstige Fachkräfte in Gestaltung und Kultur;Artistic and cultural associate professionals not elsewhere classified;1;1;
94623;Berufe in der Requisite - komplexe Spezialistentätigkeiten;Prop designers-complex tasks;3435;Sonstige Fachkräfte in Gestaltung und Kultur;Artistic and cultural associate professionals not elsewhere classified;1;1;
94693;Aufsichtskräfte - Bühnen- und Kostümbildnerei, Requisite;Supervisors in stage, costume and prop design;3435;Sonstige Fachkräfte in Gestaltung und Kultur;Artistic and cultural associate professionals not elsewhere classified;1;1;
94704;Museumsberufe (ohne Spezialisierung) - hoch komplexe Tätigkeiten;Occupations in museums (without specialisation)-highly complex tasks;2621;Archiv- und Museumswissenschaftler;Archivists and curators;1;1;
94712;Berufe in der Museums- und Ausstellungstechnik - fachlich ausgerichtete Tätigkeiten;Technical occupations in museums and exhibitions-skilled tasks;3433;Fachkräfte in Kunstgalerien, Museen und Bibliotheken;Gallery, museum and library technicians;1;1;
94713;Berufe in der Museums- und Ausstellungstechnik - komplexe Spezialistentätigkeiten;Technical occupations in museums and exhibitions-complex tasks;3433;Fachkräfte in Kunstgalerien, Museen und Bibliotheken;Gallery, museum and library technicians;1;1;
94714;Berufe in der Museums- und Ausstellungstechnik - hoch komplexe Tätigkeiten;Technical occupations in museums and exhibitions-highly complex tasks;2621;Archiv- und Museumswissenschaftler;Archivists and curators;1;1;
94724;Kunstsachverständige - hoch komplexe Tätigkeiten;Art experts-highly complex tasks;3315;Schätzer und Schadensgutachter;Valuers and loss assessors;1;1;
94794;Führungskräfte - Museum;Managers in museum;1349;Führungskräfte in der Erbringung von speziellen Dienstleistungen, anderweitig nicht genannt;Professional services managers not elsewhere classified;1;1;
01104;Offiziere;Commissioned officers;0110;Offiziere in regulären Streitkräften;Commissioned armed forces officers;1;1;
01203;Unteroffiziere mit Portepee;Senior non-commissioned officers and higher;0210;Unteroffiziere in regulären Streitkräften;Non-commissioned armed forces officers;1;1;
01302;Unteroffiziere ohne Portepee;Junior non-commissioned officers;0210;Unteroffiziere in regulären Streitkräften;Non-commissioned armed forces officers;1;1;
01402;Angehörige der regulären Streitkräfte in sonstigen Rängen;Armed forces personnel in other ranks;0310;Angehörige der regulären Streitkräfte in sonstigen Rängen;Armed forces occupations, other ranks;1;1;
;;;;;;;;
Erstellungsdatum: 06.08.2021, DK Statistik;;;;;;;© Statistik der Bundesagentur für Arbeit;