zur Inhaltsübersicht;;;;;;;;;;;;;;;;;;;;;;;;;;;;;;;;;;;;;;;;;;;;;;;;;;;;;;;;;;;;;;;
62361-0030: Bruttomonatsverdienste (ohne Sonderzahlungen) nach beruflichen Tätigkeiten (KldB 2010), April 2023, Vollzeitbeschäftigte, Deutschland insgesamt;;;;;;;;;;;;;;;;;;;;;;;;;;;;;;;;;;;;;;;;;;;;;;;;;;;;;;;;;;;;;;;
Berufliche Tätigkeit (KldB 2010);Bruttomonatsverdienste (ohne Sonderzahlungen);;;;;;;;;;;;;;;;;;;;;;;;;;;;;;;;;;;;;;;;;;;;;;;;;;;;;;;;;;;;;;
;insgesamt;;;;;;;;;;;;;;;;;;;;;;;;;;;;;;;;;;;;;;;;;;;;;;;;;;;;;;;;;;;;;;
;Median;"arithm.
Mittel";;;;;;;;;;;;;;;;;;;;;;;;;;;;;;;;;;;;;;;;;;;;;;;;;;;;;;;;;;;;;
;Euro;;;;;;;;;;;;;;;;;;;;;;;;;;;;;;;;;;;;;;;;;;;;;;;;;;;;;;;;;;;;;;
;;;;;;;;;;;;;;;;;;;;;;;;;;;;;;;;;;;;;;;;;;;;;;;;;;;;;;;;;;;;;;;
Berufshauptgruppen;;;;;;;;;;;;;;;;;;;;;;;;;;;;;;;;;;;;;;;;;;;;;;;;;;;;;;;;;;;;;;;
11 Land-, Tier-, Forstwirtschaftsberufe;2 531;2 779;;;;;;;;;;;;;;;;;;;;;;;;;;;;;;;;;;;;;;;;;;;;;;;;;;;;;;;;;;;;;
12 Gartenbauberufe, Floristik;2 672;2 833;;;;;;;;;;;;;;;;;;;;;;;;;;;;;;;;;;;;;;;;;;;;;;;;;;;;;;;;;;;;;
21 Rohstoffgewinn,Glas-,Keramikverarbeitung;3 181;3 512;;;;;;;;;;;;;;;;;;;;;;;;;;;;;;;;;;;;;;;;;;;;;;;;;;;;;;;;;;;;;
22 Kunststoff- u. Holzherst.,-verarbeitung;2 943;3 125;;;;;;;;;;;;;;;;;;;;;;;;;;;;;;;;;;;;;;;;;;;;;;;;;;;;;;;;;;;;;
23 Papier-,Druckberufe, tech.Mediengestalt.;3 270;3 542;;;;;;;;;;;;;;;;;;;;;;;;;;;;;;;;;;;;;;;;;;;;;;;;;;;;;;;;;;;;;
24 Metallerzeugung,-bearbeitung, Metallbau;3 401;3 560;;;;;;;;;;;;;;;;;;;;;;;;;;;;;;;;;;;;;;;;;;;;;;;;;;;;;;;;;;;;;
25 Maschinen- und Fahrzeugtechnikberufe;3 720;4 061;;;;;;;;;;;;;;;;;;;;;;;;;;;;;;;;;;;;;;;;;;;;;;;;;;;;;;;;;;;;;
26 Mechatronik-, Energie- u. Elektroberufe;3 815;4 232;;;;;;;;;;;;;;;;;;;;;;;;;;;;;;;;;;;;;;;;;;;;;;;;;;;;;;;;;;;;;
27 Techn.Entwickl.Konstr.Produktionssteuer.;5 077;5 494;;;;;;;;;;;;;;;;;;;;;;;;;;;;;;;;;;;;;;;;;;;;;;;;;;;;;;;;;;;;;
28 Textil- und Lederberufe;2 740;3 020;;;;;;;;;;;;;;;;;;;;;;;;;;;;;;;;;;;;;;;;;;;;;;;;;;;;;;;;;;;;;
29 Lebensmittelherstellung u. -verarbeitung;2 724;2 933;;;;;;;;;;;;;;;;;;;;;;;;;;;;;;;;;;;;;;;;;;;;;;;;;;;;;;;;;;;;;
31 Bauplanung,Architektur,Vermessungsberufe;4 534;4 947;;;;;;;;;;;;;;;;;;;;;;;;;;;;;;;;;;;;;;;;;;;;;;;;;;;;;;;;;;;;;
32 Hoch- und Tiefbauberufe;3 149;3 355;;;;;;;;;;;;;;;;;;;;;;;;;;;;;;;;;;;;;;;;;;;;;;;;;;;;;;;;;;;;;
33 (Innen-)Ausbauberufe;2 941;3 050;;;;;;;;;;;;;;;;;;;;;;;;;;;;;;;;;;;;;;;;;;;;;;;;;;;;;;;;;;;;;
34 Gebäude- u. versorgungstechnische Berufe;3 223;3 475;;;;;;;;;;;;;;;;;;;;;;;;;;;;;;;;;;;;;;;;;;;;;;;;;;;;;;;;;;;;;
41 Mathematik-Biologie-Chemie-,Physikberufe;4 313;4 793;;;;;;;;;;;;;;;;;;;;;;;;;;;;;;;;;;;;;;;;;;;;;;;;;;;;;;;;;;;;;
42 Geologie-,Geografie-,Umweltschutzberufe;4 153;4 720;;;;;;;;;;;;;;;;;;;;;;;;;;;;;;;;;;;;;;;;;;;;;;;;;;;;;;;;;;;;;
43 Informatik- und andere IKT-Berufe;5 477;5 816;;;;;;;;;;;;;;;;;;;;;;;;;;;;;;;;;;;;;;;;;;;;;;;;;;;;;;;;;;;;;
51 Verkehr, Logistik (außer Fahrzeugführ.);3 000;3 262;;;;;;;;;;;;;;;;;;;;;;;;;;;;;;;;;;;;;;;;;;;;;;;;;;;;;;;;;;;;;
52 Führer von Fahrzeug- u. Transportgeräten;2 999;3 129;;;;;;;;;;;;;;;;;;;;;;;;;;;;;;;;;;;;;;;;;;;;;;;;;;;;;;;;;;;;;
53 Schutz-,Sicherheits-, Überwachungsberufe;3 859;4 010;;;;;;;;;;;;;;;;;;;;;;;;;;;;;;;;;;;;;;;;;;;;;;;;;;;;;;;;;;;;;
54 Reinigungsberufe;2 493;2 629;;;;;;;;;;;;;;;;;;;;;;;;;;;;;;;;;;;;;;;;;;;;;;;;;;;;;;;;;;;;;
61 Einkaufs-, Vertriebs- und Handelsberufe;4 716;5 412;;;;;;;;;;;;;;;;;;;;;;;;;;;;;;;;;;;;;;;;;;;;;;;;;;;;;;;;;;;;;
62 Verkaufsberufe;2 845;3 342;;;;;;;;;;;;;;;;;;;;;;;;;;;;;;;;;;;;;;;;;;;;;;;;;;;;;;;;;;;;;
63 Tourismus-, Hotel- und Gaststättenberufe;2 634;2 892;;;;;;;;;;;;;;;;;;;;;;;;;;;;;;;;;;;;;;;;;;;;;;;;;;;;;;;;;;;;;
71 Berufe Unternehmensführung,-organisation;4 454;5 544;;;;;;;;;;;;;;;;;;;;;;;;;;;;;;;;;;;;;;;;;;;;;;;;;;;;;;;;;;;;;
72 Finanzdienstl.Rechnungsw.,Steuerberatung;4 724;5 461;;;;;;;;;;;;;;;;;;;;;;;;;;;;;;;;;;;;;;;;;;;;;;;;;;;;;;;;;;;;;
73 Berufe in Recht und Verwaltung;4 019;4 461;;;;;;;;;;;;;;;;;;;;;;;;;;;;;;;;;;;;;;;;;;;;;;;;;;;;;;;;;;;;;
81 Medizinische Gesundheitsberufe;3 751;4 643;;;;;;;;;;;;;;;;;;;;;;;;;;;;;;;;;;;;;;;;;;;;;;;;;;;;;;;;;;;;;
82 Nichtmed.Gesundheit,Körperpfl.,Medizint.;3 201;3 373;;;;;;;;;;;;;;;;;;;;;;;;;;;;;;;;;;;;;;;;;;;;;;;;;;;;;;;;;;;;;
83 Erziehung,soz.,hauswirt.Berufe,Theologie;3 567;3 673;;;;;;;;;;;;;;;;;;;;;;;;;;;;;;;;;;;;;;;;;;;;;;;;;;;;;;;;;;;;;
84 Lehrende und ausbildende Berufe;5 228;5 348;;;;;;;;;;;;;;;;;;;;;;;;;;;;;;;;;;;;;;;;;;;;;;;;;;;;;;;;;;;;;
91 Geistes-Gesellschafts-Wirtschaftswissen.;4 158;4 822;;;;;;;;;;;;;;;;;;;;;;;;;;;;;;;;;;;;;;;;;;;;;;;;;;;;;;;;;;;;;
92 Werbung,Marketing,kaufm,red.Medienberufe;4 584;5 189;;;;;;;;;;;;;;;;;;;;;;;;;;;;;;;;;;;;;;;;;;;;;;;;;;;;;;;;;;;;;
93 Produktdesign, Kunsthandwerk;3 150;3 677;;;;;;;;;;;;;;;;;;;;;;;;;;;;;;;;;;;;;;;;;;;;;;;;;;;;;;;;;;;;;
94 Darstellende, unterhaltende Berufe;4 176;5 409;;;;;;;;;;;;;;;;;;;;;;;;;;;;;;;;;;;;;;;;;;;;;;;;;;;;;;;;;;;;;
01 Angehörige der regulären Streitkräfte;3 231;3 617;;;;;;;;;;;;;;;;;;;;;;;;;;;;;;;;;;;;;;;;;;;;;;;;;;;;;;;;;;;;;
Berufsgruppen;;;;;;;;;;;;;;;;;;;;;;;;;;;;;;;;;;;;;;;;;;;;;;;;;;;;;;;;;;;;;;;
111 Landwirtschaft;2 480;2 721;;;;;;;;;;;;;;;;;;;;;;;;;;;;;;;;;;;;;;;;;;;;;;;;;;;;;;;;;;;;;
112 Tierwirtschaft;2 600;2 856;;;;;;;;;;;;;;;;;;;;;;;;;;;;;;;;;;;;;;;;;;;;;;;;;;;;;;;;;;;;;
113 Pferdewirtschaft;(2 080);(2 224);;;;;;;;;;;;;;;;;;;;;;;;;;;;;;;;;;;;;;;;;;;;;;;;;;;;;;;;;;;;;
114 Fischwirtschaft;/;/;;;;;;;;;;;;;;;;;;;;;;;;;;;;;;;;;;;;;;;;;;;;;;;;;;;;;;;;;;;;;
115 Tierpflege;(2 470);(2 595);;;;;;;;;;;;;;;;;;;;;;;;;;;;;;;;;;;;;;;;;;;;;;;;;;;;;;;;;;;;;
116 Weinbau;(2 719);(3 081);;;;;;;;;;;;;;;;;;;;;;;;;;;;;;;;;;;;;;;;;;;;;;;;;;;;;;;;;;;;;
117 Forst-,Jagdwirtschaft, Landschaftspflege;3 165;3 251;;;;;;;;;;;;;;;;;;;;;;;;;;;;;;;;;;;;;;;;;;;;;;;;;;;;;;;;;;;;;
121 Gartenbau;2 756;2 885;;;;;;;;;;;;;;;;;;;;;;;;;;;;;;;;;;;;;;;;;;;;;;;;;;;;;;;;;;;;;
122 Floristik;2 263;2 319;;;;;;;;;;;;;;;;;;;;;;;;;;;;;;;;;;;;;;;;;;;;;;;;;;;;;;;;;;;;;
211 Berg-, Tagebau und Sprengtechnik;4 489;5 155;;;;;;;;;;;;;;;;;;;;;;;;;;;;;;;;;;;;;;;;;;;;;;;;;;;;;;;;;;;;;
212 Naturstein-,Mineral-,Baustoffherstell.;3 135;3 293;;;;;;;;;;;;;;;;;;;;;;;;;;;;;;;;;;;;;;;;;;;;;;;;;;;;;;;;;;;;;
213 Industrielle Glasherstell.,-verarbeitung;2 978;3 191;;;;;;;;;;;;;;;;;;;;;;;;;;;;;;;;;;;;;;;;;;;;;;;;;;;;;;;;;;;;;
214 Industrielle Keramikherstell.,-verarbeit;3 047;3 163;;;;;;;;;;;;;;;;;;;;;;;;;;;;;;;;;;;;;;;;;;;;;;;;;;;;;;;;;;;;;
221 Kunststoff,Kautschukherstell.,verarbeit;2 912;3 123;;;;;;;;;;;;;;;;;;;;;;;;;;;;;;;;;;;;;;;;;;;;;;;;;;;;;;;;;;;;;
222 Farb- und Lacktechnik;3 215;3 426;;;;;;;;;;;;;;;;;;;;;;;;;;;;;;;;;;;;;;;;;;;;;;;;;;;;;;;;;;;;;
223 Holzbe- und -verarbeitung;2 922;3 052;;;;;;;;;;;;;;;;;;;;;;;;;;;;;;;;;;;;;;;;;;;;;;;;;;;;;;;;;;;;;
231 Papier- und Verpackungstechnik;3 323;3 479;;;;;;;;;;;;;;;;;;;;;;;;;;;;;;;;;;;;;;;;;;;;;;;;;;;;;;;;;;;;;
232 Technische Mediengestaltung;3 425;3 774;;;;;;;;;;;;;;;;;;;;;;;;;;;;;;;;;;;;;;;;;;;;;;;;;;;;;;;;;;;;;
233 Fototechnik und Fotografie;2 950;3 289;;;;;;;;;;;;;;;;;;;;;;;;;;;;;;;;;;;;;;;;;;;;;;;;;;;;;;;;;;;;;
234 Drucktechnik,-weiterverarb.,Buchbinderei;3 000;3 234;;;;;;;;;;;;;;;;;;;;;;;;;;;;;;;;;;;;;;;;;;;;;;;;;;;;;;;;;;;;;
241 Metallerzeugung;3 755;3 860;;;;;;;;;;;;;;;;;;;;;;;;;;;;;;;;;;;;;;;;;;;;;;;;;;;;;;;;;;;;;
242 Metallbearbeitung;3 356;3 491;;;;;;;;;;;;;;;;;;;;;;;;;;;;;;;;;;;;;;;;;;;;;;;;;;;;;;;;;;;;;
243 Metalloberflächenbehandlung;3 270;3 426;;;;;;;;;;;;;;;;;;;;;;;;;;;;;;;;;;;;;;;;;;;;;;;;;;;;;;;;;;;;;
244 Metallbau und Schweißtechnik;3 249;3 454;;;;;;;;;;;;;;;;;;;;;;;;;;;;;;;;;;;;;;;;;;;;;;;;;;;;;;;;;;;;;
245 Feinwerk- und Werkzeugtechnik;3 806;4 035;;;;;;;;;;;;;;;;;;;;;;;;;;;;;;;;;;;;;;;;;;;;;;;;;;;;;;;;;;;;;
251 Maschinenbau- und Betriebstechnik;3 805;4 099;;;;;;;;;;;;;;;;;;;;;;;;;;;;;;;;;;;;;;;;;;;;;;;;;;;;;;;;;;;;;
252 Fahrzeug-Luft-Raumfahrt-,Schiffbautechn.;3 469;3 962;;;;;;;;;;;;;;;;;;;;;;;;;;;;;;;;;;;;;;;;;;;;;;;;;;;;;;;;;;;;;
261 Mechatronik und Automatisierungstechnik;3 852;4 197;;;;;;;;;;;;;;;;;;;;;;;;;;;;;;;;;;;;;;;;;;;;;;;;;;;;;;;;;;;;;
262 Energietechnik;3 613;3 962;;;;;;;;;;;;;;;;;;;;;;;;;;;;;;;;;;;;;;;;;;;;;;;;;;;;;;;;;;;;;
263 Elektrotechnik;4 028;4 473;;;;;;;;;;;;;;;;;;;;;;;;;;;;;;;;;;;;;;;;;;;;;;;;;;;;;;;;;;;;;
271 Technische Forschung und Entwicklung;6 122;6 474;;;;;;;;;;;;;;;;;;;;;;;;;;;;;;;;;;;;;;;;;;;;;;;;;;;;;;;;;;;;;
272 Techn. Zeichnen, Konstruktion, Modellbau;4 270;4 580;;;;;;;;;;;;;;;;;;;;;;;;;;;;;;;;;;;;;;;;;;;;;;;;;;;;;;;;;;;;;
273 Technische Produktionsplanung,-steuerung;4 826;5 296;;;;;;;;;;;;;;;;;;;;;;;;;;;;;;;;;;;;;;;;;;;;;;;;;;;;;;;;;;;;;
281 Textiltechnik und -produktion;2 870;3 177;;;;;;;;;;;;;;;;;;;;;;;;;;;;;;;;;;;;;;;;;;;;;;;;;;;;;;;;;;;;;
282 Textilverarbeitung;2 679;2 932;;;;;;;;;;;;;;;;;;;;;;;;;;;;;;;;;;;;;;;;;;;;;;;;;;;;;;;;;;;;;
283 Leder-, Pelzherstellung u. -verarbeitung;2 689;2 916;;;;;;;;;;;;;;;;;;;;;;;;;;;;;;;;;;;;;;;;;;;;;;;;;;;;;;;;;;;;;
291 Getränkeherstellung;3 640;3 785;;;;;;;;;;;;;;;;;;;;;;;;;;;;;;;;;;;;;;;;;;;;;;;;;;;;;;;;;;;;;
292 Lebensmittel- u. Genussmittelherstellung;2 851;3 093;;;;;;;;;;;;;;;;;;;;;;;;;;;;;;;;;;;;;;;;;;;;;;;;;;;;;;;;;;;;;
293 Speisenzubereitung;2 574;2 728;;;;;;;;;;;;;;;;;;;;;;;;;;;;;;;;;;;;;;;;;;;;;;;;;;;;;;;;;;;;;
311 Bauplanung u. -überwachung, Architektur;4 611;5 014;;;;;;;;;;;;;;;;;;;;;;;;;;;;;;;;;;;;;;;;;;;;;;;;;;;;;;;;;;;;;
312 Vermessung und Kartografie;3 998;4 286;;;;;;;;;;;;;;;;;;;;;;;;;;;;;;;;;;;;;;;;;;;;;;;;;;;;;;;;;;;;;
321 Hochbau;3 033;3 213;;;;;;;;;;;;;;;;;;;;;;;;;;;;;;;;;;;;;;;;;;;;;;;;;;;;;;;;;;;;;
322 Tiefbau;3 454;3 723;;;;;;;;;;;;;;;;;;;;;;;;;;;;;;;;;;;;;;;;;;;;;;;;;;;;;;;;;;;;;
331 Bodenverlegung;2 960;3 010;;;;;;;;;;;;;;;;;;;;;;;;;;;;;;;;;;;;;;;;;;;;;;;;;;;;;;;;;;;;;
332 Maler.,Stuckat.,Bauwerksabd,Bautenschutz;2 854;2 949;;;;;;;;;;;;;;;;;;;;;;;;;;;;;;;;;;;;;;;;;;;;;;;;;;;;;;;;;;;;;
333 Aus-,Trockenbau.Iso.Zimmer.Glas.Roll.bau;3 029;3 173;;;;;;;;;;;;;;;;;;;;;;;;;;;;;;;;;;;;;;;;;;;;;;;;;;;;;;;;;;;;;
341 Gebäudetechnik;3 000;3 131;;;;;;;;;;;;;;;;;;;;;;;;;;;;;;;;;;;;;;;;;;;;;;;;;;;;;;;;;;;;;
342 Klempnerei,Sanitär,Heizung,Klimatechnik;3 290;3 515;;;;;;;;;;;;;;;;;;;;;;;;;;;;;;;;;;;;;;;;;;;;;;;;;;;;;;;;;;;;;
343 Ver- und Entsorgung;3 484;3 850;;;;;;;;;;;;;;;;;;;;;;;;;;;;;;;;;;;;;;;;;;;;;;;;;;;;;;;;;;;;;
411 Mathematik und Statistik;5 750;6 174;;;;;;;;;;;;;;;;;;;;;;;;;;;;;;;;;;;;;;;;;;;;;;;;;;;;;;;;;;;;;
412 Biologie;4 358;4 779;;;;;;;;;;;;;;;;;;;;;;;;;;;;;;;;;;;;;;;;;;;;;;;;;;;;;;;;;;;;;
413 Chemie;4 200;4 724;;;;;;;;;;;;;;;;;;;;;;;;;;;;;;;;;;;;;;;;;;;;;;;;;;;;;;;;;;;;;
414 Physik;4 545;4 965;;;;;;;;;;;;;;;;;;;;;;;;;;;;;;;;;;;;;;;;;;;;;;;;;;;;;;;;;;;;;
421 Geologie, Geografie und Meteorologie;4 526;5 302;;;;;;;;;;;;;;;;;;;;;;;;;;;;;;;;;;;;;;;;;;;;;;;;;;;;;;;;;;;;;
422 Umweltschutztechnik;3 742;3 946;;;;;;;;;;;;;;;;;;;;;;;;;;;;;;;;;;;;;;;;;;;;;;;;;;;;;;;;;;;;;
423 Umweltmanagement und -beratung;4 684;5 019;;;;;;;;;;;;;;;;;;;;;;;;;;;;;;;;;;;;;;;;;;;;;;;;;;;;;;;;;;;;;
431 Informatik;5 281;5 717;;;;;;;;;;;;;;;;;;;;;;;;;;;;;;;;;;;;;;;;;;;;;;;;;;;;;;;;;;;;;
432 IT-Systemanalyse,Anwenderber,IT-Vertrieb;5 642;6 014;;;;;;;;;;;;;;;;;;;;;;;;;;;;;;;;;;;;;;;;;;;;;;;;;;;;;;;;;;;;;
433 IT-Netzwerkt.,-Koord.,-Administr.,-Orga.;5 391;5 770;;;;;;;;;;;;;;;;;;;;;;;;;;;;;;;;;;;;;;;;;;;;;;;;;;;;;;;;;;;;;
434 Softwareentwicklung und Programmierung;5 513;5 781;;;;;;;;;;;;;;;;;;;;;;;;;;;;;;;;;;;;;;;;;;;;;;;;;;;;;;;;;;;;;
511 Tech.Betrieb Eisenb.,Luft,Schiffsverkehr;4 022;4 638;;;;;;;;;;;;;;;;;;;;;;;;;;;;;;;;;;;;;;;;;;;;;;;;;;;;;;;;;;;;;
512 Überwachung,WartungVerkehrsinfrastruktur;3 614;3 755;;;;;;;;;;;;;;;;;;;;;;;;;;;;;;;;;;;;;;;;;;;;;;;;;;;;;;;;;;;;;
513 Lagerwirt.,Post,Zustellung,Güterumschlag;2 870;3 026;;;;;;;;;;;;;;;;;;;;;;;;;;;;;;;;;;;;;;;;;;;;;;;;;;;;;;;;;;;;;
514 Servicekräfte im Personenverkehr;3 117;3 446;;;;;;;;;;;;;;;;;;;;;;;;;;;;;;;;;;;;;;;;;;;;;;;;;;;;;;;;;;;;;
515 Überwachung u. Steuerung Verkehrsbetrieb;3 761;4 481;;;;;;;;;;;;;;;;;;;;;;;;;;;;;;;;;;;;;;;;;;;;;;;;;;;;;;;;;;;;;
516 Kaufleute - Verkehr und Logistik;3 738;4 277;;;;;;;;;;;;;;;;;;;;;;;;;;;;;;;;;;;;;;;;;;;;;;;;;;;;;;;;;;;;;
521 Fahrzeugführung im Straßenverkehr;2 931;2 983;;;;;;;;;;;;;;;;;;;;;;;;;;;;;;;;;;;;;;;;;;;;;;;;;;;;;;;;;;;;;
522 Fahrzeugführung im Eisenbahnverkehr;3 758;3 862;;;;;;;;;;;;;;;;;;;;;;;;;;;;;;;;;;;;;;;;;;;;;;;;;;;;;;;;;;;;;
523 Fahrzeugführung im Flugverkehr;11 234;12 297;;;;;;;;;;;;;;;;;;;;;;;;;;;;;;;;;;;;;;;;;;;;;;;;;;;;;;;;;;;;;
524 Fahrzeugführung im Schiffsverkehr;(4 345);(4 426);;;;;;;;;;;;;;;;;;;;;;;;;;;;;;;;;;;;;;;;;;;;;;;;;;;;;;;;;;;;;
525 Bau- und Transportgeräteführung;3 139;3 283;;;;;;;;;;;;;;;;;;;;;;;;;;;;;;;;;;;;;;;;;;;;;;;;;;;;;;;;;;;;;
531 Obj.-,Pers.-,Brandschutz,Arbeitssicherh.;3 476;3 750;;;;;;;;;;;;;;;;;;;;;;;;;;;;;;;;;;;;;;;;;;;;;;;;;;;;;;;;;;;;;
532 Polizei,Kriminald.,Gerichts,Justizvollz.;4 217;4 284;;;;;;;;;;;;;;;;;;;;;;;;;;;;;;;;;;;;;;;;;;;;;;;;;;;;;;;;;;;;;
533 Gewerbe,Gesundheitsaufsicht,Desinfektion;3 535;3 841;;;;;;;;;;;;;;;;;;;;;;;;;;;;;;;;;;;;;;;;;;;;;;;;;;;;;;;;;;;;;
541 Reinigung;2 493;2 629;;;;;;;;;;;;;;;;;;;;;;;;;;;;;;;;;;;;;;;;;;;;;;;;;;;;;;;;;;;;;
611 Einkauf und Vertrieb;5 044;5 712;;;;;;;;;;;;;;;;;;;;;;;;;;;;;;;;;;;;;;;;;;;;;;;;;;;;;;;;;;;;;
612 Handel;3 602;4 258;;;;;;;;;;;;;;;;;;;;;;;;;;;;;;;;;;;;;;;;;;;;;;;;;;;;;;;;;;;;;
613 Immobilienwirtschaft,Facility-Management;3 850;4 546;;;;;;;;;;;;;;;;;;;;;;;;;;;;;;;;;;;;;;;;;;;;;;;;;;;;;;;;;;;;;
621 Verkauf (ohne Produktspezialisierung);2 979;3 510;;;;;;;;;;;;;;;;;;;;;;;;;;;;;;;;;;;;;;;;;;;;;;;;;;;;;;;;;;;;;
622 Verkauf Bekleid.,Elektro,KFZ,Hartwaren;2 861;3 443;;;;;;;;;;;;;;;;;;;;;;;;;;;;;;;;;;;;;;;;;;;;;;;;;;;;;;;;;;;;;
623 Verkauf von Lebensmitteln;2 393;2 504;;;;;;;;;;;;;;;;;;;;;;;;;;;;;;;;;;;;;;;;;;;;;;;;;;;;;;;;;;;;;
624 Verkauf drog.apotheken.Waren,Medizinbed.;2 800;3 100;;;;;;;;;;;;;;;;;;;;;;;;;;;;;;;;;;;;;;;;;;;;;;;;;;;;;;;;;;;;;
625 Buch-Kunst-Antiquitäten-,Musikfachhandel;2 233;2 425;;;;;;;;;;;;;;;;;;;;;;;;;;;;;;;;;;;;;;;;;;;;;;;;;;;;;;;;;;;;;
631 Tourismus und Sport;3 000;3 325;;;;;;;;;;;;;;;;;;;;;;;;;;;;;;;;;;;;;;;;;;;;;;;;;;;;;;;;;;;;;
632 Hotellerie;2 695;2 977;;;;;;;;;;;;;;;;;;;;;;;;;;;;;;;;;;;;;;;;;;;;;;;;;;;;;;;;;;;;;
633 Gastronomie;2 527;2 719;;;;;;;;;;;;;;;;;;;;;;;;;;;;;;;;;;;;;;;;;;;;;;;;;;;;;;;;;;;;;
634 Veranstaltungsservice, -management;3 335;3 693;;;;;;;;;;;;;;;;;;;;;;;;;;;;;;;;;;;;;;;;;;;;;;;;;;;;;;;;;;;;;
711 Geschäftsführung und Vorstand;7 500;9 132;;;;;;;;;;;;;;;;;;;;;;;;;;;;;;;;;;;;;;;;;;;;;;;;;;;;;;;;;;;;;
712 Angeh. gesetzgeb. Körp., Interessenorg.;5 481;5 937;;;;;;;;;;;;;;;;;;;;;;;;;;;;;;;;;;;;;;;;;;;;;;;;;;;;;;;;;;;;;
713 Unternehmensorganisation und -strategie;5 035;5 859;;;;;;;;;;;;;;;;;;;;;;;;;;;;;;;;;;;;;;;;;;;;;;;;;;;;;;;;;;;;;
714 Büro und Sekretariat;3 500;3 913;;;;;;;;;;;;;;;;;;;;;;;;;;;;;;;;;;;;;;;;;;;;;;;;;;;;;;;;;;;;;
715 Personalwesen und -dienstleistung;4 576;5 291;;;;;;;;;;;;;;;;;;;;;;;;;;;;;;;;;;;;;;;;;;;;;;;;;;;;;;;;;;;;;
721 Versicherungs- u. Finanzdienstleistungen;4 983;5 773;;;;;;;;;;;;;;;;;;;;;;;;;;;;;;;;;;;;;;;;;;;;;;;;;;;;;;;;;;;;;
722 Rechnungswesen, Controlling und Revision;4 595;5 360;;;;;;;;;;;;;;;;;;;;;;;;;;;;;;;;;;;;;;;;;;;;;;;;;;;;;;;;;;;;;
723 Steuerberatung;3 789;4 439;;;;;;;;;;;;;;;;;;;;;;;;;;;;;;;;;;;;;;;;;;;;;;;;;;;;;;;;;;;;;
731 Rechtsberatung, -sprechung und -ordnung;5 453;6 213;;;;;;;;;;;;;;;;;;;;;;;;;;;;;;;;;;;;;;;;;;;;;;;;;;;;;;;;;;;;;
732 Verwaltung;3 968;4 291;;;;;;;;;;;;;;;;;;;;;;;;;;;;;;;;;;;;;;;;;;;;;;;;;;;;;;;;;;;;;
733 Medien-Dokumentations-Informationsdienst;3 942;4 315;;;;;;;;;;;;;;;;;;;;;;;;;;;;;;;;;;;;;;;;;;;;;;;;;;;;;;;;;;;;;
811 Arzt- und Praxishilfe;2 759;2 807;;;;;;;;;;;;;;;;;;;;;;;;;;;;;;;;;;;;;;;;;;;;;;;;;;;;;;;;;;;;;
812 Medizinisches Laboratorium;3 856;4 518;;;;;;;;;;;;;;;;;;;;;;;;;;;;;;;;;;;;;;;;;;;;;;;;;;;;;;;;;;;;;
813 Gesundh.,Krankenpfl.,Rettungsd.Geburtsh.;3 931;4 018;;;;;;;;;;;;;;;;;;;;;;;;;;;;;;;;;;;;;;;;;;;;;;;;;;;;;;;;;;;;;
814 Human- und Zahnmedizin;7 874;9 279;;;;;;;;;;;;;;;;;;;;;;;;;;;;;;;;;;;;;;;;;;;;;;;;;;;;;;;;;;;;;
815 Tiermedizin und Tierheilkunde;4 626;5 196;;;;;;;;;;;;;;;;;;;;;;;;;;;;;;;;;;;;;;;;;;;;;;;;;;;;;;;;;;;;;
816 Psychologie, nichtärztl. Psychotherapie;4 681;4 661;;;;;;;;;;;;;;;;;;;;;;;;;;;;;;;;;;;;;;;;;;;;;;;;;;;;;;;;;;;;;
817 Nicht ärztliche Therapie und Heilkunde;3 050;3 099;;;;;;;;;;;;;;;;;;;;;;;;;;;;;;;;;;;;;;;;;;;;;;;;;;;;;;;;;;;;;
818 Pharmazie;4 550;5 100;;;;;;;;;;;;;;;;;;;;;;;;;;;;;;;;;;;;;;;;;;;;;;;;;;;;;;;;;;;;;
821 Altenpflege;3 557;3 664;;;;;;;;;;;;;;;;;;;;;;;;;;;;;;;;;;;;;;;;;;;;;;;;;;;;;;;;;;;;;
822 Ernährungs-,Gesundheitsberatung,Wellness;(4 016);(4 373);;;;;;;;;;;;;;;;;;;;;;;;;;;;;;;;;;;;;;;;;;;;;;;;;;;;;;;;;;;;;
823 Körperpflege;2 116;2 160;;;;;;;;;;;;;;;;;;;;;;;;;;;;;;;;;;;;;;;;;;;;;;;;;;;;;;;;;;;;;
824 Bestattungswesen;3 304;3 484;;;;;;;;;;;;;;;;;;;;;;;;;;;;;;;;;;;;;;;;;;;;;;;;;;;;;;;;;;;;;
825 Medizin-, Orthopädie- und Rehatechnik;3 100;3 483;;;;;;;;;;;;;;;;;;;;;;;;;;;;;;;;;;;;;;;;;;;;;;;;;;;;;;;;;;;;;
831 Erziehung,Sozialarb.,Heilerziehungspfl.;3 593;3 700;;;;;;;;;;;;;;;;;;;;;;;;;;;;;;;;;;;;;;;;;;;;;;;;;;;;;;;;;;;;;
832 Hauswirtschaft und Verbraucherberatung;2 616;2 798;;;;;;;;;;;;;;;;;;;;;;;;;;;;;;;;;;;;;;;;;;;;;;;;;;;;;;;;;;;;;
833 Theologie und Gemeindearbeit;4 783;4 825;;;;;;;;;;;;;;;;;;;;;;;;;;;;;;;;;;;;;;;;;;;;;;;;;;;;;;;;;;;;;
841 Lehrtätigkeit an allgemeinbild. Schulen;5 310;5 327;;;;;;;;;;;;;;;;;;;;;;;;;;;;;;;;;;;;;;;;;;;;;;;;;;;;;;;;;;;;;
842 Lehrt.berufsb.Fächer,betr.Ausb.,Betr.päd;5 298;5 284;;;;;;;;;;;;;;;;;;;;;;;;;;;;;;;;;;;;;;;;;;;;;;;;;;;;;;;;;;;;;
843 Lehr-,Forschungstätigkeit an Hochschulen;5 600;6 060;;;;;;;;;;;;;;;;;;;;;;;;;;;;;;;;;;;;;;;;;;;;;;;;;;;;;;;;;;;;;
844 Lehrtätigk. außerschul.Bildungseinricht.;3 702;4 192;;;;;;;;;;;;;;;;;;;;;;;;;;;;;;;;;;;;;;;;;;;;;;;;;;;;;;;;;;;;;
845 Fahr-,Sportunterricht außerschul. Bild.;(2 972);(3 500);;;;;;;;;;;;;;;;;;;;;;;;;;;;;;;;;;;;;;;;;;;;;;;;;;;;;;;;;;;;;
911 Sprach-, Literaturwissenschaften;4 911;4 917;;;;;;;;;;;;;;;;;;;;;;;;;;;;;;;;;;;;;;;;;;;;;;;;;;;;;;;;;;;;;
912 Geisteswissenschaften;/;/;;;;;;;;;;;;;;;;;;;;;;;;;;;;;;;;;;;;;;;;;;;;;;;;;;;;;;;;;;;;;
913 Gesellschaftswissenschaften;3 849;4 504;;;;;;;;;;;;;;;;;;;;;;;;;;;;;;;;;;;;;;;;;;;;;;;;;;;;;;;;;;;;;
914 Wirtschaftswissenschaften;5 423;6 284;;;;;;;;;;;;;;;;;;;;;;;;;;;;;;;;;;;;;;;;;;;;;;;;;;;;;;;;;;;;;
921 Werbung und Marketing;4 568;5 216;;;;;;;;;;;;;;;;;;;;;;;;;;;;;;;;;;;;;;;;;;;;;;;;;;;;;;;;;;;;;
922 Öffentlichkeitsarbeit;5 300;5 834;;;;;;;;;;;;;;;;;;;;;;;;;;;;;;;;;;;;;;;;;;;;;;;;;;;;;;;;;;;;;
923 Verlags- und Medienwirtschaft;4 001;4 740;;;;;;;;;;;;;;;;;;;;;;;;;;;;;;;;;;;;;;;;;;;;;;;;;;;;;;;;;;;;;
924 Redaktion und Journalismus;4 609;4 947;;;;;;;;;;;;;;;;;;;;;;;;;;;;;;;;;;;;;;;;;;;;;;;;;;;;;;;;;;;;;
931 Produkt- und Industriedesign;5 130;5 459;;;;;;;;;;;;;;;;;;;;;;;;;;;;;;;;;;;;;;;;;;;;;;;;;;;;;;;;;;;;;
932 Innenarchitektur, Raumausstattung;3 103;3 359;;;;;;;;;;;;;;;;;;;;;;;;;;;;;;;;;;;;;;;;;;;;;;;;;;;;;;;;;;;;;
933 Kunsthandwerk und bildende Kunst;(2 991);(3 371);;;;;;;;;;;;;;;;;;;;;;;;;;;;;;;;;;;;;;;;;;;;;;;;;;;;;;;;;;;;;
934 Kunsthandwerkl. Keramik-, Glasgestaltung;(2 797);(2 774);;;;;;;;;;;;;;;;;;;;;;;;;;;;;;;;;;;;;;;;;;;;;;;;;;;;;;;;;;;;;
935 Kunsthandwerkliche Metallgestaltung;3 000;3 193;;;;;;;;;;;;;;;;;;;;;;;;;;;;;;;;;;;;;;;;;;;;;;;;;;;;;;;;;;;;;
936 Musikinstrumentenbau;2 837;3 051;;;;;;;;;;;;;;;;;;;;;;;;;;;;;;;;;;;;;;;;;;;;;;;;;;;;;;;;;;;;;
941 Musik-, Gesang-, Dirigententätigkeiten;5 070;5 375;;;;;;;;;;;;;;;;;;;;;;;;;;;;;;;;;;;;;;;;;;;;;;;;;;;;;;;;;;;;;
942 Schauspiel, Tanz und Bewegungskunst;4 959;8 636;;;;;;;;;;;;;;;;;;;;;;;;;;;;;;;;;;;;;;;;;;;;;;;;;;;;;;;;;;;;;
943 Moderation und Unterhaltung;/;/;;;;;;;;;;;;;;;;;;;;;;;;;;;;;;;;;;;;;;;;;;;;;;;;;;;;;;;;;;;;;
944 Theater-, Film- und Fernsehproduktion;4 400;5 040;;;;;;;;;;;;;;;;;;;;;;;;;;;;;;;;;;;;;;;;;;;;;;;;;;;;;;;;;;;;;
945 Veranstaltungs-, Kamera-, Tontechnik;3 704;4 164;;;;;;;;;;;;;;;;;;;;;;;;;;;;;;;;;;;;;;;;;;;;;;;;;;;;;;;;;;;;;
946 Bühnen- und Kostümbildnerei, Requisite;3 253;3 585;;;;;;;;;;;;;;;;;;;;;;;;;;;;;;;;;;;;;;;;;;;;;;;;;;;;;;;;;;;;;
947 Museumstechnik und -management;(4 200);(4 230);;;;;;;;;;;;;;;;;;;;;;;;;;;;;;;;;;;;;;;;;;;;;;;;;;;;;;;;;;;;;
011 Offiziere;5 330;5 564;;;;;;;;;;;;;;;;;;;;;;;;;;;;;;;;;;;;;;;;;;;;;;;;;;;;;;;;;;;;;
012 Unteroffiziere mit Portepee;3 785;3 815;;;;;;;;;;;;;;;;;;;;;;;;;;;;;;;;;;;;;;;;;;;;;;;;;;;;;;;;;;;;;
013 Unteroffiziere ohne Portepee;3 029;3 089;;;;;;;;;;;;;;;;;;;;;;;;;;;;;;;;;;;;;;;;;;;;;;;;;;;;;;;;;;;;;
014 Angeh. reguläre Streitkräfte sonst.Ränge;2 627;2 704;;;;;;;;;;;;;;;;;;;;;;;;;;;;;;;;;;;;;;;;;;;;;;;;;;;;;;;;;;;;;
Berufsgattungen;;;;;;;;;;;;;;;;;;;;;;;;;;;;;;;;;;;;;;;;;;;;;;;;;;;;;;;;;;;;;;;
11101 Landwirtschaft (o.S.) - Helfer;2 222;2 282;;;;;;;;;;;;;;;;;;;;;;;;;;;;;;;;;;;;;;;;;;;;;;;;;;;;;;;;;;;;;
11102 Landwirtschaft (o.S.) - Fachkraft;2 550;2 609;;;;;;;;;;;;;;;;;;;;;;;;;;;;;;;;;;;;;;;;;;;;;;;;;;;;;;;;;;;;;
11103 Landwirtschaft (o.S.) - Spezialist;/;/;;;;;;;;;;;;;;;;;;;;;;;;;;;;;;;;;;;;;;;;;;;;;;;;;;;;;;;;;;;;;
11104 Landwirtschaft (o.S.) - Experte;(5 331);(5 791);;;;;;;;;;;;;;;;;;;;;;;;;;;;;;;;;;;;;;;;;;;;;;;;;;;;;;;;;;;;;
11113 Landtechnik - Spezialist;(3 447);(3 848);;;;;;;;;;;;;;;;;;;;;;;;;;;;;;;;;;;;;;;;;;;;;;;;;;;;;;;;;;;;;
11114 Landtechnik - Experte;/;/;;;;;;;;;;;;;;;;;;;;;;;;;;;;;;;;;;;;;;;;;;;;;;;;;;;;;;;;;;;;;
11123 Landwirtsch.Sachverständige - Spezialist;/;/;;;;;;;;;;;;;;;;;;;;;;;;;;;;;;;;;;;;;;;;;;;;;;;;;;;;;;;;;;;;;
11124 Landwirtschaftl. Sachverständige-Experte;(8 500);(9 916);;;;;;;;;;;;;;;;;;;;;;;;;;;;;;;;;;;;;;;;;;;;;;;;;;;;;;;;;;;;;
11132 Landwirtsch.-tech.Laboratorium-Fachkraft;3 352;3 386;;;;;;;;;;;;;;;;;;;;;;;;;;;;;;;;;;;;;;;;;;;;;;;;;;;;;;;;;;;;;
11133 Landwirtsch.-tech.Laborat.-Spezialist;(4 920);(4 745);;;;;;;;;;;;;;;;;;;;;;;;;;;;;;;;;;;;;;;;;;;;;;;;;;;;;;;;;;;;;
11182 Landwirtschaft (s.s.T.) - Fachkraft;2 630;2 763;;;;;;;;;;;;;;;;;;;;;;;;;;;;;;;;;;;;;;;;;;;;;;;;;;;;;;;;;;;;;
11183 Landwirtschaft (s.s.T.) - Spezialist;(4 276);(4 864);;;;;;;;;;;;;;;;;;;;;;;;;;;;;;;;;;;;;;;;;;;;;;;;;;;;;;;;;;;;;
11184 Landwirtschaft (s.s.T.) - Experte;(4 850);(5 342);;;;;;;;;;;;;;;;;;;;;;;;;;;;;;;;;;;;;;;;;;;;;;;;;;;;;;;;;;;;;
11193 Aufsicht - Landwirtschaft;(3 000);(3 227);;;;;;;;;;;;;;;;;;;;;;;;;;;;;;;;;;;;;;;;;;;;;;;;;;;;;;;;;;;;;
11194 Führung - Landwirtschaft;/;/;;;;;;;;;;;;;;;;;;;;;;;;;;;;;;;;;;;;;;;;;;;;;;;;;;;;;;;;;;;;;
11211 Nutztierhaltung - Helfer;2 306;2 430;;;;;;;;;;;;;;;;;;;;;;;;;;;;;;;;;;;;;;;;;;;;;;;;;;;;;;;;;;;;;
11212 Nutztierhaltung - Fachkraft;2 527;2 618;;;;;;;;;;;;;;;;;;;;;;;;;;;;;;;;;;;;;;;;;;;;;;;;;;;;;;;;;;;;;
11213 Nutztierhaltung - Spezialist;3 802;4 034;;;;;;;;;;;;;;;;;;;;;;;;;;;;;;;;;;;;;;;;;;;;;;;;;;;;;;;;;;;;;
11214 Nutztierhaltung - Experte;(1 968);(3 326);;;;;;;;;;;;;;;;;;;;;;;;;;;;;;;;;;;;;;;;;;;;;;;;;;;;;;;;;;;;;
11222 Geflügelhaltung - Fachkraft;(4 451);(3 790);;;;;;;;;;;;;;;;;;;;;;;;;;;;;;;;;;;;;;;;;;;;;;;;;;;;;;;;;;;;;
11223 Geflügelhaltung - Spezialist;.;.;;;;;;;;;;;;;;;;;;;;;;;;;;;;;;;;;;;;;;;;;;;;;;;;;;;;;;;;;;;;;
11232 Imkerei - Fachkraft;2 326;2 270;;;;;;;;;;;;;;;;;;;;;;;;;;;;;;;;;;;;;;;;;;;;;;;;;;;;;;;;;;;;;
11233 Imkerei - Spezialist;.;.;;;;;;;;;;;;;;;;;;;;;;;;;;;;;;;;;;;;;;;;;;;;;;;;;;;;;;;;;;;;;
11282 Tierwirtschaft (s.s.T.) - Fachkraft;.;.;;;;;;;;;;;;;;;;;;;;;;;;;;;;;;;;;;;;;;;;;;;;;;;;;;;;;;;;;;;;;
11283 Tierwirtschaft (s.s.T.) - Spezialist;/;/;;;;;;;;;;;;;;;;;;;;;;;;;;;;;;;;;;;;;;;;;;;;;;;;;;;;;;;;;;;;;
11293 Aufsicht - Tierwirtschaft;/;/;;;;;;;;;;;;;;;;;;;;;;;;;;;;;;;;;;;;;;;;;;;;;;;;;;;;;;;;;;;;;
11294 Führung - Tierwirtschaft;(4 000);(4 022);;;;;;;;;;;;;;;;;;;;;;;;;;;;;;;;;;;;;;;;;;;;;;;;;;;;;;;;;;;;;
11302 Pferdewirtschaft (o.S.) - Fachkraft;(1 975);(2 047);;;;;;;;;;;;;;;;;;;;;;;;;;;;;;;;;;;;;;;;;;;;;;;;;;;;;;;;;;;;;
11312 Pferdewirtschaft-Pferdezucht - Fachkraft;/;/;;;;;;;;;;;;;;;;;;;;;;;;;;;;;;;;;;;;;;;;;;;;;;;;;;;;;;;;;;;;;
11322 Pferdewirtschaft-Reiten - Fachkraft;/;/;;;;;;;;;;;;;;;;;;;;;;;;;;;;;;;;;;;;;;;;;;;;;;;;;;;;;;;;;;;;;
11333 Hufbeschlagschmiede/innen - Spezialist;.;.;;;;;;;;;;;;;;;;;;;;;;;;;;;;;;;;;;;;;;;;;;;;;;;;;;;;;;;;;;;;;
11342 Kutscher/innen - Fachkraft;2 852;2 853;;;;;;;;;;;;;;;;;;;;;;;;;;;;;;;;;;;;;;;;;;;;;;;;;;;;;;;;;;;;;
11393 Aufsicht - Pferdewirtschaft;.;.;;;;;;;;;;;;;;;;;;;;;;;;;;;;;;;;;;;;;;;;;;;;;;;;;;;;;;;;;;;;;
11394 Führung - Pferdewirtschaft;.;.;;;;;;;;;;;;;;;;;;;;;;;;;;;;;;;;;;;;;;;;;;;;;;;;;;;;;;;;;;;;;
11401 Fischwirtschaft (o.S.) - Helfer;(1 685);(1 886);;;;;;;;;;;;;;;;;;;;;;;;;;;;;;;;;;;;;;;;;;;;;;;;;;;;;;;;;;;;;
11402 Fischwirtschaft (o.S.) - Fachkraft;(2 588);(2 855);;;;;;;;;;;;;;;;;;;;;;;;;;;;;;;;;;;;;;;;;;;;;;;;;;;;;;;;;;;;;
11412 Fischzucht - Fachkraft;2 800;3 182;;;;;;;;;;;;;;;;;;;;;;;;;;;;;;;;;;;;;;;;;;;;;;;;;;;;;;;;;;;;;
11422 Fischerei - Fachkraft;/;/;;;;;;;;;;;;;;;;;;;;;;;;;;;;;;;;;;;;;;;;;;;;;;;;;;;;;;;;;;;;;
11423 Fischerei - Spezialist;.;.;;;;;;;;;;;;;;;;;;;;;;;;;;;;;;;;;;;;;;;;;;;;;;;;;;;;;;;;;;;;;
11424 Fischerei - Experte;.;.;;;;;;;;;;;;;;;;;;;;;;;;;;;;;;;;;;;;;;;;;;;;;;;;;;;;;;;;;;;;;
11493 Aufsicht - Fischwirtschaft;3 864;3 536;;;;;;;;;;;;;;;;;;;;;;;;;;;;;;;;;;;;;;;;;;;;;;;;;;;;;;;;;;;;;
11494 Führung - Fischwirtschaft;.;.;;;;;;;;;;;;;;;;;;;;;;;;;;;;;;;;;;;;;;;;;;;;;;;;;;;;;;;;;;;;;
11501 Tierpflege (o.S.) - Helfer;2 676;2 724;;;;;;;;;;;;;;;;;;;;;;;;;;;;;;;;;;;;;;;;;;;;;;;;;;;;;;;;;;;;;
11502 Tierpflege (o.S.) - Fachkraft;2 995;3 040;;;;;;;;;;;;;;;;;;;;;;;;;;;;;;;;;;;;;;;;;;;;;;;;;;;;;;;;;;;;;
11512 Nutztierpflege - Fachkraft;2 254;2 427;;;;;;;;;;;;;;;;;;;;;;;;;;;;;;;;;;;;;;;;;;;;;;;;;;;;;;;;;;;;;
11522 Haus-, Zootierpflege - Fachkraft;/;/;;;;;;;;;;;;;;;;;;;;;;;;;;;;;;;;;;;;;;;;;;;;;;;;;;;;;;;;;;;;;
11582 Tierpflege (s.s.T.) - Fachkraft;3 280;3 315;;;;;;;;;;;;;;;;;;;;;;;;;;;;;;;;;;;;;;;;;;;;;;;;;;;;;;;;;;;;;
11593 Aufsicht - Tierpflege;(3 475);(3 687);;;;;;;;;;;;;;;;;;;;;;;;;;;;;;;;;;;;;;;;;;;;;;;;;;;;;;;;;;;;;
11594 Führung - Tierpflege;/;/;;;;;;;;;;;;;;;;;;;;;;;;;;;;;;;;;;;;;;;;;;;;;;;;;;;;;;;;;;;;;
11602 Weinbau - Fachkraft;(2 700);(2 854);;;;;;;;;;;;;;;;;;;;;;;;;;;;;;;;;;;;;;;;;;;;;;;;;;;;;;;;;;;;;
11603 Weinbau - Spezialist;(3 390);(3 503);;;;;;;;;;;;;;;;;;;;;;;;;;;;;;;;;;;;;;;;;;;;;;;;;;;;;;;;;;;;;
11604 Weinbau - Experte;/;/;;;;;;;;;;;;;;;;;;;;;;;;;;;;;;;;;;;;;;;;;;;;;;;;;;;;;;;;;;;;;
11693 Aufsicht - Weinbau;.;.;;;;;;;;;;;;;;;;;;;;;;;;;;;;;;;;;;;;;;;;;;;;;;;;;;;;;;;;;;;;;
11694 Führung - Weinbau;.;.;;;;;;;;;;;;;;;;;;;;;;;;;;;;;;;;;;;;;;;;;;;;;;;;;;;;;;;;;;;;;
11711 Forstwirtschaft - Helfer;(2 673);(2 704);;;;;;;;;;;;;;;;;;;;;;;;;;;;;;;;;;;;;;;;;;;;;;;;;;;;;;;;;;;;;
11712 Forstwirtschaft - Fachkraft;3 322;3 329;;;;;;;;;;;;;;;;;;;;;;;;;;;;;;;;;;;;;;;;;;;;;;;;;;;;;;;;;;;;;
11713 Forstwirtschaft - Spezialist;4 958;4 979;;;;;;;;;;;;;;;;;;;;;;;;;;;;;;;;;;;;;;;;;;;;;;;;;;;;;;;;;;;;;
11714 Forstwirtschaft - Experte;5 084;5 179;;;;;;;;;;;;;;;;;;;;;;;;;;;;;;;;;;;;;;;;;;;;;;;;;;;;;;;;;;;;;
11722 Natur-, Landschaftspflege - Fachkraft;3 006;3 121;;;;;;;;;;;;;;;;;;;;;;;;;;;;;;;;;;;;;;;;;;;;;;;;;;;;;;;;;;;;;
11723 Natur-, Landschaftspflege - Spezialist;/;/;;;;;;;;;;;;;;;;;;;;;;;;;;;;;;;;;;;;;;;;;;;;;;;;;;;;;;;;;;;;;
11724 Natur-, Landschaftspflege - Experte;(4 852);(4 861);;;;;;;;;;;;;;;;;;;;;;;;;;;;;;;;;;;;;;;;;;;;;;;;;;;;;;;;;;;;;
11732 Jagdwirtschaft, Wildhege - Fachkraft;(2 850);(3 065);;;;;;;;;;;;;;;;;;;;;;;;;;;;;;;;;;;;;;;;;;;;;;;;;;;;;;;;;;;;;
11742 Sammeln von Naturprodukten - Fachkraft;.;.;;;;;;;;;;;;;;;;;;;;;;;;;;;;;;;;;;;;;;;;;;;;;;;;;;;;;;;;;;;;;
11793 Aufsicht - Forst,Jagd, Landschaftspflege;3 589;3 648;;;;;;;;;;;;;;;;;;;;;;;;;;;;;;;;;;;;;;;;;;;;;;;;;;;;;;;;;;;;;
11794 Führung - Forst,Jagd, Landschaftspflege;5 000;5 032;;;;;;;;;;;;;;;;;;;;;;;;;;;;;;;;;;;;;;;;;;;;;;;;;;;;;;;;;;;;;
12101 Gartenbau (o.S.) - Helfer;2 444;2 437;;;;;;;;;;;;;;;;;;;;;;;;;;;;;;;;;;;;;;;;;;;;;;;;;;;;;;;;;;;;;
12102 Berufe im Gartenbau (o.S.) - Fachkraft;2 925;2 980;;;;;;;;;;;;;;;;;;;;;;;;;;;;;;;;;;;;;;;;;;;;;;;;;;;;;;;;;;;;;
12103 Berufe im Gartenbau (o.S.) - Spezialist;/;/;;;;;;;;;;;;;;;;;;;;;;;;;;;;;;;;;;;;;;;;;;;;;;;;;;;;;;;;;;;;;
12104 Berufe im Gartenbau (o.S.) - Experte;(4 400);(4 966);;;;;;;;;;;;;;;;;;;;;;;;;;;;;;;;;;;;;;;;;;;;;;;;;;;;;;;;;;;;;
12112 Berufe im Obst-, Gemüsebau - Fachkraft;2 430;2 501;;;;;;;;;;;;;;;;;;;;;;;;;;;;;;;;;;;;;;;;;;;;;;;;;;;;;;;;;;;;;
12113 Berufe im Obst-, Gemüsebau - Spezialist;.;.;;;;;;;;;;;;;;;;;;;;;;;;;;;;;;;;;;;;;;;;;;;;;;;;;;;;;;;;;;;;;
12122 BaumschuleStauden,Zierpflanzen-Fachkraft;2 640;2 749;;;;;;;;;;;;;;;;;;;;;;;;;;;;;;;;;;;;;;;;;;;;;;;;;;;;;;;;;;;;;
12123 BaumschuleStaudenZierpflanzen-Spezialist;(3 527);(3 797);;;;;;;;;;;;;;;;;;;;;;;;;;;;;;;;;;;;;;;;;;;;;;;;;;;;;;;;;;;;;
12132 Friedhofsgärtnerei - Fachkraft;(2 298);(2 616);;;;;;;;;;;;;;;;;;;;;;;;;;;;;;;;;;;;;;;;;;;;;;;;;;;;;;;;;;;;;
12133 Friedhofsgärtnerei - Spezialist;.;.;;;;;;;;;;;;;;;;;;;;;;;;;;;;;;;;;;;;;;;;;;;;;;;;;;;;;;;;;;;;;
12142 GartenLandschaftsSportplatzb.-Fachkraft;2 876;3 045;;;;;;;;;;;;;;;;;;;;;;;;;;;;;;;;;;;;;;;;;;;;;;;;;;;;;;;;;;;;;
12143 GartenLandschaftsSportplatzb.-Spezialist;(2 767);(3 143);;;;;;;;;;;;;;;;;;;;;;;;;;;;;;;;;;;;;;;;;;;;;;;;;;;;;;;;;;;;;
12144 Garten-Landschafts,Sportplatzbau-Experte;3 753;4 034;;;;;;;;;;;;;;;;;;;;;;;;;;;;;;;;;;;;;;;;;;;;;;;;;;;;;;;;;;;;;
12193 Aufsicht - Gartenbau;(4 049);(4 370);;;;;;;;;;;;;;;;;;;;;;;;;;;;;;;;;;;;;;;;;;;;;;;;;;;;;;;;;;;;;
12194 Führung - Gartenbau;/;/;;;;;;;;;;;;;;;;;;;;;;;;;;;;;;;;;;;;;;;;;;;;;;;;;;;;;;;;;;;;;
12202 Floristik - Fachkraft;2 250;2 172;;;;;;;;;;;;;;;;;;;;;;;;;;;;;;;;;;;;;;;;;;;;;;;;;;;;;;;;;;;;;
12203 Floristik - Spezialist;.;.;;;;;;;;;;;;;;;;;;;;;;;;;;;;;;;;;;;;;;;;;;;;;;;;;;;;;;;;;;;;;
12293 Aufsicht - Floristik;.;.;;;;;;;;;;;;;;;;;;;;;;;;;;;;;;;;;;;;;;;;;;;;;;;;;;;;;;;;;;;;;
12294 Führung - Floristik;3 366;4 315;;;;;;;;;;;;;;;;;;;;;;;;;;;;;;;;;;;;;;;;;;;;;;;;;;;;;;;;;;;;;
21111 Berg- und Tagebau - Helfer;/;/;;;;;;;;;;;;;;;;;;;;;;;;;;;;;;;;;;;;;;;;;;;;;;;;;;;;;;;;;;;;;
21112 Berg- und Tagebau - Fachkraft;4 282;4 640;;;;;;;;;;;;;;;;;;;;;;;;;;;;;;;;;;;;;;;;;;;;;;;;;;;;;;;;;;;;;
21113 Berg- und Tagebau - Spezialist;5 524;5 908;;;;;;;;;;;;;;;;;;;;;;;;;;;;;;;;;;;;;;;;;;;;;;;;;;;;;;;;;;;;;
21114 Berg- und Tagebau - Experte;7 542;8 093;;;;;;;;;;;;;;;;;;;;;;;;;;;;;;;;;;;;;;;;;;;;;;;;;;;;;;;;;;;;;
21122 Sprengtechnik - Fachkraft;3 823;3 778;;;;;;;;;;;;;;;;;;;;;;;;;;;;;;;;;;;;;;;;;;;;;;;;;;;;;;;;;;;;;
21123 Sprengtechnik - Spezialist;2 850;3 211;;;;;;;;;;;;;;;;;;;;;;;;;;;;;;;;;;;;;;;;;;;;;;;;;;;;;;;;;;;;;
21124 Sprengtechnik - Experte;(5 284);(6 464);;;;;;;;;;;;;;;;;;;;;;;;;;;;;;;;;;;;;;;;;;;;;;;;;;;;;;;;;;;;;
21193 Aufsicht -Berg-,Tagebau, Sprengtechnik;5 734;5 832;;;;;;;;;;;;;;;;;;;;;;;;;;;;;;;;;;;;;;;;;;;;;;;;;;;;;;;;;;;;;
21194 Führung -Berg-,Tagebau, Sprengtechnik;6 450;7 293;;;;;;;;;;;;;;;;;;;;;;;;;;;;;;;;;;;;;;;;;;;;;;;;;;;;;;;;;;;;;
21201 Naturstein,Baustoffherstell (o.S)-Helfer;3 089;3 157;;;;;;;;;;;;;;;;;;;;;;;;;;;;;;;;;;;;;;;;;;;;;;;;;;;;;;;;;;;;;
21212 Naturstein-,Mineralaufbereit.-Fachkraft;3 050;3 214;;;;;;;;;;;;;;;;;;;;;;;;;;;;;;;;;;;;;;;;;;;;;;;;;;;;;;;;;;;;;
21213 Naturstein-,Mineralaufbereit.-Spezialist;/;/;;;;;;;;;;;;;;;;;;;;;;;;;;;;;;;;;;;;;;;;;;;;;;;;;;;;;;;;;;;;;
21222 Baustoffherstellung - Fachkraft;3 263;3 391;;;;;;;;;;;;;;;;;;;;;;;;;;;;;;;;;;;;;;;;;;;;;;;;;;;;;;;;;;;;;
21223 Baustoffherstellung - Spezialist;(4 911);(5 619);;;;;;;;;;;;;;;;;;;;;;;;;;;;;;;;;;;;;;;;;;;;;;;;;;;;;;;;;;;;;
21232 Steinmetztechnik - Fachkraft;2 757;2 891;;;;;;;;;;;;;;;;;;;;;;;;;;;;;;;;;;;;;;;;;;;;;;;;;;;;;;;;;;;;;
21233 Steinmetztechnik - Spezialist;5 073;4 858;;;;;;;;;;;;;;;;;;;;;;;;;;;;;;;;;;;;;;;;;;;;;;;;;;;;;;;;;;;;;
21293 Aufsicht-Naturstein,Mineral,Baustoffher.;3 265;3 537;;;;;;;;;;;;;;;;;;;;;;;;;;;;;;;;;;;;;;;;;;;;;;;;;;;;;;;;;;;;;
21311 Glasherstellung - Helfer;2 480;2 615;;;;;;;;;;;;;;;;;;;;;;;;;;;;;;;;;;;;;;;;;;;;;;;;;;;;;;;;;;;;;
21312 Glasherstellung - Fachkraft;3 640;3 653;;;;;;;;;;;;;;;;;;;;;;;;;;;;;;;;;;;;;;;;;;;;;;;;;;;;;;;;;;;;;
21313 Glasherstellung - Spezialist;4 076;4 477;;;;;;;;;;;;;;;;;;;;;;;;;;;;;;;;;;;;;;;;;;;;;;;;;;;;;;;;;;;;;
21322 Glasapparatebau - Fachkraft;(3 515);(3 450);;;;;;;;;;;;;;;;;;;;;;;;;;;;;;;;;;;;;;;;;;;;;;;;;;;;;;;;;;;;;
21323 Glasapparatebau - Spezialist;.;.;;;;;;;;;;;;;;;;;;;;;;;;;;;;;;;;;;;;;;;;;;;;;;;;;;;;;;;;;;;;;
21332 Industrielle Glasbläserei - Fachkraft;3 034;3 170;;;;;;;;;;;;;;;;;;;;;;;;;;;;;;;;;;;;;;;;;;;;;;;;;;;;;;;;;;;;;
21342 Glasveredelung - Fachkraft;2 866;3 077;;;;;;;;;;;;;;;;;;;;;;;;;;;;;;;;;;;;;;;;;;;;;;;;;;;;;;;;;;;;;
21352 Glasapparatejustierung - Fachkraft;.;.;;;;;;;;;;;;;;;;;;;;;;;;;;;;;;;;;;;;;;;;;;;;;;;;;;;;;;;;;;;;;
21362 Feinoptik - Fachkraft;3 406;3 508;;;;;;;;;;;;;;;;;;;;;;;;;;;;;;;;;;;;;;;;;;;;;;;;;;;;;;;;;;;;;
21363 Feinoptik - Spezialist;(4 076);(4 349);;;;;;;;;;;;;;;;;;;;;;;;;;;;;;;;;;;;;;;;;;;;;;;;;;;;;;;;;;;;;
21393 Aufsicht-Industri.Glasherst.,-verarbeit.;/;/;;;;;;;;;;;;;;;;;;;;;;;;;;;;;;;;;;;;;;;;;;;;;;;;;;;;;;;;;;;;;
21411 Industriekeramik (Verfahren)-Helfer;2 964;3 011;;;;;;;;;;;;;;;;;;;;;;;;;;;;;;;;;;;;;;;;;;;;;;;;;;;;;;;;;;;;;
21412 Industriekeramik (Verfahren)-Fachkraft;3 155;3 213;;;;;;;;;;;;;;;;;;;;;;;;;;;;;;;;;;;;;;;;;;;;;;;;;;;;;;;;;;;;;
21413 Industriekeramik(Verfahren)-Spezialist;(4 156);(4 534);;;;;;;;;;;;;;;;;;;;;;;;;;;;;;;;;;;;;;;;;;;;;;;;;;;;;;;;;;;;;
21422 Industriekeramik(Modelltechn.)-Fachkraft;(2 991);(3 281);;;;;;;;;;;;;;;;;;;;;;;;;;;;;;;;;;;;;;;;;;;;;;;;;;;;;;;;;;;;;
21423 Industriekeramik(Modelltechn)-Spezialist;.;.;;;;;;;;;;;;;;;;;;;;;;;;;;;;;;;;;;;;;;;;;;;;;;;;;;;;;;;;;;;;;
21493 Aufsicht-Industrielle Keramikherstellung;4 677;4 958;;;;;;;;;;;;;;;;;;;;;;;;;;;;;;;;;;;;;;;;;;;;;;;;;;;;;;;;;;;;;
22101 Kunststoff-,Kautschukherst. (oS.)-Helfer;2 590;2 704;;;;;;;;;;;;;;;;;;;;;;;;;;;;;;;;;;;;;;;;;;;;;;;;;;;;;;;;;;;;;
22102 Kunststoff-,Kautschukherst(oS)-Fachkraft;3 288;3 429;;;;;;;;;;;;;;;;;;;;;;;;;;;;;;;;;;;;;;;;;;;;;;;;;;;;;;;;;;;;;
22103 Kunststoff-,Kautschukhers(oS)-Spezialist;(4 537);(5 186);;;;;;;;;;;;;;;;;;;;;;;;;;;;;;;;;;;;;;;;;;;;;;;;;;;;;;;;;;;;;
22104 Kunststoff-,Kautschukherst. (oS)-Experte;6 348;6 663;;;;;;;;;;;;;;;;;;;;;;;;;;;;;;;;;;;;;;;;;;;;;;;;;;;;;;;;;;;;;
22112 Reifen-, Vulkanisationstechnik-Fachkraft;2 820;2 966;;;;;;;;;;;;;;;;;;;;;;;;;;;;;;;;;;;;;;;;;;;;;;;;;;;;;;;;;;;;;
22182 Kunststoff,Kautschukverar(ssT)-Fachkraft;3 524;3 712;;;;;;;;;;;;;;;;;;;;;;;;;;;;;;;;;;;;;;;;;;;;;;;;;;;;;;;;;;;;;
22183 Kunststoff,Kautschukver.(ssT)-Spezialist;/;/;;;;;;;;;;;;;;;;;;;;;;;;;;;;;;;;;;;;;;;;;;;;;;;;;;;;;;;;;;;;;
22184 Kunststoff,Kautschukverarb.(ssT)-Experte;(6 767);(7 034);;;;;;;;;;;;;;;;;;;;;;;;;;;;;;;;;;;;;;;;;;;;;;;;;;;;;;;;;;;;;
22193 Aufsicht-Kunststoff,Kautschukher,verarb.;5 043;5 305;;;;;;;;;;;;;;;;;;;;;;;;;;;;;;;;;;;;;;;;;;;;;;;;;;;;;;;;;;;;;
22201 Farb-, Lacktechnik (o.S.) - Helfer;2 857;3 011;;;;;;;;;;;;;;;;;;;;;;;;;;;;;;;;;;;;;;;;;;;;;;;;;;;;;;;;;;;;;
22202 Farb-, Lacktechnik (o.S.) - Fachkraft;3 238;3 423;;;;;;;;;;;;;;;;;;;;;;;;;;;;;;;;;;;;;;;;;;;;;;;;;;;;;;;;;;;;;
22203 Farb-, Lacktechnik (o.S.) - Spezialist;4 417;4 771;;;;;;;;;;;;;;;;;;;;;;;;;;;;;;;;;;;;;;;;;;;;;;;;;;;;;;;;;;;;;
22204 Farb-, Lacktechnik (o.S.) - Experte;(6 234);(6 614);;;;;;;;;;;;;;;;;;;;;;;;;;;;;;;;;;;;;;;;;;;;;;;;;;;;;;;;;;;;;
22212 Fahrzeuglackierung - Fachkraft;3 148;3 331;;;;;;;;;;;;;;;;;;;;;;;;;;;;;;;;;;;;;;;;;;;;;;;;;;;;;;;;;;;;;
22222 Lacklaboratorium - Fachkraft;3 925;4 244;;;;;;;;;;;;;;;;;;;;;;;;;;;;;;;;;;;;;;;;;;;;;;;;;;;;;;;;;;;;;
22293 Aufsicht - Farb-, Lacktechnik;(4 000);(4 245);;;;;;;;;;;;;;;;;;;;;;;;;;;;;;;;;;;;;;;;;;;;;;;;;;;;;;;;;;;;;
22301 Holzbe-, -verarbeitung (o.S.) - Helfer;2 632;2 669;;;;;;;;;;;;;;;;;;;;;;;;;;;;;;;;;;;;;;;;;;;;;;;;;;;;;;;;;;;;;
22302 Holzbe-,-verarbeitung (o.S.) - Fachkraft;3 050;3 114;;;;;;;;;;;;;;;;;;;;;;;;;;;;;;;;;;;;;;;;;;;;;;;;;;;;;;;;;;;;;
22303 Holzbe-,-verarbeitung(o.S.) - Spezialist;4 200;4 616;;;;;;;;;;;;;;;;;;;;;;;;;;;;;;;;;;;;;;;;;;;;;;;;;;;;;;;;;;;;;
22304 Holzbe-, -verarbeitung (o.S.) - Experte;(4 834);(5 747);;;;;;;;;;;;;;;;;;;;;;;;;;;;;;;;;;;;;;;;;;;;;;;;;;;;;;;;;;;;;
22312 Holztrocknung,-konservierung - Fachkraft;2 671;2 837;;;;;;;;;;;;;;;;;;;;;;;;;;;;;;;;;;;;;;;;;;;;;;;;;;;;;;;;;;;;;
22322 Prod. Holzwerkstoffe,-bauteile-Fachkraft;2 890;3 041;;;;;;;;;;;;;;;;;;;;;;;;;;;;;;;;;;;;;;;;;;;;;;;;;;;;;;;;;;;;;
22332 Prod. Fertigprodukte aus Holz -Fachkraft;2 772;2 800;;;;;;;;;;;;;;;;;;;;;;;;;;;;;;;;;;;;;;;;;;;;;;;;;;;;;;;;;;;;;
22333 Prod. Fertigprodukte aus Holz-Spezialist;(4 325);(4 845);;;;;;;;;;;;;;;;;;;;;;;;;;;;;;;;;;;;;;;;;;;;;;;;;;;;;;;;;;;;;
22342 Holz-, Möbel-, Innenausbau - Fachkraft;2 950;3 057;;;;;;;;;;;;;;;;;;;;;;;;;;;;;;;;;;;;;;;;;;;;;;;;;;;;;;;;;;;;;
22343 Holz-, Möbel-, Innenausbau - Spezialist;3 050;3 485;;;;;;;;;;;;;;;;;;;;;;;;;;;;;;;;;;;;;;;;;;;;;;;;;;;;;;;;;;;;;
22352 Flechtwerk,Bürste,Pinselmacher-Fachkraft;(2 105);(2 321);;;;;;;;;;;;;;;;;;;;;;;;;;;;;;;;;;;;;;;;;;;;;;;;;;;;;;;;;;;;;
22382 Holzbe-, -verarbeitung (ssT) - Fachkraft;2 523;2 669;;;;;;;;;;;;;;;;;;;;;;;;;;;;;;;;;;;;;;;;;;;;;;;;;;;;;;;;;;;;;
22393 Aufsicht - Holzbe-, -verarbeitung;3 194;3 573;;;;;;;;;;;;;;;;;;;;;;;;;;;;;;;;;;;;;;;;;;;;;;;;;;;;;;;;;;;;;
22394 Führung - Holzbe-, -verarbeitung;(4 552);(5 472);;;;;;;;;;;;;;;;;;;;;;;;;;;;;;;;;;;;;;;;;;;;;;;;;;;;;;;;;;;;;
23101 Papier-,Verpackungstechnik (oS) - Helfer;2 686;2 887;;;;;;;;;;;;;;;;;;;;;;;;;;;;;;;;;;;;;;;;;;;;;;;;;;;;;;;;;;;;;
23112 Papierherstellung - Fachkraft;4 062;4 077;;;;;;;;;;;;;;;;;;;;;;;;;;;;;;;;;;;;;;;;;;;;;;;;;;;;;;;;;;;;;
23113 Papierherstellung - Spezialist;/;/;;;;;;;;;;;;;;;;;;;;;;;;;;;;;;;;;;;;;;;;;;;;;;;;;;;;;;;;;;;;;
23114 Papierherstellung - Experte;6 287;7 199;;;;;;;;;;;;;;;;;;;;;;;;;;;;;;;;;;;;;;;;;;;;;;;;;;;;;;;;;;;;;
23122 Papierverarb,Verpackungstechn.-Fachkraft;3 308;3 362;;;;;;;;;;;;;;;;;;;;;;;;;;;;;;;;;;;;;;;;;;;;;;;;;;;;;;;;;;;;;
23123 Papierverarb,Verpackungstechn-Spezialist;4 259;4 489;;;;;;;;;;;;;;;;;;;;;;;;;;;;;;;;;;;;;;;;;;;;;;;;;;;;;;;;;;;;;
23124 Papierverarb.,Verpackungstechn.-Experte;5 302;5 549;;;;;;;;;;;;;;;;;;;;;;;;;;;;;;;;;;;;;;;;;;;;;;;;;;;;;;;;;;;;;
23193 Aufsicht - Papier-, Verpackungstechnik;(6 031);(6 121);;;;;;;;;;;;;;;;;;;;;;;;;;;;;;;;;;;;;;;;;;;;;;;;;;;;;;;;;;;;;
23212 Digital-,Printmediengestaltung-Fachkraft;3 127;3 294;;;;;;;;;;;;;;;;;;;;;;;;;;;;;;;;;;;;;;;;;;;;;;;;;;;;;;;;;;;;;
23213 Digital,Printmediengestaltung-Spezialist;3 011;3 347;;;;;;;;;;;;;;;;;;;;;;;;;;;;;;;;;;;;;;;;;;;;;;;;;;;;;;;;;;;;;
23222 Grafik-Kommunikat.,Fotodesign-Fachkraft;(3 420);(3 645);;;;;;;;;;;;;;;;;;;;;;;;;;;;;;;;;;;;;;;;;;;;;;;;;;;;;;;;;;;;;
23223 Grafik-Kommunikat.,Fotodesign-Spezialist;3 739;4 049;;;;;;;;;;;;;;;;;;;;;;;;;;;;;;;;;;;;;;;;;;;;;;;;;;;;;;;;;;;;;
23224 Grafik-Kommunikat.,Fotodesign-Experte;3 500;4 053;;;;;;;;;;;;;;;;;;;;;;;;;;;;;;;;;;;;;;;;;;;;;;;;;;;;;;;;;;;;;
23282 Techn.Mediengestaltung (ssT) - Fachkraft;(3 311);(3 543);;;;;;;;;;;;;;;;;;;;;;;;;;;;;;;;;;;;;;;;;;;;;;;;;;;;;;;;;;;;;
23293 Aufsicht - Technische Mediengestaltung;/;/;;;;;;;;;;;;;;;;;;;;;;;;;;;;;;;;;;;;;;;;;;;;;;;;;;;;;;;;;;;;;
23294 Führung - Technische Mediengestaltung;3 830;4 703;;;;;;;;;;;;;;;;;;;;;;;;;;;;;;;;;;;;;;;;;;;;;;;;;;;;;;;;;;;;;
23312 Fototechnik - Fachkraft;3 312;3 825;;;;;;;;;;;;;;;;;;;;;;;;;;;;;;;;;;;;;;;;;;;;;;;;;;;;;;;;;;;;;
23313 Fototechnik - Spezialist;(3 634);(3 985);;;;;;;;;;;;;;;;;;;;;;;;;;;;;;;;;;;;;;;;;;;;;;;;;;;;;;;;;;;;;
23314 Fototechnik - Experte;(6 804);(6 605);;;;;;;;;;;;;;;;;;;;;;;;;;;;;;;;;;;;;;;;;;;;;;;;;;;;;;;;;;;;;
23322 Fotografie - Fachkraft;2 700;2 987;;;;;;;;;;;;;;;;;;;;;;;;;;;;;;;;;;;;;;;;;;;;;;;;;;;;;;;;;;;;;
23323 Fotografie - Spezialist;(3 765);(3 816);;;;;;;;;;;;;;;;;;;;;;;;;;;;;;;;;;;;;;;;;;;;;;;;;;;;;;;;;;;;;
23393 Aufsicht - Fototechnik  und Fotografie;.;.;;;;;;;;;;;;;;;;;;;;;;;;;;;;;;;;;;;;;;;;;;;;;;;;;;;;;;;;;;;;;
23411 Drucktechnik - Helfer;2 665;2 876;;;;;;;;;;;;;;;;;;;;;;;;;;;;;;;;;;;;;;;;;;;;;;;;;;;;;;;;;;;;;
23412 Drucktechnik - Fachkraft;3 195;3 394;;;;;;;;;;;;;;;;;;;;;;;;;;;;;;;;;;;;;;;;;;;;;;;;;;;;;;;;;;;;;
23413 Drucktechnik - Spezialist;4 207;4 454;;;;;;;;;;;;;;;;;;;;;;;;;;;;;;;;;;;;;;;;;;;;;;;;;;;;;;;;;;;;;
23414 Drucktechnik - Experte;/;/;;;;;;;;;;;;;;;;;;;;;;;;;;;;;;;;;;;;;;;;;;;;;;;;;;;;;;;;;;;;;
23422 Buchbinderei,Druckweiterverarb-Fachkraft;2 800;2 919;;;;;;;;;;;;;;;;;;;;;;;;;;;;;;;;;;;;;;;;;;;;;;;;;;;;;;;;;;;;;
23423 Buchbinderei,Druckweiterver.-Spezialist;3 939;4 163;;;;;;;;;;;;;;;;;;;;;;;;;;;;;;;;;;;;;;;;;;;;;;;;;;;;;;;;;;;;;
23493 Aufsicht-Drucktechnik,Buchbinderei;5 110;5 323;;;;;;;;;;;;;;;;;;;;;;;;;;;;;;;;;;;;;;;;;;;;;;;;;;;;;;;;;;;;;
24101 Metallerzeugung (o.S.) - Helfer;3 035;3 245;;;;;;;;;;;;;;;;;;;;;;;;;;;;;;;;;;;;;;;;;;;;;;;;;;;;;;;;;;;;;
24112 Hüttentechnik - Fachkraft;4 226;4 278;;;;;;;;;;;;;;;;;;;;;;;;;;;;;;;;;;;;;;;;;;;;;;;;;;;;;;;;;;;;;
24113 Hüttentechnik - Spezialist;5 719;5 781;;;;;;;;;;;;;;;;;;;;;;;;;;;;;;;;;;;;;;;;;;;;;;;;;;;;;;;;;;;;;
24114 Hüttentechnik - Experte;7 726;7 797;;;;;;;;;;;;;;;;;;;;;;;;;;;;;;;;;;;;;;;;;;;;;;;;;;;;;;;;;;;;;
24122 Metallumformung - Fachkraft;3 721;3 734;;;;;;;;;;;;;;;;;;;;;;;;;;;;;;;;;;;;;;;;;;;;;;;;;;;;;;;;;;;;;
24123 Metallumformung - Spezialist;/;/;;;;;;;;;;;;;;;;;;;;;;;;;;;;;;;;;;;;;;;;;;;;;;;;;;;;;;;;;;;;;
24124 Metallumformung - Experte;/;/;;;;;;;;;;;;;;;;;;;;;;;;;;;;;;;;;;;;;;;;;;;;;;;;;;;;;;;;;;;;;
24132 Industrielle Gießerei - Fachkraft;3 665;3 778;;;;;;;;;;;;;;;;;;;;;;;;;;;;;;;;;;;;;;;;;;;;;;;;;;;;;;;;;;;;;
24133 Industrielle Gießerei - Spezialist;4 926;5 293;;;;;;;;;;;;;;;;;;;;;;;;;;;;;;;;;;;;;;;;;;;;;;;;;;;;;;;;;;;;;
24134 Industrielle Gießerei - Experte;/;/;;;;;;;;;;;;;;;;;;;;;;;;;;;;;;;;;;;;;;;;;;;;;;;;;;;;;;;;;;;;;
24142 Handw.Metall-,Glockengießerei-Fachkraft;3 400;3 514;;;;;;;;;;;;;;;;;;;;;;;;;;;;;;;;;;;;;;;;;;;;;;;;;;;;;;;;;;;;;
24193 Aufsicht - Metallerzeugung;5 914;5 977;;;;;;;;;;;;;;;;;;;;;;;;;;;;;;;;;;;;;;;;;;;;;;;;;;;;;;;;;;;;;
24201 Metallbearbeitung (o.S.) - Helfer;2 883;3 017;;;;;;;;;;;;;;;;;;;;;;;;;;;;;;;;;;;;;;;;;;;;;;;;;;;;;;;;;;;;;
24202 Metallbearbeitung (o.S.) - Fachkraft;3 594;3 693;;;;;;;;;;;;;;;;;;;;;;;;;;;;;;;;;;;;;;;;;;;;;;;;;;;;;;;;;;;;;
24203 Metallbearbeitung (o.S.) - Spezialist;4 524;4 530;;;;;;;;;;;;;;;;;;;;;;;;;;;;;;;;;;;;;;;;;;;;;;;;;;;;;;;;;;;;;
24212 Spanlose Metallbearbeitung - Fachkraft;3 348;3 429;;;;;;;;;;;;;;;;;;;;;;;;;;;;;;;;;;;;;;;;;;;;;;;;;;;;;;;;;;;;;
24222 Schleifende Metallbearbeitung-Fachkraft;3 675;3 699;;;;;;;;;;;;;;;;;;;;;;;;;;;;;;;;;;;;;;;;;;;;;;;;;;;;;;;;;;;;;
24232 Spanende Metallbearbeitung - Fachkraft;3 630;3 729;;;;;;;;;;;;;;;;;;;;;;;;;;;;;;;;;;;;;;;;;;;;;;;;;;;;;;;;;;;;;
24233 Spanende Metallbearbeitung - Spezialist;3 991;4 075;;;;;;;;;;;;;;;;;;;;;;;;;;;;;;;;;;;;;;;;;;;;;;;;;;;;;;;;;;;;;
24243 Metallbearbeitung Laserstrahl-Spezialist;(3 710);(3 728);;;;;;;;;;;;;;;;;;;;;;;;;;;;;;;;;;;;;;;;;;;;;;;;;;;;;;;;;;;;;
24244 Metallbearbeitung Laserstrahl-Experte;5 083;5 217;;;;;;;;;;;;;;;;;;;;;;;;;;;;;;;;;;;;;;;;;;;;;;;;;;;;;;;;;;;;;
24293 Aufsicht - Metallbearbeitung;5 190;5 297;;;;;;;;;;;;;;;;;;;;;;;;;;;;;;;;;;;;;;;;;;;;;;;;;;;;;;;;;;;;;
24301 Metalloberflächenbehandl. (oS) - Helfer;2 857;3 011;;;;;;;;;;;;;;;;;;;;;;;;;;;;;;;;;;;;;;;;;;;;;;;;;;;;;;;;;;;;;
24302 Metalloberflächenbehandl.(oS)-Fachkraft;3 471;3 559;;;;;;;;;;;;;;;;;;;;;;;;;;;;;;;;;;;;;;;;;;;;;;;;;;;;;;;;;;;;;
24303 Metalloberflächenbehandl.(oS)-Spezialist;/;/;;;;;;;;;;;;;;;;;;;;;;;;;;;;;;;;;;;;;;;;;;;;;;;;;;;;;;;;;;;;;
24304 Metalloberflächenbehandl. (oS)-Experte;6 020;5 827;;;;;;;;;;;;;;;;;;;;;;;;;;;;;;;;;;;;;;;;;;;;;;;;;;;;;;;;;;;;;
24382 Metalloberflächenbehandl.(ssT)-Fachkraft;(3 273);(3 466);;;;;;;;;;;;;;;;;;;;;;;;;;;;;;;;;;;;;;;;;;;;;;;;;;;;;;;;;;;;;
24393 Aufsicht - Metalloberflächenbehandlung;5 424;5 538;;;;;;;;;;;;;;;;;;;;;;;;;;;;;;;;;;;;;;;;;;;;;;;;;;;;;;;;;;;;;
24411 Metallbau - Helfer;3 000;3 258;;;;;;;;;;;;;;;;;;;;;;;;;;;;;;;;;;;;;;;;;;;;;;;;;;;;;;;;;;;;;
24412 Metallbau - Fachkraft;3 189;3 353;;;;;;;;;;;;;;;;;;;;;;;;;;;;;;;;;;;;;;;;;;;;;;;;;;;;;;;;;;;;;
24413 Metallbau - Spezialist;4 779;5 071;;;;;;;;;;;;;;;;;;;;;;;;;;;;;;;;;;;;;;;;;;;;;;;;;;;;;;;;;;;;;
24414 Metallbau - Experte;(5 326);(5 530);;;;;;;;;;;;;;;;;;;;;;;;;;;;;;;;;;;;;;;;;;;;;;;;;;;;;;;;;;;;;
24422 Schweiß-, Verbindungstechnik - Fachkraft;3 315;3 434;;;;;;;;;;;;;;;;;;;;;;;;;;;;;;;;;;;;;;;;;;;;;;;;;;;;;;;;;;;;;
24423 Schweiß-,Verbindungstechnik - Spezialist;4 424;4 539;;;;;;;;;;;;;;;;;;;;;;;;;;;;;;;;;;;;;;;;;;;;;;;;;;;;;;;;;;;;;
24424 Schweiß-, Verbindungstechnik - Experte;6 200;6 129;;;;;;;;;;;;;;;;;;;;;;;;;;;;;;;;;;;;;;;;;;;;;;;;;;;;;;;;;;;;;
24432 Industrietaucher/innen u.a. - Fachkraft;(4 171);(4 617);;;;;;;;;;;;;;;;;;;;;;;;;;;;;;;;;;;;;;;;;;;;;;;;;;;;;;;;;;;;;
24493 Aufsicht - Metallbau und Schweißtechnik;4 540;4 851;;;;;;;;;;;;;;;;;;;;;;;;;;;;;;;;;;;;;;;;;;;;;;;;;;;;;;;;;;;;;
24511 Feinwerktechnik - Helfer;2 999;3 082;;;;;;;;;;;;;;;;;;;;;;;;;;;;;;;;;;;;;;;;;;;;;;;;;;;;;;;;;;;;;
24512 Feinwerktechnik - Fachkraft;3 651;3 897;;;;;;;;;;;;;;;;;;;;;;;;;;;;;;;;;;;;;;;;;;;;;;;;;;;;;;;;;;;;;
24513 Feinwerktechnik - Spezialist;/;/;;;;;;;;;;;;;;;;;;;;;;;;;;;;;;;;;;;;;;;;;;;;;;;;;;;;;;;;;;;;;
24514 Feinwerktechnik - Experte;6 050;6 629;;;;;;;;;;;;;;;;;;;;;;;;;;;;;;;;;;;;;;;;;;;;;;;;;;;;;;;;;;;;;
24522 Werkzeugtechnik - Fachkraft;3 816;4 012;;;;;;;;;;;;;;;;;;;;;;;;;;;;;;;;;;;;;;;;;;;;;;;;;;;;;;;;;;;;;
24523 Werkzeugtechnik - Spezialist;4 600;4 829;;;;;;;;;;;;;;;;;;;;;;;;;;;;;;;;;;;;;;;;;;;;;;;;;;;;;;;;;;;;;
24524 Werkzeugtechnik - Experte;5 604;5 768;;;;;;;;;;;;;;;;;;;;;;;;;;;;;;;;;;;;;;;;;;;;;;;;;;;;;;;;;;;;;
24532 Uhrmacherhandwerk - Fachkraft;3 360;3 379;;;;;;;;;;;;;;;;;;;;;;;;;;;;;;;;;;;;;;;;;;;;;;;;;;;;;;;;;;;;;
24533 Uhrmacherhandwerk - Spezialist;.;.;;;;;;;;;;;;;;;;;;;;;;;;;;;;;;;;;;;;;;;;;;;;;;;;;;;;;;;;;;;;;
24593 Aufsicht - Feinwerk- u. Werkzeugtechnik;4 916;5 164;;;;;;;;;;;;;;;;;;;;;;;;;;;;;;;;;;;;;;;;;;;;;;;;;;;;;;;;;;;;;
25101 Maschinenbau-,Betriebstechnik(oS)-Helfer;3 030;3 167;;;;;;;;;;;;;;;;;;;;;;;;;;;;;;;;;;;;;;;;;;;;;;;;;;;;;;;;;;;;;
25102 Maschinenbau-,Betriebstech(oS)-Fachkraft;3 838;3 993;;;;;;;;;;;;;;;;;;;;;;;;;;;;;;;;;;;;;;;;;;;;;;;;;;;;;;;;;;;;;
25103 Maschinenbau,Betriebstech(oS)-Spezialist;4 851;5 203;;;;;;;;;;;;;;;;;;;;;;;;;;;;;;;;;;;;;;;;;;;;;;;;;;;;;;;;;;;;;
25104 Maschinenbau-,Betriebstechn.(oS)-Experte;6 103;6 654;;;;;;;;;;;;;;;;;;;;;;;;;;;;;;;;;;;;;;;;;;;;;;;;;;;;;;;;;;;;;
25112 Maschinen,Gerätezusammensetzer-Fachkraft;3 374;3 502;;;;;;;;;;;;;;;;;;;;;;;;;;;;;;;;;;;;;;;;;;;;;;;;;;;;;;;;;;;;;
25122 Maschinen-, Anlagenführer - Fachkraft;3 563;3 698;;;;;;;;;;;;;;;;;;;;;;;;;;;;;;;;;;;;;;;;;;;;;;;;;;;;;;;;;;;;;
25131 Tech.Servicekr. Wartung,Instand.-Helfer;(3 625);(3 967);;;;;;;;;;;;;;;;;;;;;;;;;;;;;;;;;;;;;;;;;;;;;;;;;;;;;;;;;;;;;
25132 Tech.Servicekr.Wartung,Instand-Fachkraft;4 023;4 252;;;;;;;;;;;;;;;;;;;;;;;;;;;;;;;;;;;;;;;;;;;;;;;;;;;;;;;;;;;;;
25133 TechServicekr.Wartung,Instand-Spezialist;4 685;4 927;;;;;;;;;;;;;;;;;;;;;;;;;;;;;;;;;;;;;;;;;;;;;;;;;;;;;;;;;;;;;
25134 Tech.Servicekr.Wartung,Instand.-Experte;5 983;6 297;;;;;;;;;;;;;;;;;;;;;;;;;;;;;;;;;;;;;;;;;;;;;;;;;;;;;;;;;;;;;
25182 Maschinenbau,Betriebstech(ssT)-Fachkraft;4 175;4 253;;;;;;;;;;;;;;;;;;;;;;;;;;;;;;;;;;;;;;;;;;;;;;;;;;;;;;;;;;;;;
25183 Maschinenbau,Betriebstec(ssT)-Spezialist;(4 410);(4 682);;;;;;;;;;;;;;;;;;;;;;;;;;;;;;;;;;;;;;;;;;;;;;;;;;;;;;;;;;;;;
25184 Maschinenbau,Betriebstechn.(ssT)-Experte;6 131;6 626;;;;;;;;;;;;;;;;;;;;;;;;;;;;;;;;;;;;;;;;;;;;;;;;;;;;;;;;;;;;;
25193 Aufsicht - Maschinenbau-,Betriebstechnik;5 478;5 565;;;;;;;;;;;;;;;;;;;;;;;;;;;;;;;;;;;;;;;;;;;;;;;;;;;;;;;;;;;;;
25194 Führung - Maschinenbau-, Betriebstechnik;6 196;6 598;;;;;;;;;;;;;;;;;;;;;;;;;;;;;;;;;;;;;;;;;;;;;;;;;;;;;;;;;;;;;
25201 Fahrzeugtechnik (o.S.) - Helfer;2 850;3 014;;;;;;;;;;;;;;;;;;;;;;;;;;;;;;;;;;;;;;;;;;;;;;;;;;;;;;;;;;;;;
25212 Kraftfahrzeugtechnik - Fachkraft;3 197;3 401;;;;;;;;;;;;;;;;;;;;;;;;;;;;;;;;;;;;;;;;;;;;;;;;;;;;;;;;;;;;;
25213 Kraftfahrzeugtechnik - Spezialist;3 830;4 040;;;;;;;;;;;;;;;;;;;;;;;;;;;;;;;;;;;;;;;;;;;;;;;;;;;;;;;;;;;;;
25214 Kraftfahrzeugtechnik - Experte;6 608;6 711;;;;;;;;;;;;;;;;;;;;;;;;;;;;;;;;;;;;;;;;;;;;;;;;;;;;;;;;;;;;;
25222 Land-, Baumaschinentechnik - Fachkraft;3 074;3 240;;;;;;;;;;;;;;;;;;;;;;;;;;;;;;;;;;;;;;;;;;;;;;;;;;;;;;;;;;;;;
25223 Land-, Baumaschinentechnik - Spezialist;3 500;3 578;;;;;;;;;;;;;;;;;;;;;;;;;;;;;;;;;;;;;;;;;;;;;;;;;;;;;;;;;;;;;
25224 Land-, Baumaschinentechnik - Experte;6 152;5 913;;;;;;;;;;;;;;;;;;;;;;;;;;;;;;;;;;;;;;;;;;;;;;;;;;;;;;;;;;;;;
25232 Luft- und Raumfahrttechnik - Fachkraft;4 665;4 889;;;;;;;;;;;;;;;;;;;;;;;;;;;;;;;;;;;;;;;;;;;;;;;;;;;;;;;;;;;;;
25233 Luft- und Raumfahrttechnik - Spezialist;5 805;6 205;;;;;;;;;;;;;;;;;;;;;;;;;;;;;;;;;;;;;;;;;;;;;;;;;;;;;;;;;;;;;
25234 Luft- und Raumfahrttechnik - Experte;6 805;7 035;;;;;;;;;;;;;;;;;;;;;;;;;;;;;;;;;;;;;;;;;;;;;;;;;;;;;;;;;;;;;
25242 Schiffbautechnik - Fachkraft;(3 694);(3 988);;;;;;;;;;;;;;;;;;;;;;;;;;;;;;;;;;;;;;;;;;;;;;;;;;;;;;;;;;;;;
25243 Schiffbautechnik - Spezialist;(4 767);(5 084);;;;;;;;;;;;;;;;;;;;;;;;;;;;;;;;;;;;;;;;;;;;;;;;;;;;;;;;;;;;;
25244 Schiffbautechnik - Experte;(5 400);(5 808);;;;;;;;;;;;;;;;;;;;;;;;;;;;;;;;;;;;;;;;;;;;;;;;;;;;;;;;;;;;;
25252 Zweiradtechnik - Fachkraft;(2 600);(2 635);;;;;;;;;;;;;;;;;;;;;;;;;;;;;;;;;;;;;;;;;;;;;;;;;;;;;;;;;;;;;
25253 Zweiradtechnik - Spezialist;/;/;;;;;;;;;;;;;;;;;;;;;;;;;;;;;;;;;;;;;;;;;;;;;;;;;;;;;;;;;;;;;
25254 Zweiradtechnik - Experte;.;.;;;;;;;;;;;;;;;;;;;;;;;;;;;;;;;;;;;;;;;;;;;;;;;;;;;;;;;;;;;;;
25293 Aufsicht-FahrzeugLuftRaumf.Schiffbautech;4 025;4 294;;;;;;;;;;;;;;;;;;;;;;;;;;;;;;;;;;;;;;;;;;;;;;;;;;;;;;;;;;;;;
25294 Führung-FahrzeugLuftRaumf.Schiffbautech;10 082;10 992;;;;;;;;;;;;;;;;;;;;;;;;;;;;;;;;;;;;;;;;;;;;;;;;;;;;;;;;;;;;;
26102 Mechatr,Automatisierungs(o.S.) - Fachkraft;4 672;4 850;;;;;;;;;;;;;;;;;;;;;;;;;;;;;;;;;;;;;;;;;;;;;;;;;;;;;;;;;;;;;
26112 Mechatronik - Fachkraft;3 500;3 646;;;;;;;;;;;;;;;;;;;;;;;;;;;;;;;;;;;;;;;;;;;;;;;;;;;;;;;;;;;;;
26113 Mechatronik - Spezialist;4 252;4 321;;;;;;;;;;;;;;;;;;;;;;;;;;;;;;;;;;;;;;;;;;;;;;;;;;;;;;;;;;;;;
26114 Mechatronik - Experte;5 735;5 674;;;;;;;;;;;;;;;;;;;;;;;;;;;;;;;;;;;;;;;;;;;;;;;;;;;;;;;;;;;;;
26122 Automatisierungstechnik - Fachkraft;3 777;4 074;;;;;;;;;;;;;;;;;;;;;;;;;;;;;;;;;;;;;;;;;;;;;;;;;;;;;;;;;;;;;
26123 Automatisierungstechnik - Spezialist;4 750;5 059;;;;;;;;;;;;;;;;;;;;;;;;;;;;;;;;;;;;;;;;;;;;;;;;;;;;;;;;;;;;;
26124 Automatisierungstechnik - Experte;5 687;6 173;;;;;;;;;;;;;;;;;;;;;;;;;;;;;;;;;;;;;;;;;;;;;;;;;;;;;;;;;;;;;
26193 Aufsicht-Mechatronik,Automatisierungst.;5 750;5 568;;;;;;;;;;;;;;;;;;;;;;;;;;;;;;;;;;;;;;;;;;;;;;;;;;;;;;;;;;;;;
26212 Bauelektrik - Fachkraft;3 211;3 438;;;;;;;;;;;;;;;;;;;;;;;;;;;;;;;;;;;;;;;;;;;;;;;;;;;;;;;;;;;;;
26213 Bauelektrik - Spezialist;3 406;3 813;;;;;;;;;;;;;;;;;;;;;;;;;;;;;;;;;;;;;;;;;;;;;;;;;;;;;;;;;;;;;
26222 Elektromaschinentechnik - Fachkraft;3 592;3 940;;;;;;;;;;;;;;;;;;;;;;;;;;;;;;;;;;;;;;;;;;;;;;;;;;;;;;;;;;;;;
26223 Elektromaschinentechnik - Spezialist;(3 725);(4 329);;;;;;;;;;;;;;;;;;;;;;;;;;;;;;;;;;;;;;;;;;;;;;;;;;;;;;;;;;;;;
26232 Energie-, Kraftwerkstechnik - Fachkraft;4 889;5 046;;;;;;;;;;;;;;;;;;;;;;;;;;;;;;;;;;;;;;;;;;;;;;;;;;;;;;;;;;;;;
26233 Energie-, Kraftwerkstechnik - Spezialist;4 966;5 130;;;;;;;;;;;;;;;;;;;;;;;;;;;;;;;;;;;;;;;;;;;;;;;;;;;;;;;;;;;;;
26234 Energie-, Kraftwerkstechnik - Experte;5 967;6 330;;;;;;;;;;;;;;;;;;;;;;;;;;;;;;;;;;;;;;;;;;;;;;;;;;;;;;;;;;;;;
26242 Regenerative Energietechnik - Fachkraft;(4 200);(4 358);;;;;;;;;;;;;;;;;;;;;;;;;;;;;;;;;;;;;;;;;;;;;;;;;;;;;;;;;;;;;
26243 Regenerative Energietechnik - Spezialist;4 037;4 271;;;;;;;;;;;;;;;;;;;;;;;;;;;;;;;;;;;;;;;;;;;;;;;;;;;;;;;;;;;;;
26244 Regenerative Energietechnik - Experte;5 330;5 986;;;;;;;;;;;;;;;;;;;;;;;;;;;;;;;;;;;;;;;;;;;;;;;;;;;;;;;;;;;;;
26252 Elektrische Betriebstechnik - Fachkraft;4 000;4 221;;;;;;;;;;;;;;;;;;;;;;;;;;;;;;;;;;;;;;;;;;;;;;;;;;;;;;;;;;;;;
26253 Elektrische Betriebstechnik - Spezialist;4 683;4 898;;;;;;;;;;;;;;;;;;;;;;;;;;;;;;;;;;;;;;;;;;;;;;;;;;;;;;;;;;;;;
26262 Leitungsinstallation,-wartung -Fachkraft;3 824;4 069;;;;;;;;;;;;;;;;;;;;;;;;;;;;;;;;;;;;;;;;;;;;;;;;;;;;;;;;;;;;;
26263 Leitungsinstallation,-wartung-Spezialist;/;/;;;;;;;;;;;;;;;;;;;;;;;;;;;;;;;;;;;;;;;;;;;;;;;;;;;;;;;;;;;;;
26264 Leitungsinstallation,-wartung - Experte;/;/;;;;;;;;;;;;;;;;;;;;;;;;;;;;;;;;;;;;;;;;;;;;;;;;;;;;;;;;;;;;;
26293 Aufsicht - Energietechnik;5 119;5 305;;;;;;;;;;;;;;;;;;;;;;;;;;;;;;;;;;;;;;;;;;;;;;;;;;;;;;;;;;;;;
26301 Elektrotechnik (o.S.) - Helfer;2 719;2 849;;;;;;;;;;;;;;;;;;;;;;;;;;;;;;;;;;;;;;;;;;;;;;;;;;;;;;;;;;;;;
26302 Elektrotechnik (o.S.) - Fachkraft;3 522;3 812;;;;;;;;;;;;;;;;;;;;;;;;;;;;;;;;;;;;;;;;;;;;;;;;;;;;;;;;;;;;;
26303 Elektrotechnik (o.S.) - Spezialist;4 834;5 082;;;;;;;;;;;;;;;;;;;;;;;;;;;;;;;;;;;;;;;;;;;;;;;;;;;;;;;;;;;;;
26304 Elektrotechnik (o.S.) - Experte;6 283;6 801;;;;;;;;;;;;;;;;;;;;;;;;;;;;;;;;;;;;;;;;;;;;;;;;;;;;;;;;;;;;;
26312 Inform-,Telekommunikationst.-Fachkraft;4 167;4 436;;;;;;;;;;;;;;;;;;;;;;;;;;;;;;;;;;;;;;;;;;;;;;;;;;;;;;;;;;;;;
26313 Inform-,Telekommunikationst.-Spezialist;5 567;5 589;;;;;;;;;;;;;;;;;;;;;;;;;;;;;;;;;;;;;;;;;;;;;;;;;;;;;;;;;;;;;
26314 Inform-,Telekommunikationst.-Experte;6 560;7 034;;;;;;;;;;;;;;;;;;;;;;;;;;;;;;;;;;;;;;;;;;;;;;;;;;;;;;;;;;;;;
26322 Mikrosystemtechnik - Fachkraft;3 302;3 554;;;;;;;;;;;;;;;;;;;;;;;;;;;;;;;;;;;;;;;;;;;;;;;;;;;;;;;;;;;;;
26323 Mikrosystemtechnik - Spezialist;/;/;;;;;;;;;;;;;;;;;;;;;;;;;;;;;;;;;;;;;;;;;;;;;;;;;;;;;;;;;;;;;
26324 Mikrosystemtechnik - Experte;6 013;6 541;;;;;;;;;;;;;;;;;;;;;;;;;;;;;;;;;;;;;;;;;;;;;;;;;;;;;;;;;;;;;
26332 Luftv.Schiff,Fahrzeugelektron.-Fachkraft;3 750;3 933;;;;;;;;;;;;;;;;;;;;;;;;;;;;;;;;;;;;;;;;;;;;;;;;;;;;;;;;;;;;;
26333 Luftv.Schiff,Fahrzeugelektron-Spezialist;/;/;;;;;;;;;;;;;;;;;;;;;;;;;;;;;;;;;;;;;;;;;;;;;;;;;;;;;;;;;;;;;
26334 Luftv.Schiff,Fahrzeugelektronik-Experte;6 438;6 892;;;;;;;;;;;;;;;;;;;;;;;;;;;;;;;;;;;;;;;;;;;;;;;;;;;;;;;;;;;;;
26382 Elektrotechnik (s.s.T.) - Fachkraft;4 068;4 262;;;;;;;;;;;;;;;;;;;;;;;;;;;;;;;;;;;;;;;;;;;;;;;;;;;;;;;;;;;;;
26383 Elektrotechnik (s.s.T.) - Spezialist;4 902;5 139;;;;;;;;;;;;;;;;;;;;;;;;;;;;;;;;;;;;;;;;;;;;;;;;;;;;;;;;;;;;;
26384 Elektrotechnik (s.s.T.) - Experte;6 017;6 270;;;;;;;;;;;;;;;;;;;;;;;;;;;;;;;;;;;;;;;;;;;;;;;;;;;;;;;;;;;;;
26393 Aufsicht - Elektrotechnik;5 004;5 317;;;;;;;;;;;;;;;;;;;;;;;;;;;;;;;;;;;;;;;;;;;;;;;;;;;;;;;;;;;;;
27103 Techn.Forschung,Entwickl.(oS)-Spezialist;5 400;5 569;;;;;;;;;;;;;;;;;;;;;;;;;;;;;;;;;;;;;;;;;;;;;;;;;;;;;;;;;;;;;
27104 Techn.Forschung,Entwickl.(oS)-Experte;6 193;6 428;;;;;;;;;;;;;;;;;;;;;;;;;;;;;;;;;;;;;;;;;;;;;;;;;;;;;;;;;;;;;
27182 Tech.Forschung,Entwickl.(ssT)-Fachkraft;(5 170);(5 636);;;;;;;;;;;;;;;;;;;;;;;;;;;;;;;;;;;;;;;;;;;;;;;;;;;;;;;;;;;;;
27183 Tech.Forschung,Entwickl.(ssT)-Spezialist;6 164;6 704;;;;;;;;;;;;;;;;;;;;;;;;;;;;;;;;;;;;;;;;;;;;;;;;;;;;;;;;;;;;;
27184 Tech.Forschung,Entwickl.(ssT)-Experte;6 836;7 322;;;;;;;;;;;;;;;;;;;;;;;;;;;;;;;;;;;;;;;;;;;;;;;;;;;;;;;;;;;;;
27194 Führung - Techn. Forschung, Entwicklung;9 725;10 515;;;;;;;;;;;;;;;;;;;;;;;;;;;;;;;;;;;;;;;;;;;;;;;;;;;;;;;;;;;;;
27212 Technische Zeichner/innen - Fachkraft;3 569;3 752;;;;;;;;;;;;;;;;;;;;;;;;;;;;;;;;;;;;;;;;;;;;;;;;;;;;;;;;;;;;;
27223 Konstruktion und Gerätebau - Spezialist;4 884;5 065;;;;;;;;;;;;;;;;;;;;;;;;;;;;;;;;;;;;;;;;;;;;;;;;;;;;;;;;;;;;;
27224 Konstruktion und Gerätebau - Experte;5 739;5 846;;;;;;;;;;;;;;;;;;;;;;;;;;;;;;;;;;;;;;;;;;;;;;;;;;;;;;;;;;;;;
27232 Modellbau - Fachkraft;3 400;3 665;;;;;;;;;;;;;;;;;;;;;;;;;;;;;;;;;;;;;;;;;;;;;;;;;;;;;;;;;;;;;
27282 TechZeich,Konstr,Modellb.(ssT)-Fachkraft;(3 136);(3 479);;;;;;;;;;;;;;;;;;;;;;;;;;;;;;;;;;;;;;;;;;;;;;;;;;;;;;;;;;;;;
27283 TechZeich,Konstr,Modellb(ssT)-Spezialist;3 961;4 231;;;;;;;;;;;;;;;;;;;;;;;;;;;;;;;;;;;;;;;;;;;;;;;;;;;;;;;;;;;;;
27284 TechZeich.,Konstr.,Modellb.(ssT)-Experte;6 089;6 195;;;;;;;;;;;;;;;;;;;;;;;;;;;;;;;;;;;;;;;;;;;;;;;;;;;;;;;;;;;;;
27293 Aufsicht-TechZeichnen,Konstrukt.Modellb.;(4 000);(5 172);;;;;;;;;;;;;;;;;;;;;;;;;;;;;;;;;;;;;;;;;;;;;;;;;;;;;;;;;;;;;
27294 Führung-TechZeichnen,Konstrukt.Modellb.;8 110;8 118;;;;;;;;;;;;;;;;;;;;;;;;;;;;;;;;;;;;;;;;;;;;;;;;;;;;;;;;;;;;;
27302 Tech.Produktionspl.,-steuerung-Fachkraft;4 364;4 495;;;;;;;;;;;;;;;;;;;;;;;;;;;;;;;;;;;;;;;;;;;;;;;;;;;;;;;;;;;;;
27303 Tech.Produktionspl.,steuerung-Spezialist;4 745;4 999;;;;;;;;;;;;;;;;;;;;;;;;;;;;;;;;;;;;;;;;;;;;;;;;;;;;;;;;;;;;;
27304 Tech.Produktionspl.,-steuerung-Experte;6 119;6 612;;;;;;;;;;;;;;;;;;;;;;;;;;;;;;;;;;;;;;;;;;;;;;;;;;;;;;;;;;;;;
27312 Technische Qualitätssicherung-Fachkraft;3 782;3 910;;;;;;;;;;;;;;;;;;;;;;;;;;;;;;;;;;;;;;;;;;;;;;;;;;;;;;;;;;;;;
27313 Technische Qualitätssicherung-Spezialist;4 644;4 927;;;;;;;;;;;;;;;;;;;;;;;;;;;;;;;;;;;;;;;;;;;;;;;;;;;;;;;;;;;;;
27314 Technische Qualitätssicherung - Experte;6 062;6 406;;;;;;;;;;;;;;;;;;;;;;;;;;;;;;;;;;;;;;;;;;;;;;;;;;;;;;;;;;;;;
27393 Aufsicht-Techn.Produktionsplan.,-steuer.;5 000;5 467;;;;;;;;;;;;;;;;;;;;;;;;;;;;;;;;;;;;;;;;;;;;;;;;;;;;;;;;;;;;;
27394 Führung- Techn.Produktionsplan.,-steuer.;6 184;6 863;;;;;;;;;;;;;;;;;;;;;;;;;;;;;;;;;;;;;;;;;;;;;;;;;;;;;;;;;;;;;
28101 Textiltechnik (o.S.) - Helfer;2 505;2 796;;;;;;;;;;;;;;;;;;;;;;;;;;;;;;;;;;;;;;;;;;;;;;;;;;;;;;;;;;;;;
28102 Textiltechnik (o.S.) - Fachkraft;(3 009);(3 297);;;;;;;;;;;;;;;;;;;;;;;;;;;;;;;;;;;;;;;;;;;;;;;;;;;;;;;;;;;;;
28103 Textiltechnik (o.S.) - Spezialist;(5 356);(4 763);;;;;;;;;;;;;;;;;;;;;;;;;;;;;;;;;;;;;;;;;;;;;;;;;;;;;;;;;;;;;
28104 Textiltechnik (o.S.) - Experte;(5 827);(6 125);;;;;;;;;;;;;;;;;;;;;;;;;;;;;;;;;;;;;;;;;;;;;;;;;;;;;;;;;;;;;
28112 Textilgestaltung - Fachkraft;2 802;2 725;;;;;;;;;;;;;;;;;;;;;;;;;;;;;;;;;;;;;;;;;;;;;;;;;;;;;;;;;;;;;
28113 Textilgestaltung - Spezialist;(3 400);(3 763);;;;;;;;;;;;;;;;;;;;;;;;;;;;;;;;;;;;;;;;;;;;;;;;;;;;;;;;;;;;;
28114 Textilgestaltung - Experte;4 247;4 602;;;;;;;;;;;;;;;;;;;;;;;;;;;;;;;;;;;;;;;;;;;;;;;;;;;;;;;;;;;;;
28122 Textilherstellung - Fachkraft;2 991;3 202;;;;;;;;;;;;;;;;;;;;;;;;;;;;;;;;;;;;;;;;;;;;;;;;;;;;;;;;;;;;;
28123 Textilherstellung - Spezialist;(4 285);(4 501);;;;;;;;;;;;;;;;;;;;;;;;;;;;;;;;;;;;;;;;;;;;;;;;;;;;;;;;;;;;;
28132 Garn- und Seilherstellung - Fachkraft;2 596;2 808;;;;;;;;;;;;;;;;;;;;;;;;;;;;;;;;;;;;;;;;;;;;;;;;;;;;;;;;;;;;;
28133 Garn- und Seilherstellung - Spezialist;/;/;;;;;;;;;;;;;;;;;;;;;;;;;;;;;;;;;;;;;;;;;;;;;;;;;;;;;;;;;;;;;
28142 Textilveredlung - Fachkraft;2 877;3 043;;;;;;;;;;;;;;;;;;;;;;;;;;;;;;;;;;;;;;;;;;;;;;;;;;;;;;;;;;;;;
28143 Textilveredlung - Spezialist;(3 949);(4 319);;;;;;;;;;;;;;;;;;;;;;;;;;;;;;;;;;;;;;;;;;;;;;;;;;;;;;;;;;;;;
28193 Aufsicht - Textiltechnik, -produktion;4 259;4 447;;;;;;;;;;;;;;;;;;;;;;;;;;;;;;;;;;;;;;;;;;;;;;;;;;;;;;;;;;;;;
28194 Führung - Textiltechnik, -produktion;(5 095);(6 413);;;;;;;;;;;;;;;;;;;;;;;;;;;;;;;;;;;;;;;;;;;;;;;;;;;;;;;;;;;;;
28212 Modedesign - Fachkraft;4 571;4 682;;;;;;;;;;;;;;;;;;;;;;;;;;;;;;;;;;;;;;;;;;;;;;;;;;;;;;;;;;;;;
28213 Modedesign - Spezialist;4 200;4 248;;;;;;;;;;;;;;;;;;;;;;;;;;;;;;;;;;;;;;;;;;;;;;;;;;;;;;;;;;;;;
28214 Modedesign - Experte;4 211;5 054;;;;;;;;;;;;;;;;;;;;;;;;;;;;;;;;;;;;;;;;;;;;;;;;;;;;;;;;;;;;;
28221 Bekleidungsherstellung - Helfer;(2 200);(2 242);;;;;;;;;;;;;;;;;;;;;;;;;;;;;;;;;;;;;;;;;;;;;;;;;;;;;;;;;;;;;
28222 Bekleidungsherstellung - Fachkraft;(2 317);(2 441);;;;;;;;;;;;;;;;;;;;;;;;;;;;;;;;;;;;;;;;;;;;;;;;;;;;;;;;;;;;;
28223 Bekleidungsherstellung - Spezialist;3 939;4 343;;;;;;;;;;;;;;;;;;;;;;;;;;;;;;;;;;;;;;;;;;;;;;;;;;;;;;;;;;;;;
28224 Bekleidungsherstellung - Experte;(3 894);(4 134);;;;;;;;;;;;;;;;;;;;;;;;;;;;;;;;;;;;;;;;;;;;;;;;;;;;;;;;;;;;;
28232 Tech.Konfektionäre,Segelmacher-Fachkraft;(2 262);(2 499);;;;;;;;;;;;;;;;;;;;;;;;;;;;;;;;;;;;;;;;;;;;;;;;;;;;;;;;;;;;;
28242 Polsterei,Fahrzeuginnenausstat-Fachkraft;2 786;2 903;;;;;;;;;;;;;;;;;;;;;;;;;;;;;;;;;;;;;;;;;;;;;;;;;;;;;;;;;;;;;
28293 Aufsicht - Textilverarbeitung;3 947;3 998;;;;;;;;;;;;;;;;;;;;;;;;;;;;;;;;;;;;;;;;;;;;;;;;;;;;;;;;;;;;;
28294 Führung - Textilverarbeitung;(5 540);(5 985);;;;;;;;;;;;;;;;;;;;;;;;;;;;;;;;;;;;;;;;;;;;;;;;;;;;;;;;;;;;;
28301 Leder-,Pelzherstell.,-verarb.(oS)-Helfer;2 538;2 560;;;;;;;;;;;;;;;;;;;;;;;;;;;;;;;;;;;;;;;;;;;;;;;;;;;;;;;;;;;;;
28312 Lederherstellung - Fachkraft;3 232;3 300;;;;;;;;;;;;;;;;;;;;;;;;;;;;;;;;;;;;;;;;;;;;;;;;;;;;;;;;;;;;;
28313 Lederherstellung - Spezialist;(6 272);(6 621);;;;;;;;;;;;;;;;;;;;;;;;;;;;;;;;;;;;;;;;;;;;;;;;;;;;;;;;;;;;;
28314 Lederherstellung - Experte;.;.;;;;;;;;;;;;;;;;;;;;;;;;;;;;;;;;;;;;;;;;;;;;;;;;;;;;;;;;;;;;;
28322 Sattlerei,Herst. Lederutensil.-Fachkraft;2 700;2 826;;;;;;;;;;;;;;;;;;;;;;;;;;;;;;;;;;;;;;;;;;;;;;;;;;;;;;;;;;;;;
28332 Schuhherstellung - Fachkraft;2 610;2 730;;;;;;;;;;;;;;;;;;;;;;;;;;;;;;;;;;;;;;;;;;;;;;;;;;;;;;;;;;;;;
28333 Schuhherstellung - Spezialist;(4 161);(4 796);;;;;;;;;;;;;;;;;;;;;;;;;;;;;;;;;;;;;;;;;;;;;;;;;;;;;;;;;;;;;
28342 Pelzbe- und -verarbeitung - Fachkraft;.;.;;;;;;;;;;;;;;;;;;;;;;;;;;;;;;;;;;;;;;;;;;;;;;;;;;;;;;;;;;;;;
28343 Pelzbe- und -verarbeitung - Spezialist;.;.;;;;;;;;;;;;;;;;;;;;;;;;;;;;;;;;;;;;;;;;;;;;;;;;;;;;;;;;;;;;;
28393 Aufsicht - Leder-,Pelzherstell.,-verarb.;4 245;4 115;;;;;;;;;;;;;;;;;;;;;;;;;;;;;;;;;;;;;;;;;;;;;;;;;;;;;;;;;;;;;
28394 Führung - Leder-,Pelzherstell.,-verarb.;.;.;;;;;;;;;;;;;;;;;;;;;;;;;;;;;;;;;;;;;;;;;;;;;;;;;;;;;;;;;;;;;
29102 Getränkeherstellung (o.S.) - Fachkraft;3 410;3 383;;;;;;;;;;;;;;;;;;;;;;;;;;;;;;;;;;;;;;;;;;;;;;;;;;;;;;;;;;;;;
29103 Getränkeherstellung (o.S.) - Spezialist;(4 213);(4 027);;;;;;;;;;;;;;;;;;;;;;;;;;;;;;;;;;;;;;;;;;;;;;;;;;;;;;;;;;;;;
29104 Getränkeherstellung (o.S.) - Experte;5 974;5 864;;;;;;;;;;;;;;;;;;;;;;;;;;;;;;;;;;;;;;;;;;;;;;;;;;;;;;;;;;;;;
29112 Brauer/innen, Mälzer/innen - Fachkraft;4 087;4 095;;;;;;;;;;;;;;;;;;;;;;;;;;;;;;;;;;;;;;;;;;;;;;;;;;;;;;;;;;;;;
29113 Brauer/innen, Mälzer/innen - Spezialist;/;/;;;;;;;;;;;;;;;;;;;;;;;;;;;;;;;;;;;;;;;;;;;;;;;;;;;;;;;;;;;;;
29114 Brauer/innen, Mälzer/innen - Experte;(4 604);(4 925);;;;;;;;;;;;;;;;;;;;;;;;;;;;;;;;;;;;;;;;;;;;;;;;;;;;;;;;;;;;;
29122 Weinküfer/innen - Fachkraft;(3 258);(3 450);;;;;;;;;;;;;;;;;;;;;;;;;;;;;;;;;;;;;;;;;;;;;;;;;;;;;;;;;;;;;
29123 Weinküfer/innen - Spezialist;.;.;;;;;;;;;;;;;;;;;;;;;;;;;;;;;;;;;;;;;;;;;;;;;;;;;;;;;;;;;;;;;
29132 Brenner, Destillateure - Fachkraft;/;/;;;;;;;;;;;;;;;;;;;;;;;;;;;;;;;;;;;;;;;;;;;;;;;;;;;;;;;;;;;;;
29133 Brenner, Destillateure - Spezialist;.;.;;;;;;;;;;;;;;;;;;;;;;;;;;;;;;;;;;;;;;;;;;;;;;;;;;;;;;;;;;;;;
29134 Brenner, Destillateure - Experte;.;.;;;;;;;;;;;;;;;;;;;;;;;;;;;;;;;;;;;;;;;;;;;;;;;;;;;;;;;;;;;;;
29142 Fruchtsafttechnik - Fachkraft;(3 296);(3 437);;;;;;;;;;;;;;;;;;;;;;;;;;;;;;;;;;;;;;;;;;;;;;;;;;;;;;;;;;;;;
29143 Fruchtsafttechnik - Spezialist;/;/;;;;;;;;;;;;;;;;;;;;;;;;;;;;;;;;;;;;;;;;;;;;;;;;;;;;;;;;;;;;;
29152 Nahrungsmittel-,Getränkekoster-Fachkraft;.;.;;;;;;;;;;;;;;;;;;;;;;;;;;;;;;;;;;;;;;;;;;;;;;;;;;;;;;;;;;;;;
29193 Aufsicht - Getränkeherstellung;4 474;4 871;;;;;;;;;;;;;;;;;;;;;;;;;;;;;;;;;;;;;;;;;;;;;;;;;;;;;;;;;;;;;
29194 Führung - Getränkeherstellung;6 391;6 576;;;;;;;;;;;;;;;;;;;;;;;;;;;;;;;;;;;;;;;;;;;;;;;;;;;;;;;;;;;;;
29201 Lebensmittelherstellung (o.S.) - Helfer;2 596;2 784;;;;;;;;;;;;;;;;;;;;;;;;;;;;;;;;;;;;;;;;;;;;;;;;;;;;;;;;;;;;;
29202 Lebensmittelherstellung (oS) - Fachkraft;3 197;3 376;;;;;;;;;;;;;;;;;;;;;;;;;;;;;;;;;;;;;;;;;;;;;;;;;;;;;;;;;;;;;
29203 Lebensmittelherstellung (oS) -Spezialist;(3 427);(3 738);;;;;;;;;;;;;;;;;;;;;;;;;;;;;;;;;;;;;;;;;;;;;;;;;;;;;;;;;;;;;
29204 Lebensmittelherstellung (o.S.) - Experte;4 781;5 263;;;;;;;;;;;;;;;;;;;;;;;;;;;;;;;;;;;;;;;;;;;;;;;;;;;;;;;;;;;;;
29212 Mühlenprod.-,Futtermittelher.-Fachkraft;3 698;3 606;;;;;;;;;;;;;;;;;;;;;;;;;;;;;;;;;;;;;;;;;;;;;;;;;;;;;;;;;;;;;
29213 Mühlenprod.-,Futtermittelher.-Spezialist;.;.;;;;;;;;;;;;;;;;;;;;;;;;;;;;;;;;;;;;;;;;;;;;;;;;;;;;;;;;;;;;;
29222 Back-, Konditoreiwarenherst.-Fachkraft;2 848;2 983;;;;;;;;;;;;;;;;;;;;;;;;;;;;;;;;;;;;;;;;;;;;;;;;;;;;;;;;;;;;;
29223 Back-, Konditoreiwarenherst.-Spezialist;(3 560);(3 933);;;;;;;;;;;;;;;;;;;;;;;;;;;;;;;;;;;;;;;;;;;;;;;;;;;;;;;;;;;;;
29232 Fleischverarbeitung - Fachkraft;2 760;2 880;;;;;;;;;;;;;;;;;;;;;;;;;;;;;;;;;;;;;;;;;;;;;;;;;;;;;;;;;;;;;
29233 Fleischverarbeitung - Spezialist;/;/;;;;;;;;;;;;;;;;;;;;;;;;;;;;;;;;;;;;;;;;;;;;;;;;;;;;;;;;;;;;;
29242 Fischverarbeitung - Fachkraft;2 601;2 973;;;;;;;;;;;;;;;;;;;;;;;;;;;;;;;;;;;;;;;;;;;;;;;;;;;;;;;;;;;;;
29243 Fischverarbeitung - Spezialist;.;.;;;;;;;;;;;;;;;;;;;;;;;;;;;;;;;;;;;;;;;;;;;;;;;;;;;;;;;;;;;;;
29252 Milchproduktherstellung - Fachkraft;4 253;4 319;;;;;;;;;;;;;;;;;;;;;;;;;;;;;;;;;;;;;;;;;;;;;;;;;;;;;;;;;;;;;
29253 Milchproduktherstellung - Spezialist;(4 246);(4 657);;;;;;;;;;;;;;;;;;;;;;;;;;;;;;;;;;;;;;;;;;;;;;;;;;;;;;;;;;;;;
29262 Süßwarenherstellung - Fachkraft;3 131;3 169;;;;;;;;;;;;;;;;;;;;;;;;;;;;;;;;;;;;;;;;;;;;;;;;;;;;;;;;;;;;;
29263 Süßwarenherstellung - Spezialist;(4 000);(4 688);;;;;;;;;;;;;;;;;;;;;;;;;;;;;;;;;;;;;;;;;;;;;;;;;;;;;;;;;;;;;
29272 Tabakwarenherstellung - Fachkraft;3 668;3 906;;;;;;;;;;;;;;;;;;;;;;;;;;;;;;;;;;;;;;;;;;;;;;;;;;;;;;;;;;;;;
29273 Tabakwarenherstellung - Spezialist;7 529;7 574;;;;;;;;;;;;;;;;;;;;;;;;;;;;;;;;;;;;;;;;;;;;;;;;;;;;;;;;;;;;;
29282 Lebensmittelherstellung(ssT) - Fachkraft;3 036;3 178;;;;;;;;;;;;;;;;;;;;;;;;;;;;;;;;;;;;;;;;;;;;;;;;;;;;;;;;;;;;;
29283 Lebensmittelherstellung(ssT) -Spezialist;4 110;4 469;;;;;;;;;;;;;;;;;;;;;;;;;;;;;;;;;;;;;;;;;;;;;;;;;;;;;;;;;;;;;
29284 Lebensmittelherstellung (ssT) - Experte;(4 421);(5 019);;;;;;;;;;;;;;;;;;;;;;;;;;;;;;;;;;;;;;;;;;;;;;;;;;;;;;;;;;;;;
29293 Aufsicht-Lebens-,Genussmittelherstellung;3 900;4 236;;;;;;;;;;;;;;;;;;;;;;;;;;;;;;;;;;;;;;;;;;;;;;;;;;;;;;;;;;;;;
29294 Führung-Lebens-,Genussmittelherstellung;(4 334);(4 968);;;;;;;;;;;;;;;;;;;;;;;;;;;;;;;;;;;;;;;;;;;;;;;;;;;;;;;;;;;;;
29301 Köche/Köchinnen (o.S.) - Helfer;2 304;2 379;;;;;;;;;;;;;;;;;;;;;;;;;;;;;;;;;;;;;;;;;;;;;;;;;;;;;;;;;;;;;
29302 Köche/Köchinnen (o.S.) - Fachkraft;2 730;2 839;;;;;;;;;;;;;;;;;;;;;;;;;;;;;;;;;;;;;;;;;;;;;;;;;;;;;;;;;;;;;
29312 Vor-, Kalt-, Süßspeisenköche - Fachkraft;2 842;2 845;;;;;;;;;;;;;;;;;;;;;;;;;;;;;;;;;;;;;;;;;;;;;;;;;;;;;;;;;;;;;
29322 Grill-, Braten-, Fischköche - Fachkraft;2 796;2 833;;;;;;;;;;;;;;;;;;;;;;;;;;;;;;;;;;;;;;;;;;;;;;;;;;;;;;;;;;;;;
29382 Köche/Köchinnen (s.s.T.) - Fachkraft;2 339;2 417;;;;;;;;;;;;;;;;;;;;;;;;;;;;;;;;;;;;;;;;;;;;;;;;;;;;;;;;;;;;;
29393 Aufsicht - Speisenzubereitung;3 561;3 729;;;;;;;;;;;;;;;;;;;;;;;;;;;;;;;;;;;;;;;;;;;;;;;;;;;;;;;;;;;;;
29394 Führung - Speisenzubereitung;3 874;4 047;;;;;;;;;;;;;;;;;;;;;;;;;;;;;;;;;;;;;;;;;;;;;;;;;;;;;;;;;;;;;
31102 Bauplanung,-überwachung (oS)-Fachkraft;(4 223);(4 490);;;;;;;;;;;;;;;;;;;;;;;;;;;;;;;;;;;;;;;;;;;;;;;;;;;;;;;;;;;;;
31103 Bauplanung,-überwachung (oS)-Spezialist;4 758;5 238;;;;;;;;;;;;;;;;;;;;;;;;;;;;;;;;;;;;;;;;;;;;;;;;;;;;;;;;;;;;;
31104 Bauplanung, -überwachung (oS) - Experte;5 148;5 715;;;;;;;;;;;;;;;;;;;;;;;;;;;;;;;;;;;;;;;;;;;;;;;;;;;;;;;;;;;;;
31114 Architektur - Experte;4 400;4 820;;;;;;;;;;;;;;;;;;;;;;;;;;;;;;;;;;;;;;;;;;;;;;;;;;;;;;;;;;;;;
31124 Stadt- und Raumplanung - Experte;6 040;5 747;;;;;;;;;;;;;;;;;;;;;;;;;;;;;;;;;;;;;;;;;;;;;;;;;;;;;;;;;;;;;
31132 Bauplan. Verkehrswege,-anlagen-Fachkraft;3 427;3 500;;;;;;;;;;;;;;;;;;;;;;;;;;;;;;;;;;;;;;;;;;;;;;;;;;;;;;;;;;;;;
31133 Bauplan Verkehrswege,-anlagen-Spezialist;4 632;4 709;;;;;;;;;;;;;;;;;;;;;;;;;;;;;;;;;;;;;;;;;;;;;;;;;;;;;;;;;;;;;
31134 Bauplan. Verkehrswege,-anlagen - Experte;6 192;6 215;;;;;;;;;;;;;;;;;;;;;;;;;;;;;;;;;;;;;;;;;;;;;;;;;;;;;;;;;;;;;
31142 Wasserwirtschaft - Fachkraft;(4 355);(4 656);;;;;;;;;;;;;;;;;;;;;;;;;;;;;;;;;;;;;;;;;;;;;;;;;;;;;;;;;;;;;
31143 Wasserwirtschaft - Spezialist;(5 818);(5 894);;;;;;;;;;;;;;;;;;;;;;;;;;;;;;;;;;;;;;;;;;;;;;;;;;;;;;;;;;;;;
31144 Wasserwirtschaft - Experte;5 702;5 769;;;;;;;;;;;;;;;;;;;;;;;;;;;;;;;;;;;;;;;;;;;;;;;;;;;;;;;;;;;;;
31152 Bauwerkserhaltung,-erneuerung-Fachkraft;(2 532);(2 931);;;;;;;;;;;;;;;;;;;;;;;;;;;;;;;;;;;;;;;;;;;;;;;;;;;;;;;;;;;;;
31153 Bauwerkserhaltung,-erneuerung-Spezialist;4 890;4 615;;;;;;;;;;;;;;;;;;;;;;;;;;;;;;;;;;;;;;;;;;;;;;;;;;;;;;;;;;;;;
31154 Bauwerkserhaltung,-erneuerung-Experte;/;/;;;;;;;;;;;;;;;;;;;;;;;;;;;;;;;;;;;;;;;;;;;;;;;;;;;;;;;;;;;;;
31163 Bausachverständ,-kontrolleure-Spezialist;(4 053);(4 503);;;;;;;;;;;;;;;;;;;;;;;;;;;;;;;;;;;;;;;;;;;;;;;;;;;;;;;;;;;;;
31164 Bausachverständige,-kontrolleure-Experte;5 208;5 563;;;;;;;;;;;;;;;;;;;;;;;;;;;;;;;;;;;;;;;;;;;;;;;;;;;;;;;;;;;;;
31173 Bauabrechnung,-kalkulation - Spezialist;5 114;5 468;;;;;;;;;;;;;;;;;;;;;;;;;;;;;;;;;;;;;;;;;;;;;;;;;;;;;;;;;;;;;
31174 Bauabrechnung, -kalkulation - Experte;(5 643);(5 564);;;;;;;;;;;;;;;;;;;;;;;;;;;;;;;;;;;;;;;;;;;;;;;;;;;;;;;;;;;;;
31193 Aufsicht-Bauplan.,-überwach.,Architektur;5 364;5 606;;;;;;;;;;;;;;;;;;;;;;;;;;;;;;;;;;;;;;;;;;;;;;;;;;;;;;;;;;;;;
31194 Führung-Bauplan.,-überwach., Architektur;5 319;5 664;;;;;;;;;;;;;;;;;;;;;;;;;;;;;;;;;;;;;;;;;;;;;;;;;;;;;;;;;;;;;
31212 Vermessungstechnik - Fachkraft;3 680;3 850;;;;;;;;;;;;;;;;;;;;;;;;;;;;;;;;;;;;;;;;;;;;;;;;;;;;;;;;;;;;;
31213 Vermessungstechnik - Spezialist;(4 488);(4 769);;;;;;;;;;;;;;;;;;;;;;;;;;;;;;;;;;;;;;;;;;;;;;;;;;;;;;;;;;;;;
31214 Vermessungstechnik - Experte;4 749;5 026;;;;;;;;;;;;;;;;;;;;;;;;;;;;;;;;;;;;;;;;;;;;;;;;;;;;;;;;;;;;;
31222 Kartografie - Fachkraft;3 369;3 425;;;;;;;;;;;;;;;;;;;;;;;;;;;;;;;;;;;;;;;;;;;;;;;;;;;;;;;;;;;;;
31223 Kartografie - Spezialist;4 361;4 569;;;;;;;;;;;;;;;;;;;;;;;;;;;;;;;;;;;;;;;;;;;;;;;;;;;;;;;;;;;;;
31224 Kartografie - Experte;6 099;6 267;;;;;;;;;;;;;;;;;;;;;;;;;;;;;;;;;;;;;;;;;;;;;;;;;;;;;;;;;;;;;
32101 Hochbau (o.S.) - Helfer;2 575;2 651;;;;;;;;;;;;;;;;;;;;;;;;;;;;;;;;;;;;;;;;;;;;;;;;;;;;;;;;;;;;;
32102 Hochbau (o.S.) - Fachkraft;3 217;3 233;;;;;;;;;;;;;;;;;;;;;;;;;;;;;;;;;;;;;;;;;;;;;;;;;;;;;;;;;;;;;
32103 Hochbau (o.S.) - Spezialist;(5 203);(5 314);;;;;;;;;;;;;;;;;;;;;;;;;;;;;;;;;;;;;;;;;;;;;;;;;;;;;;;;;;;;;
32104 Hochbau (o.S.) - Experte;5 131;5 680;;;;;;;;;;;;;;;;;;;;;;;;;;;;;;;;;;;;;;;;;;;;;;;;;;;;;;;;;;;;;
32112 Beton- und Stahlbetonbau - Fachkraft;3 235;3 316;;;;;;;;;;;;;;;;;;;;;;;;;;;;;;;;;;;;;;;;;;;;;;;;;;;;;;;;;;;;;
32113 Beton- und Stahlbetonbau - Spezialist;(4 763);(5 265);;;;;;;;;;;;;;;;;;;;;;;;;;;;;;;;;;;;;;;;;;;;;;;;;;;;;;;;;;;;;
32122 Maurerhandwerk - Fachkraft;3 327;3 266;;;;;;;;;;;;;;;;;;;;;;;;;;;;;;;;;;;;;;;;;;;;;;;;;;;;;;;;;;;;;
32123 Maurerhandwerk - Spezialist;(4 374);(4 340);;;;;;;;;;;;;;;;;;;;;;;;;;;;;;;;;;;;;;;;;;;;;;;;;;;;;;;;;;;;;
32132 Schornsteinbau - Fachkraft;(4 027);(3 994);;;;;;;;;;;;;;;;;;;;;;;;;;;;;;;;;;;;;;;;;;;;;;;;;;;;;;;;;;;;;
32142 Dachdeckerei - Fachkraft;2 865;3 043;;;;;;;;;;;;;;;;;;;;;;;;;;;;;;;;;;;;;;;;;;;;;;;;;;;;;;;;;;;;;
32152 Fassadenbau - Fachkraft;/;/;;;;;;;;;;;;;;;;;;;;;;;;;;;;;;;;;;;;;;;;;;;;;;;;;;;;;;;;;;;;;
32162 Gerüstbau - Fachkraft;(3 441);(3 548);;;;;;;;;;;;;;;;;;;;;;;;;;;;;;;;;;;;;;;;;;;;;;;;;;;;;;;;;;;;;
32172 Bauwerksabbruch - Fachkraft;(2 953);(2 995);;;;;;;;;;;;;;;;;;;;;;;;;;;;;;;;;;;;;;;;;;;;;;;;;;;;;;;;;;;;;
32193 Aufsicht - Hochbau;4 588;4 681;;;;;;;;;;;;;;;;;;;;;;;;;;;;;;;;;;;;;;;;;;;;;;;;;;;;;;;;;;;;;
32201 Tiefbau (o.S.) - Helfer;2 922;2 994;;;;;;;;;;;;;;;;;;;;;;;;;;;;;;;;;;;;;;;;;;;;;;;;;;;;;;;;;;;;;
32202 Tiefbau (o.S.) - Fachkraft;3 300;3 399;;;;;;;;;;;;;;;;;;;;;;;;;;;;;;;;;;;;;;;;;;;;;;;;;;;;;;;;;;;;;
32203 Tiefbau (o.S.) - Spezialist;(4 000);(4 399);;;;;;;;;;;;;;;;;;;;;;;;;;;;;;;;;;;;;;;;;;;;;;;;;;;;;;;;;;;;;
32204 Tiefbau (o.S.) - Experte;6 055;6 410;;;;;;;;;;;;;;;;;;;;;;;;;;;;;;;;;;;;;;;;;;;;;;;;;;;;;;;;;;;;;
32212 Pflasterer, Steinsetzer - Fachkraft;(3 008);(3 026);;;;;;;;;;;;;;;;;;;;;;;;;;;;;;;;;;;;;;;;;;;;;;;;;;;;;;;;;;;;;
32222 Straßen- und Asphaltbau - Fachkraft;3 398;3 499;;;;;;;;;;;;;;;;;;;;;;;;;;;;;;;;;;;;;;;;;;;;;;;;;;;;;;;;;;;;;
32223 Straßen- und Asphaltbau - Spezialist;5 255;5 810;;;;;;;;;;;;;;;;;;;;;;;;;;;;;;;;;;;;;;;;;;;;;;;;;;;;;;;;;;;;;
32224 Straßen- und Asphaltbau - Experte;6 209;6 505;;;;;;;;;;;;;;;;;;;;;;;;;;;;;;;;;;;;;;;;;;;;;;;;;;;;;;;;;;;;;
32232 Gleisbau - Fachkraft;4 090;4 422;;;;;;;;;;;;;;;;;;;;;;;;;;;;;;;;;;;;;;;;;;;;;;;;;;;;;;;;;;;;;
32233 Gleisbau - Spezialist;6 452;6 851;;;;;;;;;;;;;;;;;;;;;;;;;;;;;;;;;;;;;;;;;;;;;;;;;;;;;;;;;;;;;
32242 Brunnenbau - Fachkraft;(4 028);(3 979);;;;;;;;;;;;;;;;;;;;;;;;;;;;;;;;;;;;;;;;;;;;;;;;;;;;;;;;;;;;;
32243 Brunnenbau - Spezialist;/;/;;;;;;;;;;;;;;;;;;;;;;;;;;;;;;;;;;;;;;;;;;;;;;;;;;;;;;;;;;;;;
32252 Kanal- und Tunnelbau - Fachkraft;3 197;3 315;;;;;;;;;;;;;;;;;;;;;;;;;;;;;;;;;;;;;;;;;;;;;;;;;;;;;;;;;;;;;
32253 Kanal- und Tunnelbau - Spezialist;4 755;4 637;;;;;;;;;;;;;;;;;;;;;;;;;;;;;;;;;;;;;;;;;;;;;;;;;;;;;;;;;;;;;
32262 Kultur- und Wasserbau - Fachkraft;3 473;3 557;;;;;;;;;;;;;;;;;;;;;;;;;;;;;;;;;;;;;;;;;;;;;;;;;;;;;;;;;;;;;
32263 Kultur- und Wasserbau - Spezialist;4 682;4 819;;;;;;;;;;;;;;;;;;;;;;;;;;;;;;;;;;;;;;;;;;;;;;;;;;;;;;;;;;;;;
32264 Kultur- und Wasserbau - Experte;5 400;5 876;;;;;;;;;;;;;;;;;;;;;;;;;;;;;;;;;;;;;;;;;;;;;;;;;;;;;;;;;;;;;
32293 Aufsicht - Tiefbau;5 260;5 544;;;;;;;;;;;;;;;;;;;;;;;;;;;;;;;;;;;;;;;;;;;;;;;;;;;;;;;;;;;;;
33101 Bodenverlegung (o.S.) - Helfer;(2 784);(2 717);;;;;;;;;;;;;;;;;;;;;;;;;;;;;;;;;;;;;;;;;;;;;;;;;;;;;;;;;;;;;
33102 Bodenverlegung (o.S.) - Fachkraft;(2 564);(2 655);;;;;;;;;;;;;;;;;;;;;;;;;;;;;;;;;;;;;;;;;;;;;;;;;;;;;;;;;;;;;
33112 Fliesen-Platten-,Mosaikverleg.-Fachkraft;3 084;3 187;;;;;;;;;;;;;;;;;;;;;;;;;;;;;;;;;;;;;;;;;;;;;;;;;;;;;;;;;;;;;
33122 Estrich-, Terrazzoverlegung - Fachkraft;(3 334);(3 318);;;;;;;;;;;;;;;;;;;;;;;;;;;;;;;;;;;;;;;;;;;;;;;;;;;;;;;;;;;;;
33132 Parkettverlegung - Fachkraft;3 263;3 177;;;;;;;;;;;;;;;;;;;;;;;;;;;;;;;;;;;;;;;;;;;;;;;;;;;;;;;;;;;;;
33133 Parkettverlegung - Spezialist;.;.;;;;;;;;;;;;;;;;;;;;;;;;;;;;;;;;;;;;;;;;;;;;;;;;;;;;;;;;;;;;;
33193 Aufsicht - Bodenverlegung;/;/;;;;;;;;;;;;;;;;;;;;;;;;;;;;;;;;;;;;;;;;;;;;;;;;;;;;;;;;;;;;;
33211 Maler-, Lackiererarbeiten - Helfer;2 408;2 588;;;;;;;;;;;;;;;;;;;;;;;;;;;;;;;;;;;;;;;;;;;;;;;;;;;;;;;;;;;;;
33212 Maler-, Lackiererarbeiten - Fachkraft;2 833;2 908;;;;;;;;;;;;;;;;;;;;;;;;;;;;;;;;;;;;;;;;;;;;;;;;;;;;;;;;;;;;;
33213 Maler-, Lackiererarbeiten - Spezialist;2 975;3 021;;;;;;;;;;;;;;;;;;;;;;;;;;;;;;;;;;;;;;;;;;;;;;;;;;;;;;;;;;;;;
33222 Stuckateurarbeiten - Fachkraft;3 212;3 226;;;;;;;;;;;;;;;;;;;;;;;;;;;;;;;;;;;;;;;;;;;;;;;;;;;;;;;;;;;;;
33223 Stuckateurarbeiten - Spezialist;.;.;;;;;;;;;;;;;;;;;;;;;;;;;;;;;;;;;;;;;;;;;;;;;;;;;;;;;;;;;;;;;
33232 Bauwerksabdichtung - Fachkraft;/;/;;;;;;;;;;;;;;;;;;;;;;;;;;;;;;;;;;;;;;;;;;;;;;;;;;;;;;;;;;;;;
33233 Bauwerksabdichtung - Spezialist;.;.;;;;;;;;;;;;;;;;;;;;;;;;;;;;;;;;;;;;;;;;;;;;;;;;;;;;;;;;;;;;;
33242 Holz- und Bautenschutz - Fachkraft;3 366;3 673;;;;;;;;;;;;;;;;;;;;;;;;;;;;;;;;;;;;;;;;;;;;;;;;;;;;;;;;;;;;;
33243 Holz- und Bautenschutz - Spezialist;.;.;;;;;;;;;;;;;;;;;;;;;;;;;;;;;;;;;;;;;;;;;;;;;;;;;;;;;;;;;;;;;
33293 Aufsicht-MalerStuckBauwerksabdBautensch.;(3 603);(3 981);;;;;;;;;;;;;;;;;;;;;;;;;;;;;;;;;;;;;;;;;;;;;;;;;;;;;;;;;;;;;
33301 Aus- und Trockenbau (o.S.) - Helfer;(2 560);(2 509);;;;;;;;;;;;;;;;;;;;;;;;;;;;;;;;;;;;;;;;;;;;;;;;;;;;;;;;;;;;;
33302 Aus- und Trockenbau (o.S.) - Fachkraft;2 878;2 970;;;;;;;;;;;;;;;;;;;;;;;;;;;;;;;;;;;;;;;;;;;;;;;;;;;;;;;;;;;;;
33303 Aus- und Trockenbau (o.S.) - Spezialist;/;/;;;;;;;;;;;;;;;;;;;;;;;;;;;;;;;;;;;;;;;;;;;;;;;;;;;;;;;;;;;;;
33312 Isolierung - Fachkraft;3 389;3 487;;;;;;;;;;;;;;;;;;;;;;;;;;;;;;;;;;;;;;;;;;;;;;;;;;;;;;;;;;;;;
33322 Zimmerei - Fachkraft;3 353;3 378;;;;;;;;;;;;;;;;;;;;;;;;;;;;;;;;;;;;;;;;;;;;;;;;;;;;;;;;;;;;;
33323 Zimmerei - Spezialist;(3 830);(4 042);;;;;;;;;;;;;;;;;;;;;;;;;;;;;;;;;;;;;;;;;;;;;;;;;;;;;;;;;;;;;
33332 Bautischlerei - Fachkraft;2 900;2 985;;;;;;;;;;;;;;;;;;;;;;;;;;;;;;;;;;;;;;;;;;;;;;;;;;;;;;;;;;;;;
33342 Glaserei - Fachkraft;3 162;3 292;;;;;;;;;;;;;;;;;;;;;;;;;;;;;;;;;;;;;;;;;;;;;;;;;;;;;;;;;;;;;
33352 Rollladen- und Jalousiebau - Fachkraft;2 885;2 869;;;;;;;;;;;;;;;;;;;;;;;;;;;;;;;;;;;;;;;;;;;;;;;;;;;;;;;;;;;;;
33393 Aufsicht-Aus-,Trockenbau.Iso.Zimm.Glas.;(4 168);(4 394);;;;;;;;;;;;;;;;;;;;;;;;;;;;;;;;;;;;;;;;;;;;;;;;;;;;;;;;;;;;;
34102 Gebäudetechnik (o.S.) - Fachkraft;2 963;3 025;;;;;;;;;;;;;;;;;;;;;;;;;;;;;;;;;;;;;;;;;;;;;;;;;;;;;;;;;;;;;
34103 Gebäudetechnik (o.S.) - Spezialist;3 815;4 006;;;;;;;;;;;;;;;;;;;;;;;;;;;;;;;;;;;;;;;;;;;;;;;;;;;;;;;;;;;;;
34104 Gebäudetechnik (o.S.) - Experte;5 720;6 083;;;;;;;;;;;;;;;;;;;;;;;;;;;;;;;;;;;;;;;;;;;;;;;;;;;;;;;;;;;;;
34112 Platz-, Gerätewarte/innen - Fachkraft;2 630;2 885;;;;;;;;;;;;;;;;;;;;;;;;;;;;;;;;;;;;;;;;;;;;;;;;;;;;;;;;;;;;;
34193 Aufsicht - Gebäudetechnik;4 298;4 652;;;;;;;;;;;;;;;;;;;;;;;;;;;;;;;;;;;;;;;;;;;;;;;;;;;;;;;;;;;;;
34201 Klempnerei (o.S.) - Helfer;2 540;2 776;;;;;;;;;;;;;;;;;;;;;;;;;;;;;;;;;;;;;;;;;;;;;;;;;;;;;;;;;;;;;
34202 Klempnerei (o.S.) - Fachkraft;3 244;3 342;;;;;;;;;;;;;;;;;;;;;;;;;;;;;;;;;;;;;;;;;;;;;;;;;;;;;;;;;;;;;
34203 Klempnerei (o.S.) - Spezialist;(4 065);(4 106);;;;;;;;;;;;;;;;;;;;;;;;;;;;;;;;;;;;;;;;;;;;;;;;;;;;;;;;;;;;;
34212 Sanitär,Heizung,Klimatechnik - Fachkraft;3 236;3 412;;;;;;;;;;;;;;;;;;;;;;;;;;;;;;;;;;;;;;;;;;;;;;;;;;;;;;;;;;;;;
34213 Sanitär,Heizung,Klimatechnik -Spezialist;(3 514);(4 038);;;;;;;;;;;;;;;;;;;;;;;;;;;;;;;;;;;;;;;;;;;;;;;;;;;;;;;;;;;;;
34214 Sanitär,Heizung,Klimatechnik - Experte;5 471;6 057;;;;;;;;;;;;;;;;;;;;;;;;;;;;;;;;;;;;;;;;;;;;;;;;;;;;;;;;;;;;;
34222 Ofen- und Luftheizungsbau - Fachkraft;(3 743);(3 860);;;;;;;;;;;;;;;;;;;;;;;;;;;;;;;;;;;;;;;;;;;;;;;;;;;;;;;;;;;;;
34232 Kältetechnik - Fachkraft;(3 597);(3 923);;;;;;;;;;;;;;;;;;;;;;;;;;;;;;;;;;;;;;;;;;;;;;;;;;;;;;;;;;;;;
34233 Kältetechnik - Spezialist;4 277;4 630;;;;;;;;;;;;;;;;;;;;;;;;;;;;;;;;;;;;;;;;;;;;;;;;;;;;;;;;;;;;;
34234 Kältetechnik - Experte;4 400;4 679;;;;;;;;;;;;;;;;;;;;;;;;;;;;;;;;;;;;;;;;;;;;;;;;;;;;;;;;;;;;;
34293 Aufsicht-Klemp.Sanitär,Heizung,Klimatech;(4 466);(4 620);;;;;;;;;;;;;;;;;;;;;;;;;;;;;;;;;;;;;;;;;;;;;;;;;;;;;;;;;;;;;
34301 Ver- und Entsorgung (o.S.) - Helfer;2 969;2 977;;;;;;;;;;;;;;;;;;;;;;;;;;;;;;;;;;;;;;;;;;;;;;;;;;;;;;;;;;;;;
34302 Ver- und Entsorgung (o.S.) - Fachkraft;3 523;3 804;;;;;;;;;;;;;;;;;;;;;;;;;;;;;;;;;;;;;;;;;;;;;;;;;;;;;;;;;;;;;
34303 Ver- und Entsorgung (o.S.) - Spezialist;5 043;5 124;;;;;;;;;;;;;;;;;;;;;;;;;;;;;;;;;;;;;;;;;;;;;;;;;;;;;;;;;;;;;
34304 Ver- und Entsorgung (o.S.) - Experte;5 452;6 049;;;;;;;;;;;;;;;;;;;;;;;;;;;;;;;;;;;;;;;;;;;;;;;;;;;;;;;;;;;;;
34312 Wasserversorg.,Abwassertechn.-Fachkraft;3 782;3 887;;;;;;;;;;;;;;;;;;;;;;;;;;;;;;;;;;;;;;;;;;;;;;;;;;;;;;;;;;;;;
34313 Wasserversorg.,Abwassertechn.-Spezialist;(4 445);(4 756);;;;;;;;;;;;;;;;;;;;;;;;;;;;;;;;;;;;;;;;;;;;;;;;;;;;;;;;;;;;;
34314 Wasserversorg.,Abwassertechn.-Experte;7 150;6 653;;;;;;;;;;;;;;;;;;;;;;;;;;;;;;;;;;;;;;;;;;;;;;;;;;;;;;;;;;;;;
34322 Rohrleitungsbau - Fachkraft;3 466;3 622;;;;;;;;;;;;;;;;;;;;;;;;;;;;;;;;;;;;;;;;;;;;;;;;;;;;;;;;;;;;;
34323 Rohrleitungsbau - Spezialist;5 403;5 283;;;;;;;;;;;;;;;;;;;;;;;;;;;;;;;;;;;;;;;;;;;;;;;;;;;;;;;;;;;;;
34324 Rohrleitungsbau - Experte;(5 892);(6 325);;;;;;;;;;;;;;;;;;;;;;;;;;;;;;;;;;;;;;;;;;;;;;;;;;;;;;;;;;;;;
34332 Abfallwirtschaft - Fachkraft;2 933;3 102;;;;;;;;;;;;;;;;;;;;;;;;;;;;;;;;;;;;;;;;;;;;;;;;;;;;;;;;;;;;;
34333 Abfallwirtschaft - Spezialist;(4 070);(3 888);;;;;;;;;;;;;;;;;;;;;;;;;;;;;;;;;;;;;;;;;;;;;;;;;;;;;;;;;;;;;
34334 Abfallwirtschaft - Experte;5 621;5 882;;;;;;;;;;;;;;;;;;;;;;;;;;;;;;;;;;;;;;;;;;;;;;;;;;;;;;;;;;;;;
34342 Anlagen-,Behälter-,Apparatebau-Fachkraft;3 527;3 784;;;;;;;;;;;;;;;;;;;;;;;;;;;;;;;;;;;;;;;;;;;;;;;;;;;;;;;;;;;;;
34343 Anlage-,Behälter-,Apparatebau-Spezialist;4 786;4 979;;;;;;;;;;;;;;;;;;;;;;;;;;;;;;;;;;;;;;;;;;;;;;;;;;;;;;;;;;;;;
34344 Anlagen-,Behälter-,Apparatebau-Experte;6 012;6 690;;;;;;;;;;;;;;;;;;;;;;;;;;;;;;;;;;;;;;;;;;;;;;;;;;;;;;;;;;;;;
34393 Aufsicht - Ver- und Entsorgung;5 142;5 337;;;;;;;;;;;;;;;;;;;;;;;;;;;;;;;;;;;;;;;;;;;;;;;;;;;;;;;;;;;;;
41103 Mathematik (o.S.) - Spezialist;5 497;5 650;;;;;;;;;;;;;;;;;;;;;;;;;;;;;;;;;;;;;;;;;;;;;;;;;;;;;;;;;;;;;
41104 Mathematik (o.S.) - Experte;6 106;6 879;;;;;;;;;;;;;;;;;;;;;;;;;;;;;;;;;;;;;;;;;;;;;;;;;;;;;;;;;;;;;
41114 Statistik - Experte;5 382;5 701;;;;;;;;;;;;;;;;;;;;;;;;;;;;;;;;;;;;;;;;;;;;;;;;;;;;;;;;;;;;;
41184 Mathematik (s.s.T.) - Experte;6 159;6 510;;;;;;;;;;;;;;;;;;;;;;;;;;;;;;;;;;;;;;;;;;;;;;;;;;;;;;;;;;;;;
41194 Führung - Mathematik und Statistik;/;/;;;;;;;;;;;;;;;;;;;;;;;;;;;;;;;;;;;;;;;;;;;;;;;;;;;;;;;;;;;;;
41203 Biologie (o.S.) - Spezialist;4 184;4 177;;;;;;;;;;;;;;;;;;;;;;;;;;;;;;;;;;;;;;;;;;;;;;;;;;;;;;;;;;;;;
41204 Biologie (o.S.) - Experte;5 545;5 745;;;;;;;;;;;;;;;;;;;;;;;;;;;;;;;;;;;;;;;;;;;;;;;;;;;;;;;;;;;;;
41212 Biologisch-techn. Laboratorium-Fachkraft;3 680;3 960;;;;;;;;;;;;;;;;;;;;;;;;;;;;;;;;;;;;;;;;;;;;;;;;;;;;;;;;;;;;;
41213 Biologisch-techn.Laboratorium-Spezialist;4 506;4 942;;;;;;;;;;;;;;;;;;;;;;;;;;;;;;;;;;;;;;;;;;;;;;;;;;;;;;;;;;;;;
41214 Biologisch-techn.Laboratorium-Experte;5 100;5 444;;;;;;;;;;;;;;;;;;;;;;;;;;;;;;;;;;;;;;;;;;;;;;;;;;;;;;;;;;;;;
41222 Biologische Präparation - Fachkraft;3 294;3 385;;;;;;;;;;;;;;;;;;;;;;;;;;;;;;;;;;;;;;;;;;;;;;;;;;;;;;;;;;;;;
41234 Biologie (Ökologie) - Experte;4 499;4 884;;;;;;;;;;;;;;;;;;;;;;;;;;;;;;;;;;;;;;;;;;;;;;;;;;;;;;;;;;;;;
41244 Biologie (Botanik) - Experte;/;/;;;;;;;;;;;;;;;;;;;;;;;;;;;;;;;;;;;;;;;;;;;;;;;;;;;;;;;;;;;;;
41254 Biologie (Zoologie) - Experte;4 911;5 166;;;;;;;;;;;;;;;;;;;;;;;;;;;;;;;;;;;;;;;;;;;;;;;;;;;;;;;;;;;;;
41264 Biologie (Mikrobiologie) - Experte;(5 240);(6 043);;;;;;;;;;;;;;;;;;;;;;;;;;;;;;;;;;;;;;;;;;;;;;;;;;;;;;;;;;;;;
41274 Biologie (Humanbiologie) - Experte;5 703;6 240;;;;;;;;;;;;;;;;;;;;;;;;;;;;;;;;;;;;;;;;;;;;;;;;;;;;;;;;;;;;;
41283 Biologie (s.s.T.) - Spezialist;5 314;5 400;;;;;;;;;;;;;;;;;;;;;;;;;;;;;;;;;;;;;;;;;;;;;;;;;;;;;;;;;;;;;
41284 Biologie (s.s.T.) - Experte;(5 216);(5 501);;;;;;;;;;;;;;;;;;;;;;;;;;;;;;;;;;;;;;;;;;;;;;;;;;;;;;;;;;;;;
41293 Aufsicht - Biologie;5 881;6 004;;;;;;;;;;;;;;;;;;;;;;;;;;;;;;;;;;;;;;;;;;;;;;;;;;;;;;;;;;;;;
41294 Führung - Biologie;/;/;;;;;;;;;;;;;;;;;;;;;;;;;;;;;;;;;;;;;;;;;;;;;;;;;;;;;;;;;;;;;
41303 Chemie (o.S.) - Spezialist;5 501;5 522;;;;;;;;;;;;;;;;;;;;;;;;;;;;;;;;;;;;;;;;;;;;;;;;;;;;;;;;;;;;;
41304 Chemie (o.S.) - Experte;7 007;8 136;;;;;;;;;;;;;;;;;;;;;;;;;;;;;;;;;;;;;;;;;;;;;;;;;;;;;;;;;;;;;
41311 Chemie- und Pharmatechnik - Helfer;3 200;3 382;;;;;;;;;;;;;;;;;;;;;;;;;;;;;;;;;;;;;;;;;;;;;;;;;;;;;;;;;;;;;
41312 Chemie- und Pharmatechnik - Fachkraft;4 405;4 652;;;;;;;;;;;;;;;;;;;;;;;;;;;;;;;;;;;;;;;;;;;;;;;;;;;;;;;;;;;;;
41313 Chemie- und Pharmatechnik - Spezialist;5 732;6 110;;;;;;;;;;;;;;;;;;;;;;;;;;;;;;;;;;;;;;;;;;;;;;;;;;;;;;;;;;;;;
41314 Chemie- und Pharmatechnik - Experte;6 635;7 164;;;;;;;;;;;;;;;;;;;;;;;;;;;;;;;;;;;;;;;;;;;;;;;;;;;;;;;;;;;;;
41322 Chemisch-techn. Laboratorium - Fachkraft;3 928;4 189;;;;;;;;;;;;;;;;;;;;;;;;;;;;;;;;;;;;;;;;;;;;;;;;;;;;;;;;;;;;;
41323 Chemisch-techn.Laboratorium - Spezialist;4 895;5 000;;;;;;;;;;;;;;;;;;;;;;;;;;;;;;;;;;;;;;;;;;;;;;;;;;;;;;;;;;;;;
41324 Chemisch-techn.Laboratorium - Experte;5 110;5 609;;;;;;;;;;;;;;;;;;;;;;;;;;;;;;;;;;;;;;;;;;;;;;;;;;;;;;;;;;;;;
41333 Steuerer chem. Verfahrensanl.-Spezialist;(3 708);(3 974);;;;;;;;;;;;;;;;;;;;;;;;;;;;;;;;;;;;;;;;;;;;;;;;;;;;;;;;;;;;;
41343 Steuerer Erdöl,Erdgasraf.anl.-Spezialist;6 904;7 220;;;;;;;;;;;;;;;;;;;;;;;;;;;;;;;;;;;;;;;;;;;;;;;;;;;;;;;;;;;;;
41383 Chemie (s.s.T.) - Spezialist;5 264;5 408;;;;;;;;;;;;;;;;;;;;;;;;;;;;;;;;;;;;;;;;;;;;;;;;;;;;;;;;;;;;;
41384 Chemie (s.s.T.) - Experte;4 919;5 468;;;;;;;;;;;;;;;;;;;;;;;;;;;;;;;;;;;;;;;;;;;;;;;;;;;;;;;;;;;;;
41393 Aufsicht - Chemie;6 571;6 953;;;;;;;;;;;;;;;;;;;;;;;;;;;;;;;;;;;;;;;;;;;;;;;;;;;;;;;;;;;;;
41394 Führung - Chemie;8 065;8 341;;;;;;;;;;;;;;;;;;;;;;;;;;;;;;;;;;;;;;;;;;;;;;;;;;;;;;;;;;;;;
41403 Physik (o.S.) - Spezialist;4 535;4 509;;;;;;;;;;;;;;;;;;;;;;;;;;;;;;;;;;;;;;;;;;;;;;;;;;;;;;;;;;;;;
41404 Physik (o.S.) - Experte;5 870;5 992;;;;;;;;;;;;;;;;;;;;;;;;;;;;;;;;;;;;;;;;;;;;;;;;;;;;;;;;;;;;;
41412 Physikalisch-tech.Laboratorium-Fachkraft;4 027;4 340;;;;;;;;;;;;;;;;;;;;;;;;;;;;;;;;;;;;;;;;;;;;;;;;;;;;;;;;;;;;;
41413 Physikal.-techn. Laboratorium-Spezialist;4 891;5 242;;;;;;;;;;;;;;;;;;;;;;;;;;;;;;;;;;;;;;;;;;;;;;;;;;;;;;;;;;;;;
41414 Physikalisch-techn. Laboratorium-Experte;(6 000);(6 508);;;;;;;;;;;;;;;;;;;;;;;;;;;;;;;;;;;;;;;;;;;;;;;;;;;;;;;;;;;;;
41422 Werkstofftechnik - Fachkraft;3 888;4 034;;;;;;;;;;;;;;;;;;;;;;;;;;;;;;;;;;;;;;;;;;;;;;;;;;;;;;;;;;;;;
41423 Werkstofftechnik - Spezialist;5 268;5 408;;;;;;;;;;;;;;;;;;;;;;;;;;;;;;;;;;;;;;;;;;;;;;;;;;;;;;;;;;;;;
41424 Werkstofftechnik - Experte;6 000;6 173;;;;;;;;;;;;;;;;;;;;;;;;;;;;;;;;;;;;;;;;;;;;;;;;;;;;;;;;;;;;;
41432 Baustoffprüfung - Fachkraft;3 603;3 777;;;;;;;;;;;;;;;;;;;;;;;;;;;;;;;;;;;;;;;;;;;;;;;;;;;;;;;;;;;;;
41433 Baustoffprüfung - Spezialist;(4 723);(4 758);;;;;;;;;;;;;;;;;;;;;;;;;;;;;;;;;;;;;;;;;;;;;;;;;;;;;;;;;;;;;
41434 Baustoffprüfung - Experte;(4 409);(4 852);;;;;;;;;;;;;;;;;;;;;;;;;;;;;;;;;;;;;;;;;;;;;;;;;;;;;;;;;;;;;
41482 Physik (s.s.T.) - Fachkraft;(4 881);(5 549);;;;;;;;;;;;;;;;;;;;;;;;;;;;;;;;;;;;;;;;;;;;;;;;;;;;;;;;;;;;;
41483 Physik (s.s.T.) - Spezialist;4 311;4 297;;;;;;;;;;;;;;;;;;;;;;;;;;;;;;;;;;;;;;;;;;;;;;;;;;;;;;;;;;;;;
41484 Physik (s.s.T.) - Experte;5 962;6 100;;;;;;;;;;;;;;;;;;;;;;;;;;;;;;;;;;;;;;;;;;;;;;;;;;;;;;;;;;;;;
41493 Aufsicht - Physik;(6 209);(7 041);;;;;;;;;;;;;;;;;;;;;;;;;;;;;;;;;;;;;;;;;;;;;;;;;;;;;;;;;;;;;
41494 Führung - Physik;6 118;6 798;;;;;;;;;;;;;;;;;;;;;;;;;;;;;;;;;;;;;;;;;;;;;;;;;;;;;;;;;;;;;
42112 Geotechnik - Fachkraft;3 600;3 598;;;;;;;;;;;;;;;;;;;;;;;;;;;;;;;;;;;;;;;;;;;;;;;;;;;;;;;;;;;;;
42113 Geotechnik - Spezialist;(4 042);(4 608);;;;;;;;;;;;;;;;;;;;;;;;;;;;;;;;;;;;;;;;;;;;;;;;;;;;;;;;;;;;;
42114 Geotechnik - Experte;(5 074);(6 073);;;;;;;;;;;;;;;;;;;;;;;;;;;;;;;;;;;;;;;;;;;;;;;;;;;;;;;;;;;;;
42124 Geologie - Experte;5 330;6 035;;;;;;;;;;;;;;;;;;;;;;;;;;;;;;;;;;;;;;;;;;;;;;;;;;;;;;;;;;;;;
42134 Geografie - Experte;(4 350);(4 646);;;;;;;;;;;;;;;;;;;;;;;;;;;;;;;;;;;;;;;;;;;;;;;;;;;;;;;;;;;;;
42142 Meteorologie - Fachkraft;3 554;3 648;;;;;;;;;;;;;;;;;;;;;;;;;;;;;;;;;;;;;;;;;;;;;;;;;;;;;;;;;;;;;
42143 Meteorologie - Spezialist;4 678;4 650;;;;;;;;;;;;;;;;;;;;;;;;;;;;;;;;;;;;;;;;;;;;;;;;;;;;;;;;;;;;;
42144 Meteorologie - Experte;(5 696);(5 858);;;;;;;;;;;;;;;;;;;;;;;;;;;;;;;;;;;;;;;;;;;;;;;;;;;;;;;;;;;;;
42202 Umweltschutztechnik (o.S.) - Fachkraft;3 794;4 115;;;;;;;;;;;;;;;;;;;;;;;;;;;;;;;;;;;;;;;;;;;;;;;;;;;;;;;;;;;;;
42203 Umweltschutztechnik (o.S.) - Spezialist;4 691;4 637;;;;;;;;;;;;;;;;;;;;;;;;;;;;;;;;;;;;;;;;;;;;;;;;;;;;;;;;;;;;;
42204 Umweltschutztechnik (o.S.) - Experte;5 150;5 397;;;;;;;;;;;;;;;;;;;;;;;;;;;;;;;;;;;;;;;;;;;;;;;;;;;;;;;;;;;;;
42212 Schornsteinfeger/innen - Fachkraft;3 655;3 572;;;;;;;;;;;;;;;;;;;;;;;;;;;;;;;;;;;;;;;;;;;;;;;;;;;;;;;;;;;;;
42283 Umweltschutztechnik(s.s.T.) - Spezialist;(4 567);(5 008);;;;;;;;;;;;;;;;;;;;;;;;;;;;;;;;;;;;;;;;;;;;;;;;;;;;;;;;;;;;;
42293 Aufsicht - Umweltschutztechnik;(6 857);(6 188);;;;;;;;;;;;;;;;;;;;;;;;;;;;;;;;;;;;;;;;;;;;;;;;;;;;;;;;;;;;;
42312 Umweltschutzverwalt.,-beratung-Fachkraft;/;/;;;;;;;;;;;;;;;;;;;;;;;;;;;;;;;;;;;;;;;;;;;;;;;;;;;;;;;;;;;;;
42313 Umweltschutzverwalt,-beratung-Spezialist;4 635;4 778;;;;;;;;;;;;;;;;;;;;;;;;;;;;;;;;;;;;;;;;;;;;;;;;;;;;;;;;;;;;;
42314 Umweltschutzverwaltung,-beratung-Experte;5 725;5 701;;;;;;;;;;;;;;;;;;;;;;;;;;;;;;;;;;;;;;;;;;;;;;;;;;;;;;;;;;;;;
42323 Gewäs.Immissions,Abfallbeauf.-Spezialist;/;/;;;;;;;;;;;;;;;;;;;;;;;;;;;;;;;;;;;;;;;;;;;;;;;;;;;;;;;;;;;;;
42324 Gewäs.Immissions,Abfallbeauf.-Experte;4 913;5 115;;;;;;;;;;;;;;;;;;;;;;;;;;;;;;;;;;;;;;;;;;;;;;;;;;;;;;;;;;;;;
42333 Strahlenschutzbeauftragte - Spezialist;(3 976);(4 372);;;;;;;;;;;;;;;;;;;;;;;;;;;;;;;;;;;;;;;;;;;;;;;;;;;;;;;;;;;;;
42334 Strahlenschutzbeauftragte - Experte;(4 344);(4 798);;;;;;;;;;;;;;;;;;;;;;;;;;;;;;;;;;;;;;;;;;;;;;;;;;;;;;;;;;;;;
42394 Führung - Umweltmanagement und -beratung;(10 000);(10 753);;;;;;;;;;;;;;;;;;;;;;;;;;;;;;;;;;;;;;;;;;;;;;;;;;;;;;;;;;;;;
43102 Informatik (o.S.) - Fachkraft;4 545;4 997;;;;;;;;;;;;;;;;;;;;;;;;;;;;;;;;;;;;;;;;;;;;;;;;;;;;;;;;;;;;;
43103 Informatik (o.S.) - Spezialist;6 304;6 623;;;;;;;;;;;;;;;;;;;;;;;;;;;;;;;;;;;;;;;;;;;;;;;;;;;;;;;;;;;;;
43104 Informatik (o.S.) - Experte;5 998;6 334;;;;;;;;;;;;;;;;;;;;;;;;;;;;;;;;;;;;;;;;;;;;;;;;;;;;;;;;;;;;;
43112 Wirtschaftsinformatik - Fachkraft;(4 441);(5 158);;;;;;;;;;;;;;;;;;;;;;;;;;;;;;;;;;;;;;;;;;;;;;;;;;;;;;;;;;;;;
43113 Wirtschaftsinformatik - Spezialist;5 427;5 565;;;;;;;;;;;;;;;;;;;;;;;;;;;;;;;;;;;;;;;;;;;;;;;;;;;;;;;;;;;;;
43114 Wirtschaftsinformatik - Experte;5 769;6 334;;;;;;;;;;;;;;;;;;;;;;;;;;;;;;;;;;;;;;;;;;;;;;;;;;;;;;;;;;;;;
43122 Technische Informatik - Fachkraft;4 695;4 968;;;;;;;;;;;;;;;;;;;;;;;;;;;;;;;;;;;;;;;;;;;;;;;;;;;;;;;;;;;;;
43123 Technische Informatik - Spezialist;4 170;4 590;;;;;;;;;;;;;;;;;;;;;;;;;;;;;;;;;;;;;;;;;;;;;;;;;;;;;;;;;;;;;
43124 Technische Informatik - Experte;(5 535);(5 861);;;;;;;;;;;;;;;;;;;;;;;;;;;;;;;;;;;;;;;;;;;;;;;;;;;;;;;;;;;;;
43134 Bio-, Medizininformatik - Experte;(5 545);(5 969);;;;;;;;;;;;;;;;;;;;;;;;;;;;;;;;;;;;;;;;;;;;;;;;;;;;;;;;;;;;;
43144 Geoinformatik - Experte;(4 200);(4 430);;;;;;;;;;;;;;;;;;;;;;;;;;;;;;;;;;;;;;;;;;;;;;;;;;;;;;;;;;;;;
43152 Medieninformatik - Fachkraft;3 769;4 093;;;;;;;;;;;;;;;;;;;;;;;;;;;;;;;;;;;;;;;;;;;;;;;;;;;;;;;;;;;;;
43153 Medieninformatik - Spezialist;/;/;;;;;;;;;;;;;;;;;;;;;;;;;;;;;;;;;;;;;;;;;;;;;;;;;;;;;;;;;;;;;
43154 Medieninformatik - Experte;4 500;4 758;;;;;;;;;;;;;;;;;;;;;;;;;;;;;;;;;;;;;;;;;;;;;;;;;;;;;;;;;;;;;
43194 Führung - Informatik;9 575;10 336;;;;;;;;;;;;;;;;;;;;;;;;;;;;;;;;;;;;;;;;;;;;;;;;;;;;;;;;;;;;;
43214 IT-Systemanalyse - Experte;6 065;6 234;;;;;;;;;;;;;;;;;;;;;;;;;;;;;;;;;;;;;;;;;;;;;;;;;;;;;;;;;;;;;
43223 IT-Anwendungsberatung - Spezialist;5 427;5 833;;;;;;;;;;;;;;;;;;;;;;;;;;;;;;;;;;;;;;;;;;;;;;;;;;;;;;;;;;;;;
43224 IT-Anwendungsberatung - Experte;5 708;6 037;;;;;;;;;;;;;;;;;;;;;;;;;;;;;;;;;;;;;;;;;;;;;;;;;;;;;;;;;;;;;
43232 IT-Vertrieb - Fachkraft;(4 410);(5 098);;;;;;;;;;;;;;;;;;;;;;;;;;;;;;;;;;;;;;;;;;;;;;;;;;;;;;;;;;;;;
43233 IT-Vertrieb - Spezialist;5 390;6 356;;;;;;;;;;;;;;;;;;;;;;;;;;;;;;;;;;;;;;;;;;;;;;;;;;;;;;;;;;;;;
43294 Führung-IT-System,-Anwendung,-Vertrieb;7 898;8 686;;;;;;;;;;;;;;;;;;;;;;;;;;;;;;;;;;;;;;;;;;;;;;;;;;;;;;;;;;;;;
43312 IT-Netzwerktechnik - Fachkraft;/;/;;;;;;;;;;;;;;;;;;;;;;;;;;;;;;;;;;;;;;;;;;;;;;;;;;;;;;;;;;;;;
43313 IT-Netzwerktechnik - Spezialist;5 427;5 646;;;;;;;;;;;;;;;;;;;;;;;;;;;;;;;;;;;;;;;;;;;;;;;;;;;;;;;;;;;;;
43314 IT-Netzwerktechnik - Experte;(5 452);(6 228);;;;;;;;;;;;;;;;;;;;;;;;;;;;;;;;;;;;;;;;;;;;;;;;;;;;;;;;;;;;;
43323 IT-Koordination - Spezialist;5 333;5 517;;;;;;;;;;;;;;;;;;;;;;;;;;;;;;;;;;;;;;;;;;;;;;;;;;;;;;;;;;;;;
43333 IT-Organisation - Spezialist;5 359;5 697;;;;;;;;;;;;;;;;;;;;;;;;;;;;;;;;;;;;;;;;;;;;;;;;;;;;;;;;;;;;;
43343 IT-Systemadministation - Spezialist;4 885;5 117;;;;;;;;;;;;;;;;;;;;;;;;;;;;;;;;;;;;;;;;;;;;;;;;;;;;;;;;;;;;;
43353 Datenbankentwick.,-administr.-Spezialist;5 483;5 828;;;;;;;;;;;;;;;;;;;;;;;;;;;;;;;;;;;;;;;;;;;;;;;;;;;;;;;;;;;;;
43363 Webadministration - Spezialist;5 255;5 465;;;;;;;;;;;;;;;;;;;;;;;;;;;;;;;;;;;;;;;;;;;;;;;;;;;;;;;;;;;;;
43383 IT-Netzw,Koord,Admin,Org(ssT)-Spezialist;5 795;6 007;;;;;;;;;;;;;;;;;;;;;;;;;;;;;;;;;;;;;;;;;;;;;;;;;;;;;;;;;;;;;
43384 IT-Netzw.,Koord.,Admin,Orga(ssT)-Experte;5 801;6 337;;;;;;;;;;;;;;;;;;;;;;;;;;;;;;;;;;;;;;;;;;;;;;;;;;;;;;;;;;;;;
43394 Führung-IT-Netzw.,-Koord.,-Admin.,-Orga.;7 285;7 875;;;;;;;;;;;;;;;;;;;;;;;;;;;;;;;;;;;;;;;;;;;;;;;;;;;;;;;;;;;;;
43412 Softwareentwicklung - Fachkraft;4 400;4 648;;;;;;;;;;;;;;;;;;;;;;;;;;;;;;;;;;;;;;;;;;;;;;;;;;;;;;;;;;;;;
43413 Softwareentwicklung - Spezialist;5 808;6 025;;;;;;;;;;;;;;;;;;;;;;;;;;;;;;;;;;;;;;;;;;;;;;;;;;;;;;;;;;;;;
43414 Softwareentwicklung - Experte;5 635;5 881;;;;;;;;;;;;;;;;;;;;;;;;;;;;;;;;;;;;;;;;;;;;;;;;;;;;;;;;;;;;;
43423 Programmierung - Spezialist;4 980;5 313;;;;;;;;;;;;;;;;;;;;;;;;;;;;;;;;;;;;;;;;;;;;;;;;;;;;;;;;;;;;;
43494 Führung-Softwareentwickl.,Programmierung;7 787;8 080;;;;;;;;;;;;;;;;;;;;;;;;;;;;;;;;;;;;;;;;;;;;;;;;;;;;;;;;;;;;;
51112 Technischer Eisenbahnbetrieb - Fachkraft;(3 090);(2 891);;;;;;;;;;;;;;;;;;;;;;;;;;;;;;;;;;;;;;;;;;;;;;;;;;;;;;;;;;;;;
51113 Technischer Eisenbahnbetrieb -Spezialist;3 390;3 693;;;;;;;;;;;;;;;;;;;;;;;;;;;;;;;;;;;;;;;;;;;;;;;;;;;;;;;;;;;;;
51122 Techn. Luftverkehrsbetrieb - Fachkraft;3 749;4 209;;;;;;;;;;;;;;;;;;;;;;;;;;;;;;;;;;;;;;;;;;;;;;;;;;;;;;;;;;;;;
51123 Techn. Luftverkehrsbetrieb - Spezialist;5 404;5 477;;;;;;;;;;;;;;;;;;;;;;;;;;;;;;;;;;;;;;;;;;;;;;;;;;;;;;;;;;;;;
51132 Techn. Schiffsverkehrsbetrieb-Fachkraft;(3 460);(3 539);;;;;;;;;;;;;;;;;;;;;;;;;;;;;;;;;;;;;;;;;;;;;;;;;;;;;;;;;;;;;
51133 Techn. Schiffsverkehrsbetrieb-Spezialist;6 318;6 602;;;;;;;;;;;;;;;;;;;;;;;;;;;;;;;;;;;;;;;;;;;;;;;;;;;;;;;;;;;;;
51134 Techn. Schiffsverkehrsbetrieb - Experte;6 762;6 774;;;;;;;;;;;;;;;;;;;;;;;;;;;;;;;;;;;;;;;;;;;;;;;;;;;;;;;;;;;;;
51182 TechBetEisenbLuftSchiffsv(ssT)-Fachkraft;/;/;;;;;;;;;;;;;;;;;;;;;;;;;;;;;;;;;;;;;;;;;;;;;;;;;;;;;;;;;;;;;
51183 TechBetEisenbLuftSchiffv(ssT)-Spezialist;.;.;;;;;;;;;;;;;;;;;;;;;;;;;;;;;;;;;;;;;;;;;;;;;;;;;;;;;;;;;;;;;
51193 Aufsicht-TechBetr.Eisenb.LuftSchiffsverk;/;/;;;;;;;;;;;;;;;;;;;;;;;;;;;;;;;;;;;;;;;;;;;;;;;;;;;;;;;;;;;;;
51212 Straßen-, Tunnelwärter/innen - Fachkraft;3 700;3 784;;;;;;;;;;;;;;;;;;;;;;;;;;;;;;;;;;;;;;;;;;;;;;;;;;;;;;;;;;;;;
51222 Wart. Eisenbahninfrastruktur - Fachkraft;3 057;3 246;;;;;;;;;;;;;;;;;;;;;;;;;;;;;;;;;;;;;;;;;;;;;;;;;;;;;;;;;;;;;
51223 Wart. Eisenbahninfrastruktur -Spezialist;4 350;4 480;;;;;;;;;;;;;;;;;;;;;;;;;;;;;;;;;;;;;;;;;;;;;;;;;;;;;;;;;;;;;
51224 Wart. Eisenbahninfrastruktur - Experte;(4 730);(5 391);;;;;;;;;;;;;;;;;;;;;;;;;;;;;;;;;;;;;;;;;;;;;;;;;;;;;;;;;;;;;
51233 Flugsicherungstechnik - Spezialist;(9 214);(8 123);;;;;;;;;;;;;;;;;;;;;;;;;;;;;;;;;;;;;;;;;;;;;;;;;;;;;;;;;;;;;
51234 Flugsicherungstechnik - Experte;(8 961);(8 602);;;;;;;;;;;;;;;;;;;;;;;;;;;;;;;;;;;;;;;;;;;;;;;;;;;;;;;;;;;;;
51242 Wasserstraßen-,Brückenwärter - Fachkraft;(4 632);(4 401);;;;;;;;;;;;;;;;;;;;;;;;;;;;;;;;;;;;;;;;;;;;;;;;;;;;;;;;;;;;;
51243 Wasserstraßen-, Brückenwärter-Spezialist;4 139;4 251;;;;;;;;;;;;;;;;;;;;;;;;;;;;;;;;;;;;;;;;;;;;;;;;;;;;;;;;;;;;;
51293 Aufsicht - Überw.,Wart.Verkehrsinfraktur;(3 686);(3 963);;;;;;;;;;;;;;;;;;;;;;;;;;;;;;;;;;;;;;;;;;;;;;;;;;;;;;;;;;;;;
51311 Lagerwirtschaft - Helfer;2 649;2 776;;;;;;;;;;;;;;;;;;;;;;;;;;;;;;;;;;;;;;;;;;;;;;;;;;;;;;;;;;;;;
51312 Lagerwirtschaft - Fachkraft;2 981;3 160;;;;;;;;;;;;;;;;;;;;;;;;;;;;;;;;;;;;;;;;;;;;;;;;;;;;;;;;;;;;;
51321 Post- und Zustelldienste - Helfer;2 659;2 914;;;;;;;;;;;;;;;;;;;;;;;;;;;;;;;;;;;;;;;;;;;;;;;;;;;;;;;;;;;;;
51322 Post- und Zustelldienste - Fachkraft;3 542;3 591;;;;;;;;;;;;;;;;;;;;;;;;;;;;;;;;;;;;;;;;;;;;;;;;;;;;;;;;;;;;;
51332 Güter- und Warenumschlag - Fachkraft;3 299;3 712;;;;;;;;;;;;;;;;;;;;;;;;;;;;;;;;;;;;;;;;;;;;;;;;;;;;;;;;;;;;;
51393 Aufsicht-Lagerw.,Post,Zustell.,Güterum.;4 011;4 279;;;;;;;;;;;;;;;;;;;;;;;;;;;;;;;;;;;;;;;;;;;;;;;;;;;;;;;;;;;;;
51394 Führung-Lagerw.,Post,Zustell.,Güterum.;4 332;4 703;;;;;;;;;;;;;;;;;;;;;;;;;;;;;;;;;;;;;;;;;;;;;;;;;;;;;;;;;;;;;
51401 Servicekräfte Personenverk.(o.S.)-Helfer;2 627;2 756;;;;;;;;;;;;;;;;;;;;;;;;;;;;;;;;;;;;;;;;;;;;;;;;;;;;;;;;;;;;;
51412 Servicefachk.StraßenSchienenv.-Fachkraft;2 982;3 181;;;;;;;;;;;;;;;;;;;;;;;;;;;;;;;;;;;;;;;;;;;;;;;;;;;;;;;;;;;;;
51422 Servicefachkräfte Luftverkehr-Fachkraft;3 474;3 740;;;;;;;;;;;;;;;;;;;;;;;;;;;;;;;;;;;;;;;;;;;;;;;;;;;;;;;;;;;;;
51432 Servicefachkräfte Schiffsverk.-Fachkraft;(3 601);(3 825);;;;;;;;;;;;;;;;;;;;;;;;;;;;;;;;;;;;;;;;;;;;;;;;;;;;;;;;;;;;;
51493 Aufsicht-Personenverkehr(Servicebereich);3 686;3 833;;;;;;;;;;;;;;;;;;;;;;;;;;;;;;;;;;;;;;;;;;;;;;;;;;;;;;;;;;;;;
51503 Überwach. Verkehrsbetrieb(oS)-Spezialist;4 320;4 380;;;;;;;;;;;;;;;;;;;;;;;;;;;;;;;;;;;;;;;;;;;;;;;;;;;;;;;;;;;;;
51504 Überwach. Verkehrsbetrieb (oS) - Experte;(3 664);(4 540);;;;;;;;;;;;;;;;;;;;;;;;;;;;;;;;;;;;;;;;;;;;;;;;;;;;;;;;;;;;;
51511 Überwach. Straßenverkehrsbetr.-Helfer;.;.;;;;;;;;;;;;;;;;;;;;;;;;;;;;;;;;;;;;;;;;;;;;;;;;;;;;;;;;;;;;;
51512 Überwach. Straßenverkehrsbetr.-Fachkraft;(3 831);(3 779);;;;;;;;;;;;;;;;;;;;;;;;;;;;;;;;;;;;;;;;;;;;;;;;;;;;;;;;;;;;;
51513 Überwach. Straßenverkehrsbetr-Spezialist;(4 407);(4 796);;;;;;;;;;;;;;;;;;;;;;;;;;;;;;;;;;;;;;;;;;;;;;;;;;;;;;;;;;;;;
51522 Überwach.Eisenbahnverkehrsbetr-Fachkraft;3 263;3 481;;;;;;;;;;;;;;;;;;;;;;;;;;;;;;;;;;;;;;;;;;;;;;;;;;;;;;;;;;;;;
51523 Überwach.Eisenbahnverkehrsbet-Spezialist;(4 894);(5 607);;;;;;;;;;;;;;;;;;;;;;;;;;;;;;;;;;;;;;;;;;;;;;;;;;;;;;;;;;;;;
51532 Überwachung Luftverkehrsbetr.-Fachkraft;3 444;3 988;;;;;;;;;;;;;;;;;;;;;;;;;;;;;;;;;;;;;;;;;;;;;;;;;;;;;;;;;;;;;
51533 Überwachung Luftverkehrsbetr.-Spezialist;11 716;10 380;;;;;;;;;;;;;;;;;;;;;;;;;;;;;;;;;;;;;;;;;;;;;;;;;;;;;;;;;;;;;
51534 Überwachung Luftverkehrsbetr. -Experte;(5 870);(8 582);;;;;;;;;;;;;;;;;;;;;;;;;;;;;;;;;;;;;;;;;;;;;;;;;;;;;;;;;;;;;
51543 Überwach.Schiffsverkehrsbetr.-Spezialist;(2 560);(3 001);;;;;;;;;;;;;;;;;;;;;;;;;;;;;;;;;;;;;;;;;;;;;;;;;;;;;;;;;;;;;
51583 Überwach.Verkehrsbetrieb(ssT)-Spezialist;4 860;5 223;;;;;;;;;;;;;;;;;;;;;;;;;;;;;;;;;;;;;;;;;;;;;;;;;;;;;;;;;;;;;
51593 Aufsicht - Überwachung Verkehrsbetrieb;3 773;3 999;;;;;;;;;;;;;;;;;;;;;;;;;;;;;;;;;;;;;;;;;;;;;;;;;;;;;;;;;;;;;
51594 Führung - Überwachung Verkehrsbetrieb;(5 273);(5 946);;;;;;;;;;;;;;;;;;;;;;;;;;;;;;;;;;;;;;;;;;;;;;;;;;;;;;;;;;;;;
51613 Verkehrskaufleute - Spezialist;/;/;;;;;;;;;;;;;;;;;;;;;;;;;;;;;;;;;;;;;;;;;;;;;;;;;;;;;;;;;;;;;
51614 Verkehrskaufleute - Experte;6 126;6 153;;;;;;;;;;;;;;;;;;;;;;;;;;;;;;;;;;;;;;;;;;;;;;;;;;;;;;;;;;;;;
51622 Speditions-,Logistikkaufleute-Fachkraft;3 518;3 887;;;;;;;;;;;;;;;;;;;;;;;;;;;;;;;;;;;;;;;;;;;;;;;;;;;;;;;;;;;;;
51623 Speditions-,Logistikkaufleute-Spezialist;3 888;4 269;;;;;;;;;;;;;;;;;;;;;;;;;;;;;;;;;;;;;;;;;;;;;;;;;;;;;;;;;;;;;
51624 Speditions-, Logistikkaufleute - Experte;3 447;4 274;;;;;;;;;;;;;;;;;;;;;;;;;;;;;;;;;;;;;;;;;;;;;;;;;;;;;;;;;;;;;
51632 Straßen,Schienenverkehrskaufl.-Fachkraft;3 775;4 041;;;;;;;;;;;;;;;;;;;;;;;;;;;;;;;;;;;;;;;;;;;;;;;;;;;;;;;;;;;;;
51633 Straße,Schienenverkehrskaufl.-Spezialist;.;.;;;;;;;;;;;;;;;;;;;;;;;;;;;;;;;;;;;;;;;;;;;;;;;;;;;;;;;;;;;;;
51642 Luftverkehrskaufleute - Fachkraft;3 900;4 049;;;;;;;;;;;;;;;;;;;;;;;;;;;;;;;;;;;;;;;;;;;;;;;;;;;;;;;;;;;;;
51643 Luftverkehrskaufleute - Spezialist;(3 800);(4 201);;;;;;;;;;;;;;;;;;;;;;;;;;;;;;;;;;;;;;;;;;;;;;;;;;;;;;;;;;;;;
51652 Schifffahrtskaufleute - Fachkraft;5 000;5 528;;;;;;;;;;;;;;;;;;;;;;;;;;;;;;;;;;;;;;;;;;;;;;;;;;;;;;;;;;;;;
51653 Schifffahrtskaufleute - Spezialist;(5 806);(6 497);;;;;;;;;;;;;;;;;;;;;;;;;;;;;;;;;;;;;;;;;;;;;;;;;;;;;;;;;;;;;
51662 KurierExpressPostdienstl.kaufl-Fachkraft;4 416;4 333;;;;;;;;;;;;;;;;;;;;;;;;;;;;;;;;;;;;;;;;;;;;;;;;;;;;;;;;;;;;;
51663 KurierExpressPostdienst.kaufl-Spezialist;6 559;7 723;;;;;;;;;;;;;;;;;;;;;;;;;;;;;;;;;;;;;;;;;;;;;;;;;;;;;;;;;;;;;
51694 Führung-Verkehr,Logistik (kaufm.Bereich);5 620;6 445;;;;;;;;;;;;;;;;;;;;;;;;;;;;;;;;;;;;;;;;;;;;;;;;;;;;;;;;;;;;;
52112 Berufskraftfahrer(Pers./PKW.)-Fachkraft;2 201;2 276;;;;;;;;;;;;;;;;;;;;;;;;;;;;;;;;;;;;;;;;;;;;;;;;;;;;;;;;;;;;;
52122 Berufskraftfahrer(Güterv./LKW)-Fachkraft;3 000;3 088;;;;;;;;;;;;;;;;;;;;;;;;;;;;;;;;;;;;;;;;;;;;;;;;;;;;;;;;;;;;;
52132 Bus-, Straßenbahnfahrer/innen-Fachkraft;3 162;3 189;;;;;;;;;;;;;;;;;;;;;;;;;;;;;;;;;;;;;;;;;;;;;;;;;;;;;;;;;;;;;
52182 FahrzeugführerStraßenverk(ssT)-Fachkraft;2 478;2 594;;;;;;;;;;;;;;;;;;;;;;;;;;;;;;;;;;;;;;;;;;;;;;;;;;;;;;;;;;;;;
52202 TriebfahrzeugführEisenbahn(oS)-Fachkraft;3 758;3 862;;;;;;;;;;;;;;;;;;;;;;;;;;;;;;;;;;;;;;;;;;;;;;;;;;;;;;;;;;;;;
52313 PilotenVerkehrsflugzeugführer-Spezialist;11 050;11 093;;;;;;;;;;;;;;;;;;;;;;;;;;;;;;;;;;;;;;;;;;;;;;;;;;;;;;;;;;;;;
52314 Piloten,Verkehrsflugzeugführer - Experte;14 120;14 449;;;;;;;;;;;;;;;;;;;;;;;;;;;;;;;;;;;;;;;;;;;;;;;;;;;;;;;;;;;;;
52383 Fahrzeugführer Flugverk.(ssT)-Spezialist;2 500;3 583;;;;;;;;;;;;;;;;;;;;;;;;;;;;;;;;;;;;;;;;;;;;;;;;;;;;;;;;;;;;;
52384 Fahrzeugführer Flugverkehr (ssT)-Experte;25 630;25 340;;;;;;;;;;;;;;;;;;;;;;;;;;;;;;;;;;;;;;;;;;;;;;;;;;;;;;;;;;;;;
52413 NautSchiffsoffiziere,Kapitäne-Spezialist;5 460;5 389;;;;;;;;;;;;;;;;;;;;;;;;;;;;;;;;;;;;;;;;;;;;;;;;;;;;;;;;;;;;;
52414 Naut.Schiffsoffiziere, Kapitäne-Experte;5 911;6 427;;;;;;;;;;;;;;;;;;;;;;;;;;;;;;;;;;;;;;;;;;;;;;;;;;;;;;;;;;;;;
52422 Schiffsführ.Binnen-,Hafenverk.-Fachkraft;3 278;3 301;;;;;;;;;;;;;;;;;;;;;;;;;;;;;;;;;;;;;;;;;;;;;;;;;;;;;;;;;;;;;
52423 Schiffsführ.Binnen,Hafenverk.-Spezialist;/;/;;;;;;;;;;;;;;;;;;;;;;;;;;;;;;;;;;;;;;;;;;;;;;;;;;;;;;;;;;;;;
52512 Führer land-,forstw. Maschinen-Fachkraft;2 865;2 955;;;;;;;;;;;;;;;;;;;;;;;;;;;;;;;;;;;;;;;;;;;;;;;;;;;;;;;;;;;;;
52522 Führer Erdbeweg,verw.Maschinen-Fachkraft;3 445;3 539;;;;;;;;;;;;;;;;;;;;;;;;;;;;;;;;;;;;;;;;;;;;;;;;;;;;;;;;;;;;;
52531 Kranführ., Bediener Hebeeinricht.-Helfer;2 863;2 935;;;;;;;;;;;;;;;;;;;;;;;;;;;;;;;;;;;;;;;;;;;;;;;;;;;;;;;;;;;;;
52532 Kranführ.BedienerHebeeinricht.-Fachkraft;3 654;3 865;;;;;;;;;;;;;;;;;;;;;;;;;;;;;;;;;;;;;;;;;;;;;;;;;;;;;;;;;;;;;
52593 Aufsicht - Bau-, Transportgeräteführung;4 590;4 728;;;;;;;;;;;;;;;;;;;;;;;;;;;;;;;;;;;;;;;;;;;;;;;;;;;;;;;;;;;;;
53111 Objekt-, Werte-, Personenschutz - Helfer;2 711;2 854;;;;;;;;;;;;;;;;;;;;;;;;;;;;;;;;;;;;;;;;;;;;;;;;;;;;;;;;;;;;;
53112 Objekt-,Werte-, Personenschutz-Fachkraft;3 260;3 378;;;;;;;;;;;;;;;;;;;;;;;;;;;;;;;;;;;;;;;;;;;;;;;;;;;;;;;;;;;;;
53122 Arbeitssicherh.,Sich.-technik-Fachkraft;5 198;5 087;;;;;;;;;;;;;;;;;;;;;;;;;;;;;;;;;;;;;;;;;;;;;;;;;;;;;;;;;;;;;
53123 Arbeitssicherh.,Sich.-technik-Spezialist;4 349;4 604;;;;;;;;;;;;;;;;;;;;;;;;;;;;;;;;;;;;;;;;;;;;;;;;;;;;;;;;;;;;;
53124 Arbeitssicherh.,Sich.-technik-Experte;5 311;5 721;;;;;;;;;;;;;;;;;;;;;;;;;;;;;;;;;;;;;;;;;;;;;;;;;;;;;;;;;;;;;
53132 Brandschutz - Fachkraft;3 746;4 005;;;;;;;;;;;;;;;;;;;;;;;;;;;;;;;;;;;;;;;;;;;;;;;;;;;;;;;;;;;;;
53133 Brandschutz - Spezialist;4 390;4 461;;;;;;;;;;;;;;;;;;;;;;;;;;;;;;;;;;;;;;;;;;;;;;;;;;;;;;;;;;;;;
53134 Brandschutz - Experte;6 032;6 142;;;;;;;;;;;;;;;;;;;;;;;;;;;;;;;;;;;;;;;;;;;;;;;;;;;;;;;;;;;;;
53142 Badeaufsicht - Fachkraft;3 139;3 219;;;;;;;;;;;;;;;;;;;;;;;;;;;;;;;;;;;;;;;;;;;;;;;;;;;;;;;;;;;;;
53152 Detektive/Detektivinnen - Fachkraft;/;/;;;;;;;;;;;;;;;;;;;;;;;;;;;;;;;;;;;;;;;;;;;;;;;;;;;;;;;;;;;;;
53162 Inkassobeauftragte - Fachkraft;3 816;3 921;;;;;;;;;;;;;;;;;;;;;;;;;;;;;;;;;;;;;;;;;;;;;;;;;;;;;;;;;;;;;
53182 Obj.Pers.Brandschutz (ssT)-Fachkraft;(3 752);(4 509);;;;;;;;;;;;;;;;;;;;;;;;;;;;;;;;;;;;;;;;;;;;;;;;;;;;;;;;;;;;;
53183 Obj.Pers.Brandschutz (ssT)-Spezialist;3 529;3 810;;;;;;;;;;;;;;;;;;;;;;;;;;;;;;;;;;;;;;;;;;;;;;;;;;;;;;;;;;;;;
53184 Obj.Pers.Brandschutz (ssT)-Experte;5 678;6 198;;;;;;;;;;;;;;;;;;;;;;;;;;;;;;;;;;;;;;;;;;;;;;;;;;;;;;;;;;;;;
53193 Aufsicht-Objekt,Brandschutz,Arbeitssich.;4 685;4 904;;;;;;;;;;;;;;;;;;;;;;;;;;;;;;;;;;;;;;;;;;;;;;;;;;;;;;;;;;;;;
53194 Führung-Objekt-,Brandschutz,Arbeitssich.;6 015;6 641;;;;;;;;;;;;;;;;;;;;;;;;;;;;;;;;;;;;;;;;;;;;;;;;;;;;;;;;;;;;;
53212 Polizeivollzugsdienst - Fachkraft;3 231;3 276;;;;;;;;;;;;;;;;;;;;;;;;;;;;;;;;;;;;;;;;;;;;;;;;;;;;;;;;;;;;;
53213 Polizeivollzugsdienst - Spezialist;4 483;4 457;;;;;;;;;;;;;;;;;;;;;;;;;;;;;;;;;;;;;;;;;;;;;;;;;;;;;;;;;;;;;
53214 Polizeivollzugsdienst - Experte;6 185;6 315;;;;;;;;;;;;;;;;;;;;;;;;;;;;;;;;;;;;;;;;;;;;;;;;;;;;;;;;;;;;;
53222 Kriminaldienst - Fachkraft;.;.;;;;;;;;;;;;;;;;;;;;;;;;;;;;;;;;;;;;;;;;;;;;;;;;;;;;;;;;;;;;;
53223 Kriminaldienst - Spezialist;.;.;;;;;;;;;;;;;;;;;;;;;;;;;;;;;;;;;;;;;;;;;;;;;;;;;;;;;;;;;;;;;
53224 Kriminaldienst - Experte;3 599;3 531;;;;;;;;;;;;;;;;;;;;;;;;;;;;;;;;;;;;;;;;;;;;;;;;;;;;;;;;;;;;;
53232 Gerichtsvollzug - Fachkraft;.;.;;;;;;;;;;;;;;;;;;;;;;;;;;;;;;;;;;;;;;;;;;;;;;;;;;;;;;;;;;;;;
53233 Gerichtsvollzug - Spezialist;.;.;;;;;;;;;;;;;;;;;;;;;;;;;;;;;;;;;;;;;;;;;;;;;;;;;;;;;;;;;;;;;
53241 Justizvollzugsdienst - Helfer;2 623;2 673;;;;;;;;;;;;;;;;;;;;;;;;;;;;;;;;;;;;;;;;;;;;;;;;;;;;;;;;;;;;;
53242 Justizvollzugsdienst - Fachkraft;3 668;3 638;;;;;;;;;;;;;;;;;;;;;;;;;;;;;;;;;;;;;;;;;;;;;;;;;;;;;;;;;;;;;
53243 Justizvollzugsdienst - Spezialist;4 291;4 333;;;;;;;;;;;;;;;;;;;;;;;;;;;;;;;;;;;;;;;;;;;;;;;;;;;;;;;;;;;;;
53244 Justizvollzugsdienst - Experte;6 140;6 278;;;;;;;;;;;;;;;;;;;;;;;;;;;;;;;;;;;;;;;;;;;;;;;;;;;;;;;;;;;;;
53312 Gewerbeaufsicht - Fachkraft;3 351;3 385;;;;;;;;;;;;;;;;;;;;;;;;;;;;;;;;;;;;;;;;;;;;;;;;;;;;;;;;;;;;;
53313 Gewerbeaufsicht - Spezialist;4 364;4 378;;;;;;;;;;;;;;;;;;;;;;;;;;;;;;;;;;;;;;;;;;;;;;;;;;;;;;;;;;;;;
53314 Gewerbeaufsicht - Experte;6 186;6 299;;;;;;;;;;;;;;;;;;;;;;;;;;;;;;;;;;;;;;;;;;;;;;;;;;;;;;;;;;;;;
53322 Gesundheitsaufs.,Hygieneüberw.-Fachkraft;4 227;4 309;;;;;;;;;;;;;;;;;;;;;;;;;;;;;;;;;;;;;;;;;;;;;;;;;;;;;;;;;;;;;
53323 Gesundheitsaufs.Hygieneüberw.-Spezialist;4 250;4 387;;;;;;;;;;;;;;;;;;;;;;;;;;;;;;;;;;;;;;;;;;;;;;;;;;;;;;;;;;;;;
53332 Lebensmittelkontrolle - Fachkraft;3 335;3 642;;;;;;;;;;;;;;;;;;;;;;;;;;;;;;;;;;;;;;;;;;;;;;;;;;;;;;;;;;;;;
53333 Lebensmittelkontrolle - Spezialist;3 778;4 112;;;;;;;;;;;;;;;;;;;;;;;;;;;;;;;;;;;;;;;;;;;;;;;;;;;;;;;;;;;;;
53342 Desinfekt., Schädlingsbekämpf.-Fachkraft;3 327;3 566;;;;;;;;;;;;;;;;;;;;;;;;;;;;;;;;;;;;;;;;;;;;;;;;;;;;;;;;;;;;;
53393 Aufsicht-Gewerbe-, Gesundheitsaufsicht;.;.;;;;;;;;;;;;;;;;;;;;;;;;;;;;;;;;;;;;;;;;;;;;;;;;;;;;;;;;;;;;;
53394 Führung-Gewerbe-, Gesundheitsaufsicht;.;.;;;;;;;;;;;;;;;;;;;;;;;;;;;;;;;;;;;;;;;;;;;;;;;;;;;;;;;;;;;;;
54101 Reinigung (o.S.) - Helfer;2 388;2 464;;;;;;;;;;;;;;;;;;;;;;;;;;;;;;;;;;;;;;;;;;;;;;;;;;;;;;;;;;;;;
54112 Gebäudereinigung - Fachkraft;2 520;2 573;;;;;;;;;;;;;;;;;;;;;;;;;;;;;;;;;;;;;;;;;;;;;;;;;;;;;;;;;;;;;
54113 Gebäudereinigung - Spezialist;3 656;3 695;;;;;;;;;;;;;;;;;;;;;;;;;;;;;;;;;;;;;;;;;;;;;;;;;;;;;;;;;;;;;
54122 Glas-, Fensterreinigung - Fachkraft;3 222;2 997;;;;;;;;;;;;;;;;;;;;;;;;;;;;;;;;;;;;;;;;;;;;;;;;;;;;;;;;;;;;;
54132 Textilreinigung - Fachkraft;2 280;2 426;;;;;;;;;;;;;;;;;;;;;;;;;;;;;;;;;;;;;;;;;;;;;;;;;;;;;;;;;;;;;
54142 Maschinen-, Anlagenreinigung - Fachkraft;(3 378);(3 583);;;;;;;;;;;;;;;;;;;;;;;;;;;;;;;;;;;;;;;;;;;;;;;;;;;;;;;;;;;;;
54152 Fahrzeugreinigung - Fachkraft;2 531;2 717;;;;;;;;;;;;;;;;;;;;;;;;;;;;;;;;;;;;;;;;;;;;;;;;;;;;;;;;;;;;;
54182 Reinigung (s.s.T.) - Fachkraft;2 871;2 956;;;;;;;;;;;;;;;;;;;;;;;;;;;;;;;;;;;;;;;;;;;;;;;;;;;;;;;;;;;;;
54193 Aufsicht - Reinigung;3 748;3 994;;;;;;;;;;;;;;;;;;;;;;;;;;;;;;;;;;;;;;;;;;;;;;;;;;;;;;;;;;;;;
61112 Einkauf - Fachkraft;3 956;4 357;;;;;;;;;;;;;;;;;;;;;;;;;;;;;;;;;;;;;;;;;;;;;;;;;;;;;;;;;;;;;
61113 Einkauf - Spezialist;4 813;5 279;;;;;;;;;;;;;;;;;;;;;;;;;;;;;;;;;;;;;;;;;;;;;;;;;;;;;;;;;;;;;
61122 Vertrieb (außer IKT) - Fachkraft;4 002;4 544;;;;;;;;;;;;;;;;;;;;;;;;;;;;;;;;;;;;;;;;;;;;;;;;;;;;;;;;;;;;;
61123 Vertrieb (außer IKT) - Spezialist;5 174;5 660;;;;;;;;;;;;;;;;;;;;;;;;;;;;;;;;;;;;;;;;;;;;;;;;;;;;;;;;;;;;;
61124 Vertrieb (außer IKT) - Experte;6 462;6 997;;;;;;;;;;;;;;;;;;;;;;;;;;;;;;;;;;;;;;;;;;;;;;;;;;;;;;;;;;;;;
61132 Handelsmakler,Auktionatoren - Fachkraft;/;/;;;;;;;;;;;;;;;;;;;;;;;;;;;;;;;;;;;;;;;;;;;;;;;;;;;;;;;;;;;;;
61133 Handelsmakler,Auktionatoren - Spezialist;/;/;;;;;;;;;;;;;;;;;;;;;;;;;;;;;;;;;;;;;;;;;;;;;;;;;;;;;;;;;;;;;
61142 Kaufleute Automatenservice - Fachkraft;2 416;2 603;;;;;;;;;;;;;;;;;;;;;;;;;;;;;;;;;;;;;;;;;;;;;;;;;;;;;;;;;;;;;
61152 Geld- und Pfandverleih - Fachkraft;.;.;;;;;;;;;;;;;;;;;;;;;;;;;;;;;;;;;;;;;;;;;;;;;;;;;;;;;;;;;;;;;
61162 Verleih (außer Geld u. Pfand) -Fachkraft;3 000;3 195;;;;;;;;;;;;;;;;;;;;;;;;;;;;;;;;;;;;;;;;;;;;;;;;;;;;;;;;;;;;;
61194 Führung - Einkauf  und Vertrieb;7 143;7 857;;;;;;;;;;;;;;;;;;;;;;;;;;;;;;;;;;;;;;;;;;;;;;;;;;;;;;;;;;;;;
61203 Kaufleute im Handel (o.S.) - Spezialist;5 252;5 252;;;;;;;;;;;;;;;;;;;;;;;;;;;;;;;;;;;;;;;;;;;;;;;;;;;;;;;;;;;;;
61204 Kaufleute im Handel (o.S.) - Experte;/;/;;;;;;;;;;;;;;;;;;;;;;;;;;;;;;;;;;;;;;;;;;;;;;;;;;;;;;;;;;;;;
61212 Kaufleute Groß-, Außenhandel - Fachkraft;3 426;3 910;;;;;;;;;;;;;;;;;;;;;;;;;;;;;;;;;;;;;;;;;;;;;;;;;;;;;;;;;;;;;
61213 Kaufleute Groß-, Außenhandel -Spezialist;5 486;6 186;;;;;;;;;;;;;;;;;;;;;;;;;;;;;;;;;;;;;;;;;;;;;;;;;;;;;;;;;;;;;
61214 Kaufleute Groß-, Außenhandel - Experte;(5 859);(6 768);;;;;;;;;;;;;;;;;;;;;;;;;;;;;;;;;;;;;;;;;;;;;;;;;;;;;;;;;;;;;
61282 Kaufleute im Handel (s.s.T) - Fachkraft;(3 927);(4 664);;;;;;;;;;;;;;;;;;;;;;;;;;;;;;;;;;;;;;;;;;;;;;;;;;;;;;;;;;;;;
61283 Kaufleute im Handel (s.s.T) - Spezialist;4 571;5 269;;;;;;;;;;;;;;;;;;;;;;;;;;;;;;;;;;;;;;;;;;;;;;;;;;;;;;;;;;;;;
61284 Kaufleute im Handel (s.s.T.) - Experte;(6 380);(7 688);;;;;;;;;;;;;;;;;;;;;;;;;;;;;;;;;;;;;;;;;;;;;;;;;;;;;;;;;;;;;
61294 Führung - Handel;/;/;;;;;;;;;;;;;;;;;;;;;;;;;;;;;;;;;;;;;;;;;;;;;;;;;;;;;;;;;;;;;
61312 Immobilienvermarktung,-verwal.-Fachkraft;3 810;4 201;;;;;;;;;;;;;;;;;;;;;;;;;;;;;;;;;;;;;;;;;;;;;;;;;;;;;;;;;;;;;
61313 Immobilienvermarktung,verwal.-Spezialist;(3 730);(4 646);;;;;;;;;;;;;;;;;;;;;;;;;;;;;;;;;;;;;;;;;;;;;;;;;;;;;;;;;;;;;
61314 Immobilienvermarktung,-verwal.-Experte;(6 872);(6 775);;;;;;;;;;;;;;;;;;;;;;;;;;;;;;;;;;;;;;;;;;;;;;;;;;;;;;;;;;;;;
61323 Facility-Management - Spezialist;4 000;4 529;;;;;;;;;;;;;;;;;;;;;;;;;;;;;;;;;;;;;;;;;;;;;;;;;;;;;;;;;;;;;
61394 Führung-Immobilienwirt., Facility-Manag.;(5 265);(5 465);;;;;;;;;;;;;;;;;;;;;;;;;;;;;;;;;;;;;;;;;;;;;;;;;;;;;;;;;;;;;
62101 Verkauf (ohne Produktspezialis.)-Helfer;(2 273);(2 199);;;;;;;;;;;;;;;;;;;;;;;;;;;;;;;;;;;;;;;;;;;;;;;;;;;;;;;;;;;;;
62102 Verkauf (ohne Produktspezial.)-Fachkraft;2 776;3 076;;;;;;;;;;;;;;;;;;;;;;;;;;;;;;;;;;;;;;;;;;;;;;;;;;;;;;;;;;;;;
62103 Verkauf (ohne Produktspez.) - Spezialist;3 865;4 109;;;;;;;;;;;;;;;;;;;;;;;;;;;;;;;;;;;;;;;;;;;;;;;;;;;;;;;;;;;;;
62112 Kassierer, Kartenverkäufer - Fachkraft;2 603;2 760;;;;;;;;;;;;;;;;;;;;;;;;;;;;;;;;;;;;;;;;;;;;;;;;;;;;;;;;;;;;;
62122 Verkaufsstand-,Marktverkäufer -Fachkraft;(3 312);(3 288);;;;;;;;;;;;;;;;;;;;;;;;;;;;;;;;;;;;;;;;;;;;;;;;;;;;;;;;;;;;;
62182 Verkauf (o. Produktspez) (ssT)-Fachkraft;3 826;4 422;;;;;;;;;;;;;;;;;;;;;;;;;;;;;;;;;;;;;;;;;;;;;;;;;;;;;;;;;;;;;
62183 Verkauf (o. Produktspez)(ssT)-Spezialist;3 500;3 765;;;;;;;;;;;;;;;;;;;;;;;;;;;;;;;;;;;;;;;;;;;;;;;;;;;;;;;;;;;;;
62193 Aufsicht - Verkauf;3 967;4 381;;;;;;;;;;;;;;;;;;;;;;;;;;;;;;;;;;;;;;;;;;;;;;;;;;;;;;;;;;;;;
62194 Führung - Verkauf;4 500;5 237;;;;;;;;;;;;;;;;;;;;;;;;;;;;;;;;;;;;;;;;;;;;;;;;;;;;;;;;;;;;;
62212 Verkauf (Bekleid.,Leder,Sport)-Fachkraft;2 380;2 382;;;;;;;;;;;;;;;;;;;;;;;;;;;;;;;;;;;;;;;;;;;;;;;;;;;;;;;;;;;;;
62222 Verkauf (Schmuck, Uhren) - Fachkraft;/;/;;;;;;;;;;;;;;;;;;;;;;;;;;;;;;;;;;;;;;;;;;;;;;;;;;;;;;;;;;;;;
62232 Verkauf (Büro,Geschenk,Spiel)-Fachkraft;(2 145);(2 507);;;;;;;;;;;;;;;;;;;;;;;;;;;;;;;;;;;;;;;;;;;;;;;;;;;;;;;;;;;;;
62242 Verkauf (Elektro-,Hauswaltsw.)-Fachkraft;2 755;3 052;;;;;;;;;;;;;;;;;;;;;;;;;;;;;;;;;;;;;;;;;;;;;;;;;;;;;;;;;;;;;
62252 Verkauf (Möbel, Einrichtung)-Fachkraft;3 198;3 654;;;;;;;;;;;;;;;;;;;;;;;;;;;;;;;;;;;;;;;;;;;;;;;;;;;;;;;;;;;;;
62262 Verkauf (Garten,Heimwerk,Tier)-Fachkraft;2 834;2 959;;;;;;;;;;;;;;;;;;;;;;;;;;;;;;;;;;;;;;;;;;;;;;;;;;;;;;;;;;;;;
62272 Verkauf (KFZ, Zweirad,Zubehör)-Fachkraft;3 875;4 742;;;;;;;;;;;;;;;;;;;;;;;;;;;;;;;;;;;;;;;;;;;;;;;;;;;;;;;;;;;;;
62282 Verkauf (ssT) - Fachkraft;(2 358);(2 752);;;;;;;;;;;;;;;;;;;;;;;;;;;;;;;;;;;;;;;;;;;;;;;;;;;;;;;;;;;;;
62301 Verkauf Lebensmittel (o.S.) - Helfer;/;/;;;;;;;;;;;;;;;;;;;;;;;;;;;;;;;;;;;;;;;;;;;;;;;;;;;;;;;;;;;;;
62302 Verkauf Lebensmittel (o.S.) - Fachkraft;2 657;2 739;;;;;;;;;;;;;;;;;;;;;;;;;;;;;;;;;;;;;;;;;;;;;;;;;;;;;;;;;;;;;
62312 Verkauf Back-,Konditoreiwaren-Fachkraft;2 349;2 451;;;;;;;;;;;;;;;;;;;;;;;;;;;;;;;;;;;;;;;;;;;;;;;;;;;;;;;;;;;;;
62322 Verkauf von Fleischwaren - Fachkraft;2 369;2 421;;;;;;;;;;;;;;;;;;;;;;;;;;;;;;;;;;;;;;;;;;;;;;;;;;;;;;;;;;;;;
62382 Verkauf Lebensmittel (s.s.T.)-Fachkraft;/;/;;;;;;;;;;;;;;;;;;;;;;;;;;;;;;;;;;;;;;;;;;;;;;;;;;;;;;;;;;;;;
62412 Verkauf drog.apotheken.Waren-Fachkraft;2 782;2 888;;;;;;;;;;;;;;;;;;;;;;;;;;;;;;;;;;;;;;;;;;;;;;;;;;;;;;;;;;;;;
62422 Verkauf Sanitäts,Medizinbedarf-Fachkraft;/;/;;;;;;;;;;;;;;;;;;;;;;;;;;;;;;;;;;;;;;;;;;;;;;;;;;;;;;;;;;;;;
62512 Buchhandel - Fachkraft;2 233;2 385;;;;;;;;;;;;;;;;;;;;;;;;;;;;;;;;;;;;;;;;;;;;;;;;;;;;;;;;;;;;;
62513 Buchhandel - Spezialist;.;.;;;;;;;;;;;;;;;;;;;;;;;;;;;;;;;;;;;;;;;;;;;;;;;;;;;;;;;;;;;;;
62514 Buchhandel - Experte;.;.;;;;;;;;;;;;;;;;;;;;;;;;;;;;;;;;;;;;;;;;;;;;;;;;;;;;;;;;;;;;;
62522 Kunst-, Antiquitätenhandel - Fachkraft;.;.;;;;;;;;;;;;;;;;;;;;;;;;;;;;;;;;;;;;;;;;;;;;;;;;;;;;;;;;;;;;;
62532 Musikfachhandel - Fachkraft;.;.;;;;;;;;;;;;;;;;;;;;;;;;;;;;;;;;;;;;;;;;;;;;;;;;;;;;;;;;;;;;;
63112 Tourismuskaufleute - Fachkraft;2 939;3 153;;;;;;;;;;;;;;;;;;;;;;;;;;;;;;;;;;;;;;;;;;;;;;;;;;;;;;;;;;;;;
63113 Tourismuskaufleute - Spezialist;4 150;4 294;;;;;;;;;;;;;;;;;;;;;;;;;;;;;;;;;;;;;;;;;;;;;;;;;;;;;;;;;;;;;
63114 Tourismuskaufleute - Experte;(5 000);(5 529);;;;;;;;;;;;;;;;;;;;;;;;;;;;;;;;;;;;;;;;;;;;;;;;;;;;;;;;;;;;;
63122 Sport-,Fitnesskaufl.Sportmanag-Fachkraft;(2 472);(2 860);;;;;;;;;;;;;;;;;;;;;;;;;;;;;;;;;;;;;;;;;;;;;;;;;;;;;;;;;;;;;
63123 Sport,Fitnesskaufl.Sportmanag-Spezialist;(3 027);(3 710);;;;;;;;;;;;;;;;;;;;;;;;;;;;;;;;;;;;;;;;;;;;;;;;;;;;;;;;;;;;;
63124 Sport-,Fitnesskaufl.Sportmanag-Experte;/;/;;;;;;;;;;;;;;;;;;;;;;;;;;;;;;;;;;;;;;;;;;;;;;;;;;;;;;;;;;;;;
63132 Animateure und Gästebetreuer - Fachkraft;2 800;2 874;;;;;;;;;;;;;;;;;;;;;;;;;;;;;;;;;;;;;;;;;;;;;;;;;;;;;;;;;;;;;
63142 Reiseleiter, Fremdenführer - Fachkraft;(2 821);(3 117);;;;;;;;;;;;;;;;;;;;;;;;;;;;;;;;;;;;;;;;;;;;;;;;;;;;;;;;;;;;;
63143 Reiseleiter, Fremdenführer - Spezialist;/;/;;;;;;;;;;;;;;;;;;;;;;;;;;;;;;;;;;;;;;;;;;;;;;;;;;;;;;;;;;;;;
63194 Führung - Tourismus und Sport;3 832;4 297;;;;;;;;;;;;;;;;;;;;;;;;;;;;;;;;;;;;;;;;;;;;;;;;;;;;;;;;;;;;;
63212 Hotelkaufleute - Fachkraft;(3 209);(3 499);;;;;;;;;;;;;;;;;;;;;;;;;;;;;;;;;;;;;;;;;;;;;;;;;;;;;;;;;;;;;
63213 Hotelkaufleute - Spezialist;(5 228);(4 880);;;;;;;;;;;;;;;;;;;;;;;;;;;;;;;;;;;;;;;;;;;;;;;;;;;;;;;;;;;;;
63221 Hotelservice - Helfer;2 439;2 495;;;;;;;;;;;;;;;;;;;;;;;;;;;;;;;;;;;;;;;;;;;;;;;;;;;;;;;;;;;;;
63222 Hotelservice - Fachkraft;2 719;2 790;;;;;;;;;;;;;;;;;;;;;;;;;;;;;;;;;;;;;;;;;;;;;;;;;;;;;;;;;;;;;
63293 Aufsicht - Hotellerie;(2 943);(3 282);;;;;;;;;;;;;;;;;;;;;;;;;;;;;;;;;;;;;;;;;;;;;;;;;;;;;;;;;;;;;
63294 Führung - Hotellerie;(4 121);(4 818);;;;;;;;;;;;;;;;;;;;;;;;;;;;;;;;;;;;;;;;;;;;;;;;;;;;;;;;;;;;;
63301 Gastronomieservice (o.S.) - Helfer;2 412;2 508;;;;;;;;;;;;;;;;;;;;;;;;;;;;;;;;;;;;;;;;;;;;;;;;;;;;;;;;;;;;;
63302 Gastronomieservice (o.S.) - Fachkraft;2 510;2 678;;;;;;;;;;;;;;;;;;;;;;;;;;;;;;;;;;;;;;;;;;;;;;;;;;;;;;;;;;;;;
63303 Gastronomieservice (o.S.) - Spezialist;2 815;2 914;;;;;;;;;;;;;;;;;;;;;;;;;;;;;;;;;;;;;;;;;;;;;;;;;;;;;;;;;;;;;
63312 Systemgastronomie - Fachkraft;2 617;2 765;;;;;;;;;;;;;;;;;;;;;;;;;;;;;;;;;;;;;;;;;;;;;;;;;;;;;;;;;;;;;
63313 Systemgastronomie - Spezialist;(4 858);(4 907);;;;;;;;;;;;;;;;;;;;;;;;;;;;;;;;;;;;;;;;;;;;;;;;;;;;;;;;;;;;;
63322 Barkeeper/innen - Fachkraft;/;/;;;;;;;;;;;;;;;;;;;;;;;;;;;;;;;;;;;;;;;;;;;;;;;;;;;;;;;;;;;;;
63382 Gastronomie (s.s.T.) - Fachkraft;2 711;2 817;;;;;;;;;;;;;;;;;;;;;;;;;;;;;;;;;;;;;;;;;;;;;;;;;;;;;;;;;;;;;
63383 Gastronomie (s.s.T.) - Spezialist;3 050;3 331;;;;;;;;;;;;;;;;;;;;;;;;;;;;;;;;;;;;;;;;;;;;;;;;;;;;;;;;;;;;;
63393 Aufsicht - Gastronomie;(2 676);(2 752);;;;;;;;;;;;;;;;;;;;;;;;;;;;;;;;;;;;;;;;;;;;;;;;;;;;;;;;;;;;;
63394 Führung - Gastronomie;(3 914);(4 118);;;;;;;;;;;;;;;;;;;;;;;;;;;;;;;;;;;;;;;;;;;;;;;;;;;;;;;;;;;;;
63401 Veranstaltungsservice,-manag. - Helfer;2 610;2 777;;;;;;;;;;;;;;;;;;;;;;;;;;;;;;;;;;;;;;;;;;;;;;;;;;;;;;;;;;;;;
63402 Veranstaltungsservice,-manag. -Fachkraft;3 273;3 543;;;;;;;;;;;;;;;;;;;;;;;;;;;;;;;;;;;;;;;;;;;;;;;;;;;;;;;;;;;;;
63403 Veranstaltungsservice,-manag.-Spezialist;3 792;4 194;;;;;;;;;;;;;;;;;;;;;;;;;;;;;;;;;;;;;;;;;;;;;;;;;;;;;;;;;;;;;
63404 Veranstaltungsservice,-manag. - Experte;4 361;4 750;;;;;;;;;;;;;;;;;;;;;;;;;;;;;;;;;;;;;;;;;;;;;;;;;;;;;;;;;;;;;
71104 Geschäftsführer und Vorstände - Experte;7 500;9 132;;;;;;;;;;;;;;;;;;;;;;;;;;;;;;;;;;;;;;;;;;;;;;;;;;;;;;;;;;;;;
71214 Angeh. gesetzgeb. Körperschaften-Experte;.;.;;;;;;;;;;;;;;;;;;;;;;;;;;;;;;;;;;;;;;;;;;;;;;;;;;;;;;;;;;;;;
71224 Leit. Bedienstete Interessenorga-Experte;6 307;6 542;;;;;;;;;;;;;;;;;;;;;;;;;;;;;;;;;;;;;;;;;;;;;;;;;;;;;;;;;;;;;
71234 Betriebsinterne Wahlämter - Experte;5 101;5 501;;;;;;;;;;;;;;;;;;;;;;;;;;;;;;;;;;;;;;;;;;;;;;;;;;;;;;;;;;;;;
71302 Kaufm.,techn.Betriebswirt.(oS)-Fachkraft;3 982;4 491;;;;;;;;;;;;;;;;;;;;;;;;;;;;;;;;;;;;;;;;;;;;;;;;;;;;;;;;;;;;;
71303 Kaufm.,tech.Betriebswirt.(oS)-Spezialist;5 070;5 508;;;;;;;;;;;;;;;;;;;;;;;;;;;;;;;;;;;;;;;;;;;;;;;;;;;;;;;;;;;;;
71304 Kaufm.,tech.Betriebswirtsch.(oS)-Experte;7 021;7 412;;;;;;;;;;;;;;;;;;;;;;;;;;;;;;;;;;;;;;;;;;;;;;;;;;;;;;;;;;;;;
71314 Unternehmensorganisation,planung-Experte;(5 439);(5 724);;;;;;;;;;;;;;;;;;;;;;;;;;;;;;;;;;;;;;;;;;;;;;;;;;;;;;;;;;;;;
71324 Unternehmensberatung - Experte;6 461;7 525;;;;;;;;;;;;;;;;;;;;;;;;;;;;;;;;;;;;;;;;;;;;;;;;;;;;;;;;;;;;;
71333 Wirtschaftsförderung - Spezialist;(4 590);(5 127);;;;;;;;;;;;;;;;;;;;;;;;;;;;;;;;;;;;;;;;;;;;;;;;;;;;;;;;;;;;;
71382 Unternehmensorg.,strateg.(ssT)-Fachkraft;(4 434);(5 312);;;;;;;;;;;;;;;;;;;;;;;;;;;;;;;;;;;;;;;;;;;;;;;;;;;;;;;;;;;;;
71383 Unternehmensorg,strateg.(ssT)-Spezialist;6 834;7 438;;;;;;;;;;;;;;;;;;;;;;;;;;;;;;;;;;;;;;;;;;;;;;;;;;;;;;;;;;;;;
71384 Unternehmensorg.,-strategie(ssT)-Experte;6 641;7 472;;;;;;;;;;;;;;;;;;;;;;;;;;;;;;;;;;;;;;;;;;;;;;;;;;;;;;;;;;;;;
71393 Aufsicht - Unternehmensorg.,-strategie;5 805;6 325;;;;;;;;;;;;;;;;;;;;;;;;;;;;;;;;;;;;;;;;;;;;;;;;;;;;;;;;;;;;;
71394 Führung - Unternehmensorg., -strategie;7 591;8 427;;;;;;;;;;;;;;;;;;;;;;;;;;;;;;;;;;;;;;;;;;;;;;;;;;;;;;;;;;;;;
71401 Büro-, Sekretariatskräfte(o.S.) - Helfer;2 663;3 062;;;;;;;;;;;;;;;;;;;;;;;;;;;;;;;;;;;;;;;;;;;;;;;;;;;;;;;;;;;;;
71402 Büro-,Sekretariatskräfte(o.S.)-Fachkraft;3 455;3 895;;;;;;;;;;;;;;;;;;;;;;;;;;;;;;;;;;;;;;;;;;;;;;;;;;;;;;;;;;;;;
71403 Büro-,Sekretariatskräfte(oS) -Spezialist;4 329;4 695;;;;;;;;;;;;;;;;;;;;;;;;;;;;;;;;;;;;;;;;;;;;;;;;;;;;;;;;;;;;;
71412 Fremdsprachensekr.,korrespond.-Fachkraft;/;/;;;;;;;;;;;;;;;;;;;;;;;;;;;;;;;;;;;;;;;;;;;;;;;;;;;;;;;;;;;;;
71413 Fremdsprachensek.,korrespond.-Spezialist;(3 625);(4 090);;;;;;;;;;;;;;;;;;;;;;;;;;;;;;;;;;;;;;;;;;;;;;;;;;;;;;;;;;;;;
71423 Dolmetscher, Übersetzer - Spezialist;(3 122);(3 572);;;;;;;;;;;;;;;;;;;;;;;;;;;;;;;;;;;;;;;;;;;;;;;;;;;;;;;;;;;;;
71424 Dolmetscher, Übersetzer - Experte;3 290;3 590;;;;;;;;;;;;;;;;;;;;;;;;;;;;;;;;;;;;;;;;;;;;;;;;;;;;;;;;;;;;;
71432 Steno-, Phonotypisten - Fachkraft;3 446;3 856;;;;;;;;;;;;;;;;;;;;;;;;;;;;;;;;;;;;;;;;;;;;;;;;;;;;;;;;;;;;;
71433 Steno-, Phonotypisten - Spezialist;.;.;;;;;;;;;;;;;;;;;;;;;;;;;;;;;;;;;;;;;;;;;;;;;;;;;;;;;;;;;;;;;
71442 Kodierer, Korrekturleser - Fachkraft;3 838;4 040;;;;;;;;;;;;;;;;;;;;;;;;;;;;;;;;;;;;;;;;;;;;;;;;;;;;;;;;;;;;;
71452 Auskunft, Kundeninformation - Fachkraft;3 000;3 245;;;;;;;;;;;;;;;;;;;;;;;;;;;;;;;;;;;;;;;;;;;;;;;;;;;;;;;;;;;;;
71493 Aufsicht - Büro und Sekretariat;4 000;4 568;;;;;;;;;;;;;;;;;;;;;;;;;;;;;;;;;;;;;;;;;;;;;;;;;;;;;;;;;;;;;
71512 Personalentwick.,sachbearbeit.-Fachkraft;4 143;4 416;;;;;;;;;;;;;;;;;;;;;;;;;;;;;;;;;;;;;;;;;;;;;;;;;;;;;;;;;;;;;
71513 Personalentwick.,sachbearbeit-Spezialist;4 968;5 335;;;;;;;;;;;;;;;;;;;;;;;;;;;;;;;;;;;;;;;;;;;;;;;;;;;;;;;;;;;;;
71514 Personalentwickl.,-sachbearbeit.-Experte;5 250;5 909;;;;;;;;;;;;;;;;;;;;;;;;;;;;;;;;;;;;;;;;;;;;;;;;;;;;;;;;;;;;;
71522 Personaldienstleistung - Fachkraft;3 524;3 935;;;;;;;;;;;;;;;;;;;;;;;;;;;;;;;;;;;;;;;;;;;;;;;;;;;;;;;;;;;;;
71523 Personaldienstleistung - Spezialist;4 260;4 703;;;;;;;;;;;;;;;;;;;;;;;;;;;;;;;;;;;;;;;;;;;;;;;;;;;;;;;;;;;;;
71524 Personaldienstleistung - Experte;4 731;5 197;;;;;;;;;;;;;;;;;;;;;;;;;;;;;;;;;;;;;;;;;;;;;;;;;;;;;;;;;;;;;
71594 Führung - Personalwesen, -dienstleistung;7 870;8 858;;;;;;;;;;;;;;;;;;;;;;;;;;;;;;;;;;;;;;;;;;;;;;;;;;;;;;;;;;;;;
72112 Bankkaufleute - Fachkraft;4 869;5 541;;;;;;;;;;;;;;;;;;;;;;;;;;;;;;;;;;;;;;;;;;;;;;;;;;;;;;;;;;;;;
72113 Bankkaufleute - Spezialist;5 537;6 191;;;;;;;;;;;;;;;;;;;;;;;;;;;;;;;;;;;;;;;;;;;;;;;;;;;;;;;;;;;;;
72122 Anlageberater, Finanzdienstl.-Fachkraft;4 902;5 392;;;;;;;;;;;;;;;;;;;;;;;;;;;;;;;;;;;;;;;;;;;;;;;;;;;;;;;;;;;;;
72123 Anlageberater, Finanzdienstl.-Spezialist;6 396;7 550;;;;;;;;;;;;;;;;;;;;;;;;;;;;;;;;;;;;;;;;;;;;;;;;;;;;;;;;;;;;;
72124 Anlageberater, Finanzdienstl.-Experte;(7 000);(8 614);;;;;;;;;;;;;;;;;;;;;;;;;;;;;;;;;;;;;;;;;;;;;;;;;;;;;;;;;;;;;
72132 Versicherungskaufleute - Fachkraft;4 477;4 750;;;;;;;;;;;;;;;;;;;;;;;;;;;;;;;;;;;;;;;;;;;;;;;;;;;;;;;;;;;;;
72133 Versicherungskaufleute - Spezialist;4 922;5 420;;;;;;;;;;;;;;;;;;;;;;;;;;;;;;;;;;;;;;;;;;;;;;;;;;;;;;;;;;;;;
72134 Versicherungskaufleute - Experte;6 473;7 004;;;;;;;;;;;;;;;;;;;;;;;;;;;;;;;;;;;;;;;;;;;;;;;;;;;;;;;;;;;;;
72144 Finanzanalysten/innen - Experte;6 399;7 022;;;;;;;;;;;;;;;;;;;;;;;;;;;;;;;;;;;;;;;;;;;;;;;;;;;;;;;;;;;;;
72182 Versicher-,Finanzdienstl.(ssT)-Fachkraft;4 456;4 792;;;;;;;;;;;;;;;;;;;;;;;;;;;;;;;;;;;;;;;;;;;;;;;;;;;;;;;;;;;;;
72183 Versicher,Finanzdienstl.(ssT)-Spezialist;(4 542);(4 892);;;;;;;;;;;;;;;;;;;;;;;;;;;;;;;;;;;;;;;;;;;;;;;;;;;;;;;;;;;;;
72184 Versicher-,Finanzdienstl.(ssT)-Experte;7 422;8 539;;;;;;;;;;;;;;;;;;;;;;;;;;;;;;;;;;;;;;;;;;;;;;;;;;;;;;;;;;;;;
72194 Führung-Versicherung-,Finanzdienstleist.;6 808;8 502;;;;;;;;;;;;;;;;;;;;;;;;;;;;;;;;;;;;;;;;;;;;;;;;;;;;;;;;;;;;;
72212 Buchhaltung - Fachkraft;3 520;3 863;;;;;;;;;;;;;;;;;;;;;;;;;;;;;;;;;;;;;;;;;;;;;;;;;;;;;;;;;;;;;
72213 Buchhaltung - Spezialist;3 959;4 304;;;;;;;;;;;;;;;;;;;;;;;;;;;;;;;;;;;;;;;;;;;;;;;;;;;;;;;;;;;;;
72214 Buchhaltung - Experte;6 438;7 367;;;;;;;;;;;;;;;;;;;;;;;;;;;;;;;;;;;;;;;;;;;;;;;;;;;;;;;;;;;;;
72223 Kostenrechnung, Kalkulation - Spezialist;4 584;5 040;;;;;;;;;;;;;;;;;;;;;;;;;;;;;;;;;;;;;;;;;;;;;;;;;;;;;;;;;;;;;
72224 Kostenrechnung, Kalkulation - Experte;5 733;6 441;;;;;;;;;;;;;;;;;;;;;;;;;;;;;;;;;;;;;;;;;;;;;;;;;;;;;;;;;;;;;
72233 Controlling - Spezialist;5 236;5 618;;;;;;;;;;;;;;;;;;;;;;;;;;;;;;;;;;;;;;;;;;;;;;;;;;;;;;;;;;;;;
72234 Controlling - Experte;5 724;6 201;;;;;;;;;;;;;;;;;;;;;;;;;;;;;;;;;;;;;;;;;;;;;;;;;;;;;;;;;;;;;
72243 Wirtschaftsprüfung - Spezialist;4 375;4 885;;;;;;;;;;;;;;;;;;;;;;;;;;;;;;;;;;;;;;;;;;;;;;;;;;;;;;;;;;;;;
72244 Wirtschaftsprüfung - Experte;6 440;7 632;;;;;;;;;;;;;;;;;;;;;;;;;;;;;;;;;;;;;;;;;;;;;;;;;;;;;;;;;;;;;
72294 Führung-Rechnungsw.,Controlling,Revision;7 988;9 135;;;;;;;;;;;;;;;;;;;;;;;;;;;;;;;;;;;;;;;;;;;;;;;;;;;;;;;;;;;;;
72302 Steuerberatung - Fachkraft;3 350;3 545;;;;;;;;;;;;;;;;;;;;;;;;;;;;;;;;;;;;;;;;;;;;;;;;;;;;;;;;;;;;;
72303 Steuerberatung - Spezialist;4 167;4 703;;;;;;;;;;;;;;;;;;;;;;;;;;;;;;;;;;;;;;;;;;;;;;;;;;;;;;;;;;;;;
72304 Steuerberatung - Experte;6 838;7 679;;;;;;;;;;;;;;;;;;;;;;;;;;;;;;;;;;;;;;;;;;;;;;;;;;;;;;;;;;;;;
73104 Rechtsberatung,-sprechung (oS) - Experte;7 015;7 675;;;;;;;;;;;;;;;;;;;;;;;;;;;;;;;;;;;;;;;;;;;;;;;;;;;;;;;;;;;;;
73112 Assistenz Rechtsanwalt.,Notar.-Fachkraft;3 050;3 223;;;;;;;;;;;;;;;;;;;;;;;;;;;;;;;;;;;;;;;;;;;;;;;;;;;;;;;;;;;;;
73113 Assistenz Rechtsanwalt.,Notar-Spezialist;4 800;4 792;;;;;;;;;;;;;;;;;;;;;;;;;;;;;;;;;;;;;;;;;;;;;;;;;;;;;;;;;;;;;
73124 Notare/Notarinnen - Experte;(7 529);(8 764);;;;;;;;;;;;;;;;;;;;;;;;;;;;;;;;;;;;;;;;;;;;;;;;;;;;;;;;;;;;;
73134 Rechtsanwälte/-anwältinnen - Experte;7 638;8 513;;;;;;;;;;;;;;;;;;;;;;;;;;;;;;;;;;;;;;;;;;;;;;;;;;;;;;;;;;;;;
73144 Staatsanwälte/-anwältinnen - Experte;7 350;6 967;;;;;;;;;;;;;;;;;;;;;;;;;;;;;;;;;;;;;;;;;;;;;;;;;;;;;;;;;;;;;
73154 Richter/innen - Experte;7 419;7 188;;;;;;;;;;;;;;;;;;;;;;;;;;;;;;;;;;;;;;;;;;;;;;;;;;;;;;;;;;;;;
73162 Verfassungsschutz - Fachkraft;3 533;3 595;;;;;;;;;;;;;;;;;;;;;;;;;;;;;;;;;;;;;;;;;;;;;;;;;;;;;;;;;;;;;
73163 Verfassungsschutz - Spezialist;4 601;4 662;;;;;;;;;;;;;;;;;;;;;;;;;;;;;;;;;;;;;;;;;;;;;;;;;;;;;;;;;;;;;
73164 Verfassungsschutz - Experte;6 159;6 347;;;;;;;;;;;;;;;;;;;;;;;;;;;;;;;;;;;;;;;;;;;;;;;;;;;;;;;;;;;;;
73183 Rechtsber.,sprech.,ordn.(ssT)-Spezialist;5 218;6 039;;;;;;;;;;;;;;;;;;;;;;;;;;;;;;;;;;;;;;;;;;;;;;;;;;;;;;;;;;;;;
73184 Rechtsberat.,sprech.,ordn.(ssT)-Experte;6 698;7 339;;;;;;;;;;;;;;;;;;;;;;;;;;;;;;;;;;;;;;;;;;;;;;;;;;;;;;;;;;;;;
73194 Führung-Rechtsberatung,sprechung,ordnung;10 266;11 361;;;;;;;;;;;;;;;;;;;;;;;;;;;;;;;;;;;;;;;;;;;;;;;;;;;;;;;;;;;;;
73201 Öffentliche Verwaltung (o.S.) - Helfer;2 934;2 990;;;;;;;;;;;;;;;;;;;;;;;;;;;;;;;;;;;;;;;;;;;;;;;;;;;;;;;;;;;;;
73202 Öffentliche Verwaltung(o.S.) - Fachkraft;3 375;3 489;;;;;;;;;;;;;;;;;;;;;;;;;;;;;;;;;;;;;;;;;;;;;;;;;;;;;;;;;;;;;
73203 Öffentliche Verwaltung (o.S.)-Spezialist;4 559;4 600;;;;;;;;;;;;;;;;;;;;;;;;;;;;;;;;;;;;;;;;;;;;;;;;;;;;;;;;;;;;;
73204 Öffentliche Verwaltung (o.S.) - Experte;6 218;6 325;;;;;;;;;;;;;;;;;;;;;;;;;;;;;;;;;;;;;;;;;;;;;;;;;;;;;;;;;;;;;
73212 Sozialverwaltung,-versicherung-Fachkraft;3 519;3 578;;;;;;;;;;;;;;;;;;;;;;;;;;;;;;;;;;;;;;;;;;;;;;;;;;;;;;;;;;;;;
73213 Sozialverwaltung,versicherung-Spezialist;4 606;4 629;;;;;;;;;;;;;;;;;;;;;;;;;;;;;;;;;;;;;;;;;;;;;;;;;;;;;;;;;;;;;
73214 Sozialverwaltung, -versicherung-Experte;6 569;6 863;;;;;;;;;;;;;;;;;;;;;;;;;;;;;;;;;;;;;;;;;;;;;;;;;;;;;;;;;;;;;
73222 Verw. Sozial-,Gesundheitswes. -Fachkraft;3 246;3 383;;;;;;;;;;;;;;;;;;;;;;;;;;;;;;;;;;;;;;;;;;;;;;;;;;;;;;;;;;;;;
73223 Verw. Sozial-,Gesundheitswes.-Spezialist;3 759;4 059;;;;;;;;;;;;;;;;;;;;;;;;;;;;;;;;;;;;;;;;;;;;;;;;;;;;;;;;;;;;;
73224 Verw. Sozial-,Gesundheitswes. - Experte;(4 758);(5 537);;;;;;;;;;;;;;;;;;;;;;;;;;;;;;;;;;;;;;;;;;;;;;;;;;;;;;;;;;;;;
73231 Steuerverwaltung - Helfer;2 848;2 901;;;;;;;;;;;;;;;;;;;;;;;;;;;;;;;;;;;;;;;;;;;;;;;;;;;;;;;;;;;;;
73232 Steuerverwaltung - Fachkraft;3 359;3 308;;;;;;;;;;;;;;;;;;;;;;;;;;;;;;;;;;;;;;;;;;;;;;;;;;;;;;;;;;;;;
73233 Steuerverwaltung - Spezialist;4 320;4 353;;;;;;;;;;;;;;;;;;;;;;;;;;;;;;;;;;;;;;;;;;;;;;;;;;;;;;;;;;;;;
73234 Steuerverwaltung - Experte;6 020;6 157;;;;;;;;;;;;;;;;;;;;;;;;;;;;;;;;;;;;;;;;;;;;;;;;;;;;;;;;;;;;;
73241 Zolldienst - Helfer;.;.;;;;;;;;;;;;;;;;;;;;;;;;;;;;;;;;;;;;;;;;;;;;;;;;;;;;;;;;;;;;;
73242 Zolldienst - Fachkraft;3 904;4 295;;;;;;;;;;;;;;;;;;;;;;;;;;;;;;;;;;;;;;;;;;;;;;;;;;;;;;;;;;;;;
73243 Zolldienst - Spezialist;.;.;;;;;;;;;;;;;;;;;;;;;;;;;;;;;;;;;;;;;;;;;;;;;;;;;;;;;;;;;;;;;
73244 Zolldienst - Experte;4 771;5 254;;;;;;;;;;;;;;;;;;;;;;;;;;;;;;;;;;;;;;;;;;;;;;;;;;;;;;;;;;;;;
73252 Justizverwaltung - Fachkraft;3 367;3 306;;;;;;;;;;;;;;;;;;;;;;;;;;;;;;;;;;;;;;;;;;;;;;;;;;;;;;;;;;;;;
73253 Justizverwaltung - Spezialist;4 150;4 262;;;;;;;;;;;;;;;;;;;;;;;;;;;;;;;;;;;;;;;;;;;;;;;;;;;;;;;;;;;;;
73254 Justizverwaltung - Experte;5 937;6 185;;;;;;;;;;;;;;;;;;;;;;;;;;;;;;;;;;;;;;;;;;;;;;;;;;;;;;;;;;;;;
73282 Öffentliche Verwaltung (ssT) - Fachkraft;3 540;3 692;;;;;;;;;;;;;;;;;;;;;;;;;;;;;;;;;;;;;;;;;;;;;;;;;;;;;;;;;;;;;
73283 Öffentliche Verwaltung (ssT) -Spezialist;4 519;4 466;;;;;;;;;;;;;;;;;;;;;;;;;;;;;;;;;;;;;;;;;;;;;;;;;;;;;;;;;;;;;
73284 Öffentliche Verwaltung (ssT) - Experte;6 227;6 489;;;;;;;;;;;;;;;;;;;;;;;;;;;;;;;;;;;;;;;;;;;;;;;;;;;;;;;;;;;;;
73293 Aufsicht - Verwaltung;(6 419);(6 525);;;;;;;;;;;;;;;;;;;;;;;;;;;;;;;;;;;;;;;;;;;;;;;;;;;;;;;;;;;;;
73294 Führung - Verwaltung;8 746;8 570;;;;;;;;;;;;;;;;;;;;;;;;;;;;;;;;;;;;;;;;;;;;;;;;;;;;;;;;;;;;;
73312 Archivwesen - Fachkraft;3 498;3 764;;;;;;;;;;;;;;;;;;;;;;;;;;;;;;;;;;;;;;;;;;;;;;;;;;;;;;;;;;;;;
73313 Archivwesen - Spezialist;4 087;4 502;;;;;;;;;;;;;;;;;;;;;;;;;;;;;;;;;;;;;;;;;;;;;;;;;;;;;;;;;;;;;
73314 Archivwesen - Experte;(3 180);(3 404);;;;;;;;;;;;;;;;;;;;;;;;;;;;;;;;;;;;;;;;;;;;;;;;;;;;;;;;;;;;;
73322 Bibliothekswesen - Fachkraft;3 361;3 586;;;;;;;;;;;;;;;;;;;;;;;;;;;;;;;;;;;;;;;;;;;;;;;;;;;;;;;;;;;;;
73323 Bibliothekswesen - Spezialist;4 286;4 753;;;;;;;;;;;;;;;;;;;;;;;;;;;;;;;;;;;;;;;;;;;;;;;;;;;;;;;;;;;;;
73324 Bibliothekswesen - Experte;4 424;4 665;;;;;;;;;;;;;;;;;;;;;;;;;;;;;;;;;;;;;;;;;;;;;;;;;;;;;;;;;;;;;
73332 Dokument.-,Informationsdienst-Fachkraft;4 050;4 353;;;;;;;;;;;;;;;;;;;;;;;;;;;;;;;;;;;;;;;;;;;;;;;;;;;;;;;;;;;;;
73333 Dokument.-,Informationsdienst-Spezialist;(3 473);(4 449);;;;;;;;;;;;;;;;;;;;;;;;;;;;;;;;;;;;;;;;;;;;;;;;;;;;;;;;;;;;;
73334 Dokumentat.-, Informationsdienst-Experte;4 026;4 212;;;;;;;;;;;;;;;;;;;;;;;;;;;;;;;;;;;;;;;;;;;;;;;;;;;;;;;;;;;;;
73342 Medizinische Dokumentation - Fachkraft;4 168;4 640;;;;;;;;;;;;;;;;;;;;;;;;;;;;;;;;;;;;;;;;;;;;;;;;;;;;;;;;;;;;;
73394 Führung-Medien-Dokument.-,Informationsd.;5 440;6 362;;;;;;;;;;;;;;;;;;;;;;;;;;;;;;;;;;;;;;;;;;;;;;;;;;;;;;;;;;;;;
81102 Medizin. Fachangestellte (oS)-Fachkraft;2 828;2 861;;;;;;;;;;;;;;;;;;;;;;;;;;;;;;;;;;;;;;;;;;;;;;;;;;;;;;;;;;;;;
81103 Medizin. Fachangestellte (oS)-Spezialist;2 815;2 859;;;;;;;;;;;;;;;;;;;;;;;;;;;;;;;;;;;;;;;;;;;;;;;;;;;;;;;;;;;;;
81112 Zahnmedizin. Fachangestellte - Fachkraft;2 600;2 660;;;;;;;;;;;;;;;;;;;;;;;;;;;;;;;;;;;;;;;;;;;;;;;;;;;;;;;;;;;;;
81113 Zahnmedizin.Fachangestellte - Spezialist;3 050;3 058;;;;;;;;;;;;;;;;;;;;;;;;;;;;;;;;;;;;;;;;;;;;;;;;;;;;;;;;;;;;;
81132 Orthoptisten/Orthoptistinnen - Fachkraft;(3 624);(3 637);;;;;;;;;;;;;;;;;;;;;;;;;;;;;;;;;;;;;;;;;;;;;;;;;;;;;;;;;;;;;
81142 Tiermedizin. Fachangestellte - Fachkraft;2 585;2 661;;;;;;;;;;;;;;;;;;;;;;;;;;;;;;;;;;;;;;;;;;;;;;;;;;;;;;;;;;;;;
81143 Tiermedizin.Fachangestellte - Spezialist;3 374;3 432;;;;;;;;;;;;;;;;;;;;;;;;;;;;;;;;;;;;;;;;;;;;;;;;;;;;;;;;;;;;;
81182 Medizin. Fachangestellte (ssT)-Fachkraft;2 951;3 082;;;;;;;;;;;;;;;;;;;;;;;;;;;;;;;;;;;;;;;;;;;;;;;;;;;;;;;;;;;;;
81183 Medizin.Fachangestellte (ssT)-Spezialist;3 308;3 488;;;;;;;;;;;;;;;;;;;;;;;;;;;;;;;;;;;;;;;;;;;;;;;;;;;;;;;;;;;;;
81212 Med.-techn. Berufe Laborat. - Fachkraft;3 640;3 747;;;;;;;;;;;;;;;;;;;;;;;;;;;;;;;;;;;;;;;;;;;;;;;;;;;;;;;;;;;;;
81213 Med.-techn. Berufe Laborat. - Spezialist;/;/;;;;;;;;;;;;;;;;;;;;;;;;;;;;;;;;;;;;;;;;;;;;;;;;;;;;;;;;;;;;;
81214 Med.-techn. Berufe Laborat. - Experte;(10 000);(10 599);;;;;;;;;;;;;;;;;;;;;;;;;;;;;;;;;;;;;;;;;;;;;;;;;;;;;;;;;;;;;
81222 Med.-tech.Berufe Funktionsdiag-Fachkraft;3 637;3 901;;;;;;;;;;;;;;;;;;;;;;;;;;;;;;;;;;;;;;;;;;;;;;;;;;;;;;;;;;;;;
81223 Med-tech.Berufe Funktionsdiag-Spezialist;5 797;5 826;;;;;;;;;;;;;;;;;;;;;;;;;;;;;;;;;;;;;;;;;;;;;;;;;;;;;;;;;;;;;
81224 Med.-tech. Berufe Funktionsdiag-Experte;(5 766);(6 169);;;;;;;;;;;;;;;;;;;;;;;;;;;;;;;;;;;;;;;;;;;;;;;;;;;;;;;;;;;;;
81232 Med.-tech.Berufe Radiologie - Fachkraft;4 056;4 037;;;;;;;;;;;;;;;;;;;;;;;;;;;;;;;;;;;;;;;;;;;;;;;;;;;;;;;;;;;;;
81233 Med.-tech. Berufe Radiologie -Spezialist;/;/;;;;;;;;;;;;;;;;;;;;;;;;;;;;;;;;;;;;;;;;;;;;;;;;;;;;;;;;;;;;;
81234 Med.-techn. Berufe Radiologie - Experte;10 859;11 276;;;;;;;;;;;;;;;;;;;;;;;;;;;;;;;;;;;;;;;;;;;;;;;;;;;;;;;;;;;;;
81242 Med.-tech.Berufe Veterinärmed.-Fachkraft;3 636;3 905;;;;;;;;;;;;;;;;;;;;;;;;;;;;;;;;;;;;;;;;;;;;;;;;;;;;;;;;;;;;;
81243 Med.-tech.BerufeVeterinärmed.-Spezialist;/;/;;;;;;;;;;;;;;;;;;;;;;;;;;;;;;;;;;;;;;;;;;;;;;;;;;;;;;;;;;;;;
81294 Führung - Medizinisches Laboratorium;/;/;;;;;;;;;;;;;;;;;;;;;;;;;;;;;;;;;;;;;;;;;;;;;;;;;;;;;;;;;;;;;
81301 Gesundheits-, Krankenpflege (oS)-Helfer;3 063;3 201;;;;;;;;;;;;;;;;;;;;;;;;;;;;;;;;;;;;;;;;;;;;;;;;;;;;;;;;;;;;;
81302 Gesundheits-,Krankenpflege(oS)-Fachkraft;3 988;4 067;;;;;;;;;;;;;;;;;;;;;;;;;;;;;;;;;;;;;;;;;;;;;;;;;;;;;;;;;;;;;
81313 Fachkrankenpflege - Spezialist;4 435;4 570;;;;;;;;;;;;;;;;;;;;;;;;;;;;;;;;;;;;;;;;;;;;;;;;;;;;;;;;;;;;;
81323 Fachkinderkrankenpflege - Spezialist;4 438;4 566;;;;;;;;;;;;;;;;;;;;;;;;;;;;;;;;;;;;;;;;;;;;;;;;;;;;;;;;;;;;;
81332 Operationstechn. Assistenz - Fachkraft;4 182;4 261;;;;;;;;;;;;;;;;;;;;;;;;;;;;;;;;;;;;;;;;;;;;;;;;;;;;;;;;;;;;;
81333 Operationstechn. Assistenz - Spezialist;4 152;4 377;;;;;;;;;;;;;;;;;;;;;;;;;;;;;;;;;;;;;;;;;;;;;;;;;;;;;;;;;;;;;
81341 Rettungsdienst - Helfer;2 756;2 841;;;;;;;;;;;;;;;;;;;;;;;;;;;;;;;;;;;;;;;;;;;;;;;;;;;;;;;;;;;;;
81342 Rettungsdienst - Fachkraft;3 717;3 782;;;;;;;;;;;;;;;;;;;;;;;;;;;;;;;;;;;;;;;;;;;;;;;;;;;;;;;;;;;;;
81343 Rettungsdienst - Spezialist;(4 013);(4 193);;;;;;;;;;;;;;;;;;;;;;;;;;;;;;;;;;;;;;;;;;;;;;;;;;;;;;;;;;;;;
81352 Geburtshilfe,Entbindungspflege-Fachkraft;3 751;3 535;;;;;;;;;;;;;;;;;;;;;;;;;;;;;;;;;;;;;;;;;;;;;;;;;;;;;;;;;;;;;
81353 GeburtshilfeEntbindungspflege-Spezialist;4 042;4 048;;;;;;;;;;;;;;;;;;;;;;;;;;;;;;;;;;;;;;;;;;;;;;;;;;;;;;;;;;;;;
81382 Gesundheits,Krankenpflege(ssT)-Fachkraft;3 912;4 037;;;;;;;;;;;;;;;;;;;;;;;;;;;;;;;;;;;;;;;;;;;;;;;;;;;;;;;;;;;;;
81383 Gesundheits-,Krankenpfl.(ssT)-Spezialist;/;/;;;;;;;;;;;;;;;;;;;;;;;;;;;;;;;;;;;;;;;;;;;;;;;;;;;;;;;;;;;;;
81393 Aufsicht-Krankenpfl.,Rettungsd.,Geburtsh;4 954;5 007;;;;;;;;;;;;;;;;;;;;;;;;;;;;;;;;;;;;;;;;;;;;;;;;;;;;;;;;;;;;;
81394 Führung-Krankenpfl.,Rettungsd.,Geburtsh.;4 953;5 416;;;;;;;;;;;;;;;;;;;;;;;;;;;;;;;;;;;;;;;;;;;;;;;;;;;;;;;;;;;;;
81404 Ärzte/Ärztinnen (o.S.) - Experte;7 022;7 983;;;;;;;;;;;;;;;;;;;;;;;;;;;;;;;;;;;;;;;;;;;;;;;;;;;;;;;;;;;;;
81414 Fachärzte Kinder-,Jugendmedizin -Experte;(7 259);(7 897);;;;;;;;;;;;;;;;;;;;;;;;;;;;;;;;;;;;;;;;;;;;;;;;;;;;;;;;;;;;;
81424 Fachärzte Innere Medizin - Experte;8 231;9 291;;;;;;;;;;;;;;;;;;;;;;;;;;;;;;;;;;;;;;;;;;;;;;;;;;;;;;;;;;;;;
81434 Fachärzte in der Chirurgie - Experte;9 256;10 636;;;;;;;;;;;;;;;;;;;;;;;;;;;;;;;;;;;;;;;;;;;;;;;;;;;;;;;;;;;;;
81444 Fachärzte Sinnes,Geschlechtsorg.-Experte;(8 427);(9 882);;;;;;;;;;;;;;;;;;;;;;;;;;;;;;;;;;;;;;;;;;;;;;;;;;;;;;;;;;;;;
81454 Fachärzte Anästhesiologie - Experte;8 748;9 387;;;;;;;;;;;;;;;;;;;;;;;;;;;;;;;;;;;;;;;;;;;;;;;;;;;;;;;;;;;;;
81464 Fachärzte Psychiatr.,Psychother.-Experte;7 958;8 460;;;;;;;;;;;;;;;;;;;;;;;;;;;;;;;;;;;;;;;;;;;;;;;;;;;;;;;;;;;;;
81474 Zahnärzte, Kieferorthopäden - Experte;5 289;6 719;;;;;;;;;;;;;;;;;;;;;;;;;;;;;;;;;;;;;;;;;;;;;;;;;;;;;;;;;;;;;
81484 Ärzte/Ärztinnen (s.s.T.) - Experte;7 727;8 355;;;;;;;;;;;;;;;;;;;;;;;;;;;;;;;;;;;;;;;;;;;;;;;;;;;;;;;;;;;;;
81494 Führung - Human- und Zahnmedizin;13 095;14 852;;;;;;;;;;;;;;;;;;;;;;;;;;;;;;;;;;;;;;;;;;;;;;;;;;;;;;;;;;;;;
81504 Tierärzte/-ärztinnen (o.S.) - Experte;4 725;5 349;;;;;;;;;;;;;;;;;;;;;;;;;;;;;;;;;;;;;;;;;;;;;;;;;;;;;;;;;;;;;
81514 Tierärzte für Groß-, Nutztiere - Experte;(3 316);(3 664);;;;;;;;;;;;;;;;;;;;;;;;;;;;;;;;;;;;;;;;;;;;;;;;;;;;;;;;;;;;;
81524 Tierärzte für Haus-, Heimtiere - Experte;4 690;5 248;;;;;;;;;;;;;;;;;;;;;;;;;;;;;;;;;;;;;;;;;;;;;;;;;;;;;;;;;;;;;
81532 Tierheilpraktiker/innen - Fachkraft;.;.;;;;;;;;;;;;;;;;;;;;;;;;;;;;;;;;;;;;;;;;;;;;;;;;;;;;;;;;;;;;;
81584 Tiermedizin, Tierheilkunde (ssT)-Experte;.;.;;;;;;;;;;;;;;;;;;;;;;;;;;;;;;;;;;;;;;;;;;;;;;;;;;;;;;;;;;;;;
81594 Führung - Tiermedizin und Tierheilkunde;.;.;;;;;;;;;;;;;;;;;;;;;;;;;;;;;;;;;;;;;;;;;;;;;;;;;;;;;;;;;;;;;
81614 Nicht klinische Psychologie - Experte;4 911;4 825;;;;;;;;;;;;;;;;;;;;;;;;;;;;;;;;;;;;;;;;;;;;;;;;;;;;;;;;;;;;;
81623 Klinische Psychologie - Spezialist;/;/;;;;;;;;;;;;;;;;;;;;;;;;;;;;;;;;;;;;;;;;;;;;;;;;;;;;;;;;;;;;;
81624 Klinische Psychologie - Experte;4 784;4 776;;;;;;;;;;;;;;;;;;;;;;;;;;;;;;;;;;;;;;;;;;;;;;;;;;;;;;;;;;;;;
81634 Nicht ärztliche Psychotherapie - Experte;(4 681);(4 403);;;;;;;;;;;;;;;;;;;;;;;;;;;;;;;;;;;;;;;;;;;;;;;;;;;;;;;;;;;;;
81712 Physiotherapie - Fachkraft;2 903;2 961;;;;;;;;;;;;;;;;;;;;;;;;;;;;;;;;;;;;;;;;;;;;;;;;;;;;;;;;;;;;;
81713 Physiotherapie - Spezialist;3 040;3 052;;;;;;;;;;;;;;;;;;;;;;;;;;;;;;;;;;;;;;;;;;;;;;;;;;;;;;;;;;;;;
81714 Physiotherapie - Experte;(2 713);(2 674);;;;;;;;;;;;;;;;;;;;;;;;;;;;;;;;;;;;;;;;;;;;;;;;;;;;;;;;;;;;;
81722 Ergotherapie - Fachkraft;/;/;;;;;;;;;;;;;;;;;;;;;;;;;;;;;;;;;;;;;;;;;;;;;;;;;;;;;;;;;;;;;
81723 Ergotherapie - Spezialist;3 200;3 205;;;;;;;;;;;;;;;;;;;;;;;;;;;;;;;;;;;;;;;;;;;;;;;;;;;;;;;;;;;;;
81724 Ergotherapie - Experte;3 455;3 518;;;;;;;;;;;;;;;;;;;;;;;;;;;;;;;;;;;;;;;;;;;;;;;;;;;;;;;;;;;;;
81733 Sprachtherapie - Spezialist;3 200;3 283;;;;;;;;;;;;;;;;;;;;;;;;;;;;;;;;;;;;;;;;;;;;;;;;;;;;;;;;;;;;;
81734 Sprachtherapie - Experte;3 800;3 930;;;;;;;;;;;;;;;;;;;;;;;;;;;;;;;;;;;;;;;;;;;;;;;;;;;;;;;;;;;;;
81743 Musik- und Kunsttherapie - Spezialist;3 603;3 584;;;;;;;;;;;;;;;;;;;;;;;;;;;;;;;;;;;;;;;;;;;;;;;;;;;;;;;;;;;;;
81744 Musik- und Kunsttherapie - Experte;3 791;3 415;;;;;;;;;;;;;;;;;;;;;;;;;;;;;;;;;;;;;;;;;;;;;;;;;;;;;;;;;;;;;
81752 Heilkunde und Homöopathie - Fachkraft;(3 618);(3 770);;;;;;;;;;;;;;;;;;;;;;;;;;;;;;;;;;;;;;;;;;;;;;;;;;;;;;;;;;;;;
81753 Heilkunde und Homöopathie - Spezialist;(2 895);(2 584);;;;;;;;;;;;;;;;;;;;;;;;;;;;;;;;;;;;;;;;;;;;;;;;;;;;;;;;;;;;;
81762 Diät-, Ernährungstherapie - Fachkraft;3 315;3 346;;;;;;;;;;;;;;;;;;;;;;;;;;;;;;;;;;;;;;;;;;;;;;;;;;;;;;;;;;;;;
81763 Diät-, Ernährungstherapie - Spezialist;3 823;3 850;;;;;;;;;;;;;;;;;;;;;;;;;;;;;;;;;;;;;;;;;;;;;;;;;;;;;;;;;;;;;
81764 Diät-, Ernährungstherapie - Experte;.;.;;;;;;;;;;;;;;;;;;;;;;;;;;;;;;;;;;;;;;;;;;;;;;;;;;;;;;;;;;;;;
81772 Podologen/Podologinnen - Fachkraft;/;/;;;;;;;;;;;;;;;;;;;;;;;;;;;;;;;;;;;;;;;;;;;;;;;;;;;;;;;;;;;;;
81782 Nichtärzt.Therapie,Heilk.(ssT)-Fachkraft;3 163;3 138;;;;;;;;;;;;;;;;;;;;;;;;;;;;;;;;;;;;;;;;;;;;;;;;;;;;;;;;;;;;;
81783 Nichtärzt.Therapie,Heilk(ssT)-Spezialist;3 219;3 434;;;;;;;;;;;;;;;;;;;;;;;;;;;;;;;;;;;;;;;;;;;;;;;;;;;;;;;;;;;;;
81784 Nichtärztl.Therapie,Heilk.(ssT)-Experte;5 619;5 436;;;;;;;;;;;;;;;;;;;;;;;;;;;;;;;;;;;;;;;;;;;;;;;;;;;;;;;;;;;;;
81794 Führung - Nichtärztl. Therapie,Heilkunde;4 697;5 017;;;;;;;;;;;;;;;;;;;;;;;;;;;;;;;;;;;;;;;;;;;;;;;;;;;;;;;;;;;;;
81804 Apotheker, Pharmazeuten - Experte;(5 129);(5 342);;;;;;;;;;;;;;;;;;;;;;;;;;;;;;;;;;;;;;;;;;;;;;;;;;;;;;;;;;;;;
81814 Fachärzte in der Pharmakologie - Experte;(7 173);(8 692);;;;;;;;;;;;;;;;;;;;;;;;;;;;;;;;;;;;;;;;;;;;;;;;;;;;;;;;;;;;;
81822 Pharmazeut.-techn. Assistenz - Fachkraft;2 997;3 105;;;;;;;;;;;;;;;;;;;;;;;;;;;;;;;;;;;;;;;;;;;;;;;;;;;;;;;;;;;;;
81883 Pharmazie (s.s.T.) - Spezialist;6 651;6 845;;;;;;;;;;;;;;;;;;;;;;;;;;;;;;;;;;;;;;;;;;;;;;;;;;;;;;;;;;;;;
81884 Pharmazie (s.s.T.) - Experte;6 242;6 844;;;;;;;;;;;;;;;;;;;;;;;;;;;;;;;;;;;;;;;;;;;;;;;;;;;;;;;;;;;;;
81894 Führung - Pharmazie;9 573;10 220;;;;;;;;;;;;;;;;;;;;;;;;;;;;;;;;;;;;;;;;;;;;;;;;;;;;;;;;;;;;;
82101 Altenpflege (o.S.) - Helfer;2 913;3 054;;;;;;;;;;;;;;;;;;;;;;;;;;;;;;;;;;;;;;;;;;;;;;;;;;;;;;;;;;;;;
82102 Altenpflege (o.S.) - Fachkraft;3 888;3 920;;;;;;;;;;;;;;;;;;;;;;;;;;;;;;;;;;;;;;;;;;;;;;;;;;;;;;;;;;;;;
82103 Altenpflege (o.S.) - Spezialist;(3 938);(4 226);;;;;;;;;;;;;;;;;;;;;;;;;;;;;;;;;;;;;;;;;;;;;;;;;;;;;;;;;;;;;
82182 Altenpflege (s.s.T.) - Fachkraft;/;/;;;;;;;;;;;;;;;;;;;;;;;;;;;;;;;;;;;;;;;;;;;;;;;;;;;;;;;;;;;;;
82183 Altenpflege (s.s.T.) - Spezialist;3 735;3 703;;;;;;;;;;;;;;;;;;;;;;;;;;;;;;;;;;;;;;;;;;;;;;;;;;;;;;;;;;;;;
82194 Führung - Altenpflege;5 781;5 980;;;;;;;;;;;;;;;;;;;;;;;;;;;;;;;;;;;;;;;;;;;;;;;;;;;;;;;;;;;;;
82212 Gesundheitsberatung - Fachkraft;/;/;;;;;;;;;;;;;;;;;;;;;;;;;;;;;;;;;;;;;;;;;;;;;;;;;;;;;;;;;;;;;
82213 Gesundheitsberatung - Spezialist;/;/;;;;;;;;;;;;;;;;;;;;;;;;;;;;;;;;;;;;;;;;;;;;;;;;;;;;;;;;;;;;;
82214 Gesundheitsberatung - Experte;5 356;5 618;;;;;;;;;;;;;;;;;;;;;;;;;;;;;;;;;;;;;;;;;;;;;;;;;;;;;;;;;;;;;
82222 Wellness - Fachkraft;2 731;2 954;;;;;;;;;;;;;;;;;;;;;;;;;;;;;;;;;;;;;;;;;;;;;;;;;;;;;;;;;;;;;
82223 Wellness - Spezialist;2 638;2 909;;;;;;;;;;;;;;;;;;;;;;;;;;;;;;;;;;;;;;;;;;;;;;;;;;;;;;;;;;;;;
82232 Ernährungsberatung - Fachkraft;/;/;;;;;;;;;;;;;;;;;;;;;;;;;;;;;;;;;;;;;;;;;;;;;;;;;;;;;;;;;;;;;
82233 Ernährungsberatung - Spezialist;(2 820);(3 125);;;;;;;;;;;;;;;;;;;;;;;;;;;;;;;;;;;;;;;;;;;;;;;;;;;;;;;;;;;;;
82243 Qualitätsbeauft.Gesundheitsw.-Spezialist;4 188;4 487;;;;;;;;;;;;;;;;;;;;;;;;;;;;;;;;;;;;;;;;;;;;;;;;;;;;;;;;;;;;;
82283 Ernähr.,Gesundheitsber.(ssT)-Spezialist;3 623;3 812;;;;;;;;;;;;;;;;;;;;;;;;;;;;;;;;;;;;;;;;;;;;;;;;;;;;;;;;;;;;;
82284 Ernähr., Gesundheitsberat.(ssT)-Experte;3 881;4 476;;;;;;;;;;;;;;;;;;;;;;;;;;;;;;;;;;;;;;;;;;;;;;;;;;;;;;;;;;;;;
82311 Friseurgewerbe - Helfer;1 890;1 974;;;;;;;;;;;;;;;;;;;;;;;;;;;;;;;;;;;;;;;;;;;;;;;;;;;;;;;;;;;;;
82312 Friseurgewerbe - Fachkraft;2 080;2 047;;;;;;;;;;;;;;;;;;;;;;;;;;;;;;;;;;;;;;;;;;;;;;;;;;;;;;;;;;;;;
82322 Kosmetik - Fachkraft;2 427;2 514;;;;;;;;;;;;;;;;;;;;;;;;;;;;;;;;;;;;;;;;;;;;;;;;;;;;;;;;;;;;;
82332 Tätowierer, Piercer - Fachkraft;.;.;;;;;;;;;;;;;;;;;;;;;;;;;;;;;;;;;;;;;;;;;;;;;;;;;;;;;;;;;;;;;
82342 Maskenbildnerei - Fachkraft;3 201;3 488;;;;;;;;;;;;;;;;;;;;;;;;;;;;;;;;;;;;;;;;;;;;;;;;;;;;;;;;;;;;;
82343 Maskenbildnerei - Spezialist;(3 547);(3 896);;;;;;;;;;;;;;;;;;;;;;;;;;;;;;;;;;;;;;;;;;;;;;;;;;;;;;;;;;;;;
82393 Aufsicht - Körperpflege;(2 332);(2 462);;;;;;;;;;;;;;;;;;;;;;;;;;;;;;;;;;;;;;;;;;;;;;;;;;;;;;;;;;;;;
82401 Bestattungswesen - Helfer;(3 340);(3 637);;;;;;;;;;;;;;;;;;;;;;;;;;;;;;;;;;;;;;;;;;;;;;;;;;;;;;;;;;;;;
82402 Bestattungswesen - Fachkraft;3 200;3 285;;;;;;;;;;;;;;;;;;;;;;;;;;;;;;;;;;;;;;;;;;;;;;;;;;;;;;;;;;;;;
82403 Bestattungswesen - Spezialist;(3 351);(3 703);;;;;;;;;;;;;;;;;;;;;;;;;;;;;;;;;;;;;;;;;;;;;;;;;;;;;;;;;;;;;
82493 Aufsicht - Bestattungswesen;.;.;;;;;;;;;;;;;;;;;;;;;;;;;;;;;;;;;;;;;;;;;;;;;;;;;;;;;;;;;;;;;
82494 Führung - Bestattungswesen;.;.;;;;;;;;;;;;;;;;;;;;;;;;;;;;;;;;;;;;;;;;;;;;;;;;;;;;;;;;;;;;;
82502 Medizintechnik (o.S.) - Fachkraft;3 524;3 630;;;;;;;;;;;;;;;;;;;;;;;;;;;;;;;;;;;;;;;;;;;;;;;;;;;;;;;;;;;;;
82503 Medizintechnik (o.S.) - Spezialist;4 582;4 895;;;;;;;;;;;;;;;;;;;;;;;;;;;;;;;;;;;;;;;;;;;;;;;;;;;;;;;;;;;;;
82504 Medizintechnik (o.S.) - Experte;5 546;5 998;;;;;;;;;;;;;;;;;;;;;;;;;;;;;;;;;;;;;;;;;;;;;;;;;;;;;;;;;;;;;
82512 Orthopädie-, Rehatechnik - Fachkraft;2 350;2 694;;;;;;;;;;;;;;;;;;;;;;;;;;;;;;;;;;;;;;;;;;;;;;;;;;;;;;;;;;;;;
82513 Orthopädie-, Rehatechnik - Spezialist;3 140;3 264;;;;;;;;;;;;;;;;;;;;;;;;;;;;;;;;;;;;;;;;;;;;;;;;;;;;;;;;;;;;;
82514 Orthopädie-, Rehatechnik - Experte;/;/;;;;;;;;;;;;;;;;;;;;;;;;;;;;;;;;;;;;;;;;;;;;;;;;;;;;;;;;;;;;;
82522 Augenoptik - Fachkraft;2 500;2 697;;;;;;;;;;;;;;;;;;;;;;;;;;;;;;;;;;;;;;;;;;;;;;;;;;;;;;;;;;;;;
82523 Augenoptik - Spezialist;/;/;;;;;;;;;;;;;;;;;;;;;;;;;;;;;;;;;;;;;;;;;;;;;;;;;;;;;;;;;;;;;
82524 Augenoptik - Experte;5 744;7 027;;;;;;;;;;;;;;;;;;;;;;;;;;;;;;;;;;;;;;;;;;;;;;;;;;;;;;;;;;;;;
82532 Hörgeräteakustik - Fachkraft;(2 827);(3 224);;;;;;;;;;;;;;;;;;;;;;;;;;;;;;;;;;;;;;;;;;;;;;;;;;;;;;;;;;;;;
82533 Hörgeräteakustik - Spezialist;.;.;;;;;;;;;;;;;;;;;;;;;;;;;;;;;;;;;;;;;;;;;;;;;;;;;;;;;;;;;;;;;
82534 Hörgeräteakustik - Experte;/;/;;;;;;;;;;;;;;;;;;;;;;;;;;;;;;;;;;;;;;;;;;;;;;;;;;;;;;;;;;;;;
82542 Zahntechnik - Fachkraft;3 018;3 362;;;;;;;;;;;;;;;;;;;;;;;;;;;;;;;;;;;;;;;;;;;;;;;;;;;;;;;;;;;;;
82593 Aufsicht-Medizin-Orthopädie-,Rehatechnik;4 000;4 350;;;;;;;;;;;;;;;;;;;;;;;;;;;;;;;;;;;;;;;;;;;;;;;;;;;;;;;;;;;;;
82594 Führung-Medizin-Orthopädie-,Rehatechnik;(6 500);(6 003);;;;;;;;;;;;;;;;;;;;;;;;;;;;;;;;;;;;;;;;;;;;;;;;;;;;;;;;;;;;;
83111 Kinderbetreuung, -erziehung - Helfer;2 871;2 839;;;;;;;;;;;;;;;;;;;;;;;;;;;;;;;;;;;;;;;;;;;;;;;;;;;;;;;;;;;;;
83112 Kinderbetreuung, -erziehung - Fachkraft;3 432;3 494;;;;;;;;;;;;;;;;;;;;;;;;;;;;;;;;;;;;;;;;;;;;;;;;;;;;;;;;;;;;;
83113 Kinderbetreuung, -erziehung - Spezialist;3 526;3 579;;;;;;;;;;;;;;;;;;;;;;;;;;;;;;;;;;;;;;;;;;;;;;;;;;;;;;;;;;;;;
83122 Sozialarbeit, Sozialpädagogik-Fachkraft;(3 204);(3 222);;;;;;;;;;;;;;;;;;;;;;;;;;;;;;;;;;;;;;;;;;;;;;;;;;;;;;;;;;;;;
83123 Sozialarbeit, Sozialpädagogik-Spezialist;4 443;4 392;;;;;;;;;;;;;;;;;;;;;;;;;;;;;;;;;;;;;;;;;;;;;;;;;;;;;;;;;;;;;
83124 Sozialarbeit, Sozialpädagogik - Experte;4 076;4 178;;;;;;;;;;;;;;;;;;;;;;;;;;;;;;;;;;;;;;;;;;;;;;;;;;;;;;;;;;;;;
83131 Heilerziehungspflege, Sonderpäd. -Helfer;2 976;2 991;;;;;;;;;;;;;;;;;;;;;;;;;;;;;;;;;;;;;;;;;;;;;;;;;;;;;;;;;;;;;
83132 Heilerziehungspflege,Sonderpäd-Fachkraft;3 964;3 977;;;;;;;;;;;;;;;;;;;;;;;;;;;;;;;;;;;;;;;;;;;;;;;;;;;;;;;;;;;;;
83133 Heilerziehungspfl.,Sonderpäd.-Spezialist;3 821;3 862;;;;;;;;;;;;;;;;;;;;;;;;;;;;;;;;;;;;;;;;;;;;;;;;;;;;;;;;;;;;;
83134 Heilerziehungspflege,Sonderpäd.-Experte;4 064;4 197;;;;;;;;;;;;;;;;;;;;;;;;;;;;;;;;;;;;;;;;;;;;;;;;;;;;;;;;;;;;;
83141 Haus- und Familienpflege - Helfer;(2 995);(3 084);;;;;;;;;;;;;;;;;;;;;;;;;;;;;;;;;;;;;;;;;;;;;;;;;;;;;;;;;;;;;
83142 Haus- und Familienpflege - Fachkraft;3 029;3 156;;;;;;;;;;;;;;;;;;;;;;;;;;;;;;;;;;;;;;;;;;;;;;;;;;;;;;;;;;;;;
83143 Haus- und Familienpflege - Spezialist;(3 023);(3 075);;;;;;;;;;;;;;;;;;;;;;;;;;;;;;;;;;;;;;;;;;;;;;;;;;;;;;;;;;;;;
83154 Sozial-,Erziehungs-, Suchtberat.-Experte;4 183;4 302;;;;;;;;;;;;;;;;;;;;;;;;;;;;;;;;;;;;;;;;;;;;;;;;;;;;;;;;;;;;;
83193 Aufsicht-Erziehung,Sozialarbeit,Heilerz.;4 642;4 584;;;;;;;;;;;;;;;;;;;;;;;;;;;;;;;;;;;;;;;;;;;;;;;;;;;;;;;;;;;;;
83194 Führung-Erziehung,Sozialarbeit,Heilerz.;5 044;5 241;;;;;;;;;;;;;;;;;;;;;;;;;;;;;;;;;;;;;;;;;;;;;;;;;;;;;;;;;;;;;
83211 Hauswirtschaft - Helfer;(2 554);(2 652);;;;;;;;;;;;;;;;;;;;;;;;;;;;;;;;;;;;;;;;;;;;;;;;;;;;;;;;;;;;;
83212 Hauswirtschaft - Fachkraft;2 439;2 571;;;;;;;;;;;;;;;;;;;;;;;;;;;;;;;;;;;;;;;;;;;;;;;;;;;;;;;;;;;;;
83213 Hauswirtschaft - Spezialist;2 974;3 149;;;;;;;;;;;;;;;;;;;;;;;;;;;;;;;;;;;;;;;;;;;;;;;;;;;;;;;;;;;;;
83223 Verbraucherberatung - Spezialist;4 302;4 458;;;;;;;;;;;;;;;;;;;;;;;;;;;;;;;;;;;;;;;;;;;;;;;;;;;;;;;;;;;;;
83293 Aufsicht-Hauswirtschaft,Verbraucherber.;3 660;3 868;;;;;;;;;;;;;;;;;;;;;;;;;;;;;;;;;;;;;;;;;;;;;;;;;;;;;;;;;;;;;
83314 Theologie - Experte;4 911;5 202;;;;;;;;;;;;;;;;;;;;;;;;;;;;;;;;;;;;;;;;;;;;;;;;;;;;;;;;;;;;;
83322 Gemeindearbeit - Fachkraft;/;/;;;;;;;;;;;;;;;;;;;;;;;;;;;;;;;;;;;;;;;;;;;;;;;;;;;;;;;;;;;;;
83323 Gemeindearbeit - Spezialist;5 464;5 284;;;;;;;;;;;;;;;;;;;;;;;;;;;;;;;;;;;;;;;;;;;;;;;;;;;;;;;;;;;;;
83332 Angeh.geistl.Orden,Mutterhäus.-Fachkraft;(3 515);(3 257);;;;;;;;;;;;;;;;;;;;;;;;;;;;;;;;;;;;;;;;;;;;;;;;;;;;;;;;;;;;;
83333 Angeh.geistl.Orden, Mutterh.-Spezialist;(8 456);(9 346);;;;;;;;;;;;;;;;;;;;;;;;;;;;;;;;;;;;;;;;;;;;;;;;;;;;;;;;;;;;;
83382 Theologie,Gemeindearbeit (ssT)-Fachkraft;3 322;3 352;;;;;;;;;;;;;;;;;;;;;;;;;;;;;;;;;;;;;;;;;;;;;;;;;;;;;;;;;;;;;
83383 Theologie,Gemeindearbeit(ssT)-Spezialist;.;.;;;;;;;;;;;;;;;;;;;;;;;;;;;;;;;;;;;;;;;;;;;;;;;;;;;;;;;;;;;;;
83384 Theologie, Gemeindearbeit (ssT)-Experte;3 683;3 995;;;;;;;;;;;;;;;;;;;;;;;;;;;;;;;;;;;;;;;;;;;;;;;;;;;;;;;;;;;;;
83394 Führung - Theologie und Gemeindearbeit;7 285;7 386;;;;;;;;;;;;;;;;;;;;;;;;;;;;;;;;;;;;;;;;;;;;;;;;;;;;;;;;;;;;;
84114 Lehrkräfte in der Primarstufe - Experte;4 965;4 886;;;;;;;;;;;;;;;;;;;;;;;;;;;;;;;;;;;;;;;;;;;;;;;;;;;;;;;;;;;;;
84124 Lehrkräfte in d. Sekundarstufe - Experte;5 358;5 322;;;;;;;;;;;;;;;;;;;;;;;;;;;;;;;;;;;;;;;;;;;;;;;;;;;;;;;;;;;;;
84134 Lehrkräfte an Förderschulen - Experte;5 223;5 132;;;;;;;;;;;;;;;;;;;;;;;;;;;;;;;;;;;;;;;;;;;;;;;;;;;;;;;;;;;;;
84144 Lehrerausbildung - Experte;6 344;6 092;;;;;;;;;;;;;;;;;;;;;;;;;;;;;;;;;;;;;;;;;;;;;;;;;;;;;;;;;;;;;
84183 Lehrkräfte allg. Schule (ssT)-Spezialist;(3 476);(3 729);;;;;;;;;;;;;;;;;;;;;;;;;;;;;;;;;;;;;;;;;;;;;;;;;;;;;;;;;;;;;
84184 Lehrkräfte allg. Schule (ssT)-Experte;(5 409);(6 156);;;;;;;;;;;;;;;;;;;;;;;;;;;;;;;;;;;;;;;;;;;;;;;;;;;;;;;;;;;;;
84194 Führung - Allgemeinbildende Schulen;7 135;7 078;;;;;;;;;;;;;;;;;;;;;;;;;;;;;;;;;;;;;;;;;;;;;;;;;;;;;;;;;;;;;
84213 Lehrkräfte berufsbild. Fächer-Spezialist;4 600;4 619;;;;;;;;;;;;;;;;;;;;;;;;;;;;;;;;;;;;;;;;;;;;;;;;;;;;;;;;;;;;;
84214 Lehrkräfte berufsbildende Fächer-Experte;5 802;5 624;;;;;;;;;;;;;;;;;;;;;;;;;;;;;;;;;;;;;;;;;;;;;;;;;;;;;;;;;;;;;
84223 Betriebl.Ausbild., Berufspäd.-Spezialist;3 988;4 287;;;;;;;;;;;;;;;;;;;;;;;;;;;;;;;;;;;;;;;;;;;;;;;;;;;;;;;;;;;;;
84224 Betriebl. Ausbild., Berufspäd.-Experte;(4 148);(4 864);;;;;;;;;;;;;;;;;;;;;;;;;;;;;;;;;;;;;;;;;;;;;;;;;;;;;;;;;;;;;
84294 Führung - BBS, betriebl.Ausb., Betr.päd.;7 215;7 186;;;;;;;;;;;;;;;;;;;;;;;;;;;;;;;;;;;;;;;;;;;;;;;;;;;;;;;;;;;;;
84304 Hochschullehre und -forschung - Experte;5 598;6 045;;;;;;;;;;;;;;;;;;;;;;;;;;;;;;;;;;;;;;;;;;;;;;;;;;;;;;;;;;;;;
84394 Führung - Hochschullehre und -forschung;10 132;11 217;;;;;;;;;;;;;;;;;;;;;;;;;;;;;;;;;;;;;;;;;;;;;;;;;;;;;;;;;;;;;
84404 Erwachsenenbildung (o.S.) - Experte;3 599;4 076;;;;;;;;;;;;;;;;;;;;;;;;;;;;;;;;;;;;;;;;;;;;;;;;;;;;;;;;;;;;;
84412 Musikpädagogik - Fachkraft;(4 053);(4 127);;;;;;;;;;;;;;;;;;;;;;;;;;;;;;;;;;;;;;;;;;;;;;;;;;;;;;;;;;;;;
84413 Musikpädagogik - Spezialist;.;.;;;;;;;;;;;;;;;;;;;;;;;;;;;;;;;;;;;;;;;;;;;;;;;;;;;;;;;;;;;;;
84414 Musikpädagogik - Experte;3 797;3 724;;;;;;;;;;;;;;;;;;;;;;;;;;;;;;;;;;;;;;;;;;;;;;;;;;;;;;;;;;;;;
84424 Religionspädagogik - Experte;(4 865);(5 172);;;;;;;;;;;;;;;;;;;;;;;;;;;;;;;;;;;;;;;;;;;;;;;;;;;;;;;;;;;;;
84434 Kunst-, Theaterpädagogik - Experte;3 700;3 815;;;;;;;;;;;;;;;;;;;;;;;;;;;;;;;;;;;;;;;;;;;;;;;;;;;;;;;;;;;;;
84444 IT-Anwendungstraining - Experte;(4 486);(4 646);;;;;;;;;;;;;;;;;;;;;;;;;;;;;;;;;;;;;;;;;;;;;;;;;;;;;;;;;;;;;
84454 (Fremd-)Sprachenlehrer/innen - Experte;(3 618);(4 056);;;;;;;;;;;;;;;;;;;;;;;;;;;;;;;;;;;;;;;;;;;;;;;;;;;;;;;;;;;;;
84483 Lehrkr.außerschul.Bild.(ssT)-Spezialist;5 084;5 079;;;;;;;;;;;;;;;;;;;;;;;;;;;;;;;;;;;;;;;;;;;;;;;;;;;;;;;;;;;;;
84484 Lehrkr. außerschul.Bild.(ssT)-Experte;(5 050);(5 197);;;;;;;;;;;;;;;;;;;;;;;;;;;;;;;;;;;;;;;;;;;;;;;;;;;;;;;;;;;;;
84494 Führung-Außerschul.Bildungseinrichtungen;5 500;5 244;;;;;;;;;;;;;;;;;;;;;;;;;;;;;;;;;;;;;;;;;;;;;;;;;;;;;;;;;;;;;
84503 Sportlehrer/innen (o.S.) - Spezialist;/;/;;;;;;;;;;;;;;;;;;;;;;;;;;;;;;;;;;;;;;;;;;;;;;;;;;;;;;;;;;;;;
84504 Sportlehrer/innen (o.S.) - Experte;(3 257);(3 965);;;;;;;;;;;;;;;;;;;;;;;;;;;;;;;;;;;;;;;;;;;;;;;;;;;;;;;;;;;;;
84513 Fahrlehrer/innen - Spezialist;(3 608);(3 610);;;;;;;;;;;;;;;;;;;;;;;;;;;;;;;;;;;;;;;;;;;;;;;;;;;;;;;;;;;;;
84523 Fluglehrer/innen - Spezialist;/;/;;;;;;;;;;;;;;;;;;;;;;;;;;;;;;;;;;;;;;;;;;;;;;;;;;;;;;;;;;;;;
84533 Tanzlehrer/innen - Spezialist;/;/;;;;;;;;;;;;;;;;;;;;;;;;;;;;;;;;;;;;;;;;;;;;;;;;;;;;;;;;;;;;;
84543 Trainer - Ballsportarten - Spezialist;(4 888);(11 023);;;;;;;;;;;;;;;;;;;;;;;;;;;;;;;;;;;;;;;;;;;;;;;;;;;;;;;;;;;;;
84553 Trainer - Fitness,Gymnastik - Spezialist;2 600;2 685;;;;;;;;;;;;;;;;;;;;;;;;;;;;;;;;;;;;;;;;;;;;;;;;;;;;;;;;;;;;;
84583 Sportlehrer/innen (s.s.T.) - Spezialist;(3 120);(3 065);;;;;;;;;;;;;;;;;;;;;;;;;;;;;;;;;;;;;;;;;;;;;;;;;;;;;;;;;;;;;
91104 Sprach-, Literaturwissen.(oS) - Experte;4 911;4 985;;;;;;;;;;;;;;;;;;;;;;;;;;;;;;;;;;;;;;;;;;;;;;;;;;;;;;;;;;;;;
91114 Germanistik - Experte;4 511;4 557;;;;;;;;;;;;;;;;;;;;;;;;;;;;;;;;;;;;;;;;;;;;;;;;;;;;;;;;;;;;;
91124 Anglistik, Amerikanistik - Experte;.;.;;;;;;;;;;;;;;;;;;;;;;;;;;;;;;;;;;;;;;;;;;;;;;;;;;;;;;;;;;;;;
91134 Romanistik - Experte;.;.;;;;;;;;;;;;;;;;;;;;;;;;;;;;;;;;;;;;;;;;;;;;;;;;;;;;;;;;;;;;;
91144 Slawistik, verwandte Bereiche - Experte;.;.;;;;;;;;;;;;;;;;;;;;;;;;;;;;;;;;;;;;;;;;;;;;;;;;;;;;;;;;;;;;;
91154 Arabistik, Orientalistik - Experte;.;.;;;;;;;;;;;;;;;;;;;;;;;;;;;;;;;;;;;;;;;;;;;;;;;;;;;;;;;;;;;;;
91164 Sprach-,Literaturwis. asiat.Raum-Experte;(4 967);(5 082);;;;;;;;;;;;;;;;;;;;;;;;;;;;;;;;;;;;;;;;;;;;;;;;;;;;;;;;;;;;;
91174 Altphilologie - Experte;.;.;;;;;;;;;;;;;;;;;;;;;;;;;;;;;;;;;;;;;;;;;;;;;;;;;;;;;;;;;;;;;
91184 Sprach-,Literaturwissensch.(ssT)-Experte;(4 000);(4 258);;;;;;;;;;;;;;;;;;;;;;;;;;;;;;;;;;;;;;;;;;;;;;;;;;;;;;;;;;;;;
91214 Philosophie, Religion, Ethik - Experte;6 246;6 489;;;;;;;;;;;;;;;;;;;;;;;;;;;;;;;;;;;;;;;;;;;;;;;;;;;;;;;;;;;;;
91224 Geschichtswissenschaften - Experte;(4 911);(4 802);;;;;;;;;;;;;;;;;;;;;;;;;;;;;;;;;;;;;;;;;;;;;;;;;;;;;;;;;;;;;
91233 Archäologie - Spezialist;(3 087);(3 409);;;;;;;;;;;;;;;;;;;;;;;;;;;;;;;;;;;;;;;;;;;;;;;;;;;;;;;;;;;;;
91234 Archäologie - Experte;(4 166);(4 386);;;;;;;;;;;;;;;;;;;;;;;;;;;;;;;;;;;;;;;;;;;;;;;;;;;;;;;;;;;;;
91244 Medien-, Theaterwissenschaft - Experte;/;/;;;;;;;;;;;;;;;;;;;;;;;;;;;;;;;;;;;;;;;;;;;;;;;;;;;;;;;;;;;;;
91254 Regionalwissenschaft - Experte;(5 330);(6 412);;;;;;;;;;;;;;;;;;;;;;;;;;;;;;;;;;;;;;;;;;;;;;;;;;;;;;;;;;;;;
91264 Anthropologie, Ethnologie - Experte;3 757;4 137;;;;;;;;;;;;;;;;;;;;;;;;;;;;;;;;;;;;;;;;;;;;;;;;;;;;;;;;;;;;;
91314 Politologie - Experte;5 578;6 154;;;;;;;;;;;;;;;;;;;;;;;;;;;;;;;;;;;;;;;;;;;;;;;;;;;;;;;;;;;;;
91324 Soziologie - Experte;(4 530);(4 633);;;;;;;;;;;;;;;;;;;;;;;;;;;;;;;;;;;;;;;;;;;;;;;;;;;;;;;;;;;;;
91334 Erziehungswissenschaft - Experte;3 500;3 664;;;;;;;;;;;;;;;;;;;;;;;;;;;;;;;;;;;;;;;;;;;;;;;;;;;;;;;;;;;;;
91341 Markt-, Meinungsforschung - Helfer;3 943;4 275;;;;;;;;;;;;;;;;;;;;;;;;;;;;;;;;;;;;;;;;;;;;;;;;;;;;;;;;;;;;;
91342 Markt-, Meinungsforschung - Fachkraft;4 212;4 333;;;;;;;;;;;;;;;;;;;;;;;;;;;;;;;;;;;;;;;;;;;;;;;;;;;;;;;;;;;;;
91343 Markt-, Meinungsforschung - Spezialist;5 868;6 217;;;;;;;;;;;;;;;;;;;;;;;;;;;;;;;;;;;;;;;;;;;;;;;;;;;;;;;;;;;;;
91344 Markt-, Meinungsforschung - Experte;5 999;6 328;;;;;;;;;;;;;;;;;;;;;;;;;;;;;;;;;;;;;;;;;;;;;;;;;;;;;;;;;;;;;
91354 Demografie - Experte;.;.;;;;;;;;;;;;;;;;;;;;;;;;;;;;;;;;;;;;;;;;;;;;;;;;;;;;;;;;;;;;;
91384 Gesellschaftswissenschaften(ssT)-Experte;(4 911);(5 498);;;;;;;;;;;;;;;;;;;;;;;;;;;;;;;;;;;;;;;;;;;;;;;;;;;;;;;;;;;;;
91404 Wirtschaftswissenschaften (oS) - Experte;5 837;6 620;;;;;;;;;;;;;;;;;;;;;;;;;;;;;;;;;;;;;;;;;;;;;;;;;;;;;;;;;;;;;
91484 Wirtschaftswissenschaften(ssT) - Experte;(3 759);(4 235);;;;;;;;;;;;;;;;;;;;;;;;;;;;;;;;;;;;;;;;;;;;;;;;;;;;;;;;;;;;;
92112 Werbung und Marketing - Fachkraft;3 999;4 407;;;;;;;;;;;;;;;;;;;;;;;;;;;;;;;;;;;;;;;;;;;;;;;;;;;;;;;;;;;;;
92113 Werbung und Marketing - Spezialist;5 184;5 734;;;;;;;;;;;;;;;;;;;;;;;;;;;;;;;;;;;;;;;;;;;;;;;;;;;;;;;;;;;;;
92114 Werbung und Marketing - Experte;5 734;6 309;;;;;;;;;;;;;;;;;;;;;;;;;;;;;;;;;;;;;;;;;;;;;;;;;;;;;;;;;;;;;
92122 Dialogmarketing - Fachkraft;2 579;2 932;;;;;;;;;;;;;;;;;;;;;;;;;;;;;;;;;;;;;;;;;;;;;;;;;;;;;;;;;;;;;
92123 Dialogmarketing - Spezialist;3 682;4 159;;;;;;;;;;;;;;;;;;;;;;;;;;;;;;;;;;;;;;;;;;;;;;;;;;;;;;;;;;;;;
92133 Kundenmanagement - Spezialist;5 430;5 963;;;;;;;;;;;;;;;;;;;;;;;;;;;;;;;;;;;;;;;;;;;;;;;;;;;;;;;;;;;;;
92193 Aufsicht - Werbung und Marketing;3 341;3 742;;;;;;;;;;;;;;;;;;;;;;;;;;;;;;;;;;;;;;;;;;;;;;;;;;;;;;;;;;;;;
92194 Führung - Werbung und Marketing;7 750;8 412;;;;;;;;;;;;;;;;;;;;;;;;;;;;;;;;;;;;;;;;;;;;;;;;;;;;;;;;;;;;;
92203 Öffentlichkeitsarbeit - Spezialist;5 063;5 532;;;;;;;;;;;;;;;;;;;;;;;;;;;;;;;;;;;;;;;;;;;;;;;;;;;;;;;;;;;;;
92204 Öffentlichkeitsarbeit - Experte;6 211;7 092;;;;;;;;;;;;;;;;;;;;;;;;;;;;;;;;;;;;;;;;;;;;;;;;;;;;;;;;;;;;;
92294 Führung - Öffentlichkeitsarbeit;7 384;8 342;;;;;;;;;;;;;;;;;;;;;;;;;;;;;;;;;;;;;;;;;;;;;;;;;;;;;;;;;;;;;
92302 Verlags-,Medienkaufleute(oS) - Fachkraft;3 717;4 114;;;;;;;;;;;;;;;;;;;;;;;;;;;;;;;;;;;;;;;;;;;;;;;;;;;;;;;;;;;;;
92303 Verlags-,Medienkaufleute(oS) -Spezialist;/;/;;;;;;;;;;;;;;;;;;;;;;;;;;;;;;;;;;;;;;;;;;;;;;;;;;;;;;;;;;;;;
92304 Verlags-, Medienkaufleute (oS) - Experte;4 900;5 634;;;;;;;;;;;;;;;;;;;;;;;;;;;;;;;;;;;;;;;;;;;;;;;;;;;;;;;;;;;;;
92382 Verlags-, Medienkaufleute(ssT)-Fachkraft;3 556;4 116;;;;;;;;;;;;;;;;;;;;;;;;;;;;;;;;;;;;;;;;;;;;;;;;;;;;;;;;;;;;;
92383 Verlags-,Medienkaufleute(ssT)-Spezialist;(4 167);(4 804);;;;;;;;;;;;;;;;;;;;;;;;;;;;;;;;;;;;;;;;;;;;;;;;;;;;;;;;;;;;;
92384 Verlags-, Medienkaufleute (ssT) -Experte;(3 550);(3 869);;;;;;;;;;;;;;;;;;;;;;;;;;;;;;;;;;;;;;;;;;;;;;;;;;;;;;;;;;;;;
92394 Führung - Verlags- und Medienwirtschaft;(8 065);(9 093);;;;;;;;;;;;;;;;;;;;;;;;;;;;;;;;;;;;;;;;;;;;;;;;;;;;;;;;;;;;;
92412 Redakteure, Journalisten - Fachkraft;3 500;3 723;;;;;;;;;;;;;;;;;;;;;;;;;;;;;;;;;;;;;;;;;;;;;;;;;;;;;;;;;;;;;
92413 Redakteure, Journalisten - Spezialist;4 636;4 907;;;;;;;;;;;;;;;;;;;;;;;;;;;;;;;;;;;;;;;;;;;;;;;;;;;;;;;;;;;;;
92414 Redakteure, Journalisten - Experte;(5 324);(5 461);;;;;;;;;;;;;;;;;;;;;;;;;;;;;;;;;;;;;;;;;;;;;;;;;;;;;;;;;;;;;
92424 Lektoren/innen - Experte;(3 102);(3 763);;;;;;;;;;;;;;;;;;;;;;;;;;;;;;;;;;;;;;;;;;;;;;;;;;;;;;;;;;;;;
92434 Autoren, Schriftsteller - Experte;4 800;5 281;;;;;;;;;;;;;;;;;;;;;;;;;;;;;;;;;;;;;;;;;;;;;;;;;;;;;;;;;;;;;
92494 Führung - Redaktion und Journalismus;(6 723);(7 194);;;;;;;;;;;;;;;;;;;;;;;;;;;;;;;;;;;;;;;;;;;;;;;;;;;;;;;;;;;;;
93102 Produkt-, Industriedesign - Fachkraft;4 525;4 819;;;;;;;;;;;;;;;;;;;;;;;;;;;;;;;;;;;;;;;;;;;;;;;;;;;;;;;;;;;;;
93103 Produkt-, Industriedesign - Spezialist;/;/;;;;;;;;;;;;;;;;;;;;;;;;;;;;;;;;;;;;;;;;;;;;;;;;;;;;;;;;;;;;;
93104 Produkt-, Industriedesign - Experte;5 598;5 915;;;;;;;;;;;;;;;;;;;;;;;;;;;;;;;;;;;;;;;;;;;;;;;;;;;;;;;;;;;;;
93212 Innenarchitektur - Fachkraft;/;/;;;;;;;;;;;;;;;;;;;;;;;;;;;;;;;;;;;;;;;;;;;;;;;;;;;;;;;;;;;;;
93213 Innenarchitektur - Spezialist;3 875;4 020;;;;;;;;;;;;;;;;;;;;;;;;;;;;;;;;;;;;;;;;;;;;;;;;;;;;;;;;;;;;;
93214 Innenarchitektur - Experte;3 779;4 131;;;;;;;;;;;;;;;;;;;;;;;;;;;;;;;;;;;;;;;;;;;;;;;;;;;;;;;;;;;;;
93222 Visuelles Marketing - Fachkraft;2 847;3 102;;;;;;;;;;;;;;;;;;;;;;;;;;;;;;;;;;;;;;;;;;;;;;;;;;;;;;;;;;;;;
93223 Visuelles Marketing - Spezialist;3 400;3 865;;;;;;;;;;;;;;;;;;;;;;;;;;;;;;;;;;;;;;;;;;;;;;;;;;;;;;;;;;;;;
93232 Raumausstattung - Fachkraft;(2 750);(2 957);;;;;;;;;;;;;;;;;;;;;;;;;;;;;;;;;;;;;;;;;;;;;;;;;;;;;;;;;;;;;
93233 Raumausstattung - Spezialist;.;.;;;;;;;;;;;;;;;;;;;;;;;;;;;;;;;;;;;;;;;;;;;;;;;;;;;;;;;;;;;;;
93293 Aufsicht-Innenarchitektur,Raumausstatt.;(3 370);(3 485);;;;;;;;;;;;;;;;;;;;;;;;;;;;;;;;;;;;;;;;;;;;;;;;;;;;;;;;;;;;;
93302 Kunsthandw., bild.Kunst (oS) - Fachkraft;2 240;2 314;;;;;;;;;;;;;;;;;;;;;;;;;;;;;;;;;;;;;;;;;;;;;;;;;;;;;;;;;;;;;
93303 Kunsthandwerk,bild.Kunst (oS)-Spezialist;4 514;4 195;;;;;;;;;;;;;;;;;;;;;;;;;;;;;;;;;;;;;;;;;;;;;;;;;;;;;;;;;;;;;
93304 Kunsthandwerk, bild. Kunst (oS)-Experte;(3 686);(4 603);;;;;;;;;;;;;;;;;;;;;;;;;;;;;;;;;;;;;;;;;;;;;;;;;;;;;;;;;;;;;
93312 Bildhauerei - Fachkraft;2 317;2 498;;;;;;;;;;;;;;;;;;;;;;;;;;;;;;;;;;;;;;;;;;;;;;;;;;;;;;;;;;;;;
93313 Bildhauerei - Spezialist;/;/;;;;;;;;;;;;;;;;;;;;;;;;;;;;;;;;;;;;;;;;;;;;;;;;;;;;;;;;;;;;;
93323 Kunstmaler, Zeichner - Spezialist;(3 400);(3 588);;;;;;;;;;;;;;;;;;;;;;;;;;;;;;;;;;;;;;;;;;;;;;;;;;;;;;;;;;;;;
93332 Drechslerei,Spielzeugherstell.-Fachkraft;2 146;2 372;;;;;;;;;;;;;;;;;;;;;;;;;;;;;;;;;;;;;;;;;;;;;;;;;;;;;;;;;;;;;
93333 Drechslerei, Spielzeugherst.-Spezialist;.;.;;;;;;;;;;;;;;;;;;;;;;;;;;;;;;;;;;;;;;;;;;;;;;;;;;;;;;;;;;;;;
93342 Vergolderhandwerk - Fachkraft;.;.;;;;;;;;;;;;;;;;;;;;;;;;;;;;;;;;;;;;;;;;;;;;;;;;;;;;;;;;;;;;;
93343 Vergolderhandwerk - Spezialist;.;.;;;;;;;;;;;;;;;;;;;;;;;;;;;;;;;;;;;;;;;;;;;;;;;;;;;;;;;;;;;;;
93352 Wachszieherei - Fachkraft;3 375;3 225;;;;;;;;;;;;;;;;;;;;;;;;;;;;;;;;;;;;;;;;;;;;;;;;;;;;;;;;;;;;;
93382 Kunsthandwerk, bild.Kunst(ssT)-Fachkraft;.;.;;;;;;;;;;;;;;;;;;;;;;;;;;;;;;;;;;;;;;;;;;;;;;;;;;;;;;;;;;;;;
93383 Kunsthandwerk,bild.Kunst(ssT)-Spezialist;3 311;3 407;;;;;;;;;;;;;;;;;;;;;;;;;;;;;;;;;;;;;;;;;;;;;;;;;;;;;;;;;;;;;
93393 Aufsicht - Kunsthandwerk,bildende Kunst;(2 320);(2 573);;;;;;;;;;;;;;;;;;;;;;;;;;;;;;;;;;;;;;;;;;;;;;;;;;;;;;;;;;;;;
93412 Kunsthandw. Keramikgestaltung-Fachkraft;2 959;3 074;;;;;;;;;;;;;;;;;;;;;;;;;;;;;;;;;;;;;;;;;;;;;;;;;;;;;;;;;;;;;
93413 Kunsthandw. Keramikgestaltung-Spezialist;(2 940);(3 248);;;;;;;;;;;;;;;;;;;;;;;;;;;;;;;;;;;;;;;;;;;;;;;;;;;;;;;;;;;;;
93422 KunsthandGlasKeramPorzellanmal-Fachkraft;(2 143);(2 343);;;;;;;;;;;;;;;;;;;;;;;;;;;;;;;;;;;;;;;;;;;;;;;;;;;;;;;;;;;;;
93432 Kunsthandwerkl. Glasbläserei - Fachkraft;/;/;;;;;;;;;;;;;;;;;;;;;;;;;;;;;;;;;;;;;;;;;;;;;;;;;;;;;;;;;;;;;
93433 Kunsthandwerkl. Glasbläserei-Spezialist;(5 002);(5 137);;;;;;;;;;;;;;;;;;;;;;;;;;;;;;;;;;;;;;;;;;;;;;;;;;;;;;;;;;;;;
93493 Aufsicht-Kunsthandw.Keramik,Glasgestalt.;/;/;;;;;;;;;;;;;;;;;;;;;;;;;;;;;;;;;;;;;;;;;;;;;;;;;;;;;;;;;;;;;
93512 Kunsthandw. Metallgestaltung - Fachkraft;3 435;3 676;;;;;;;;;;;;;;;;;;;;;;;;;;;;;;;;;;;;;;;;;;;;;;;;;;;;;;;;;;;;;
93513 Kunsthandw. Metallgestaltung-Spezialist;/;/;;;;;;;;;;;;;;;;;;;;;;;;;;;;;;;;;;;;;;;;;;;;;;;;;;;;;;;;;;;;;
93522 Kunsth.Schmuckher.Edelsteinbe.-Fachkraft;/;/;;;;;;;;;;;;;;;;;;;;;;;;;;;;;;;;;;;;;;;;;;;;;;;;;;;;;;;;;;;;;
93523 Kunsth.SchmuckherEdelsteinbe.-Spezialist;.;.;;;;;;;;;;;;;;;;;;;;;;;;;;;;;;;;;;;;;;;;;;;;;;;;;;;;;;;;;;;;;
93524 Kunsth.Schmuckher.Edelsteinbear.-Experte;/;/;;;;;;;;;;;;;;;;;;;;;;;;;;;;;;;;;;;;;;;;;;;;;;;;;;;;;;;;;;;;;
93532 Gravur - Fachkraft;3 327;3 437;;;;;;;;;;;;;;;;;;;;;;;;;;;;;;;;;;;;;;;;;;;;;;;;;;;;;;;;;;;;;
93533 Gravur - Spezialist;.;.;;;;;;;;;;;;;;;;;;;;;;;;;;;;;;;;;;;;;;;;;;;;;;;;;;;;;;;;;;;;;
93542 Schilder-,Lichtreklameherst. - Fachkraft;2 720;2 766;;;;;;;;;;;;;;;;;;;;;;;;;;;;;;;;;;;;;;;;;;;;;;;;;;;;;;;;;;;;;
93593 Aufsicht-Kunsthandwerkl.Metallgestaltung;/;/;;;;;;;;;;;;;;;;;;;;;;;;;;;;;;;;;;;;;;;;;;;;;;;;;;;;;;;;;;;;;
93602 Musikinstrumentenbau (o.S.) - Fachkraft;2 636;2 788;;;;;;;;;;;;;;;;;;;;;;;;;;;;;;;;;;;;;;;;;;;;;;;;;;;;;;;;;;;;;
93603 Musikinstrumentenbau (o.S.) - Spezialist;.;.;;;;;;;;;;;;;;;;;;;;;;;;;;;;;;;;;;;;;;;;;;;;;;;;;;;;;;;;;;;;;
93604 Musikinstrumentenbau (o.S.) - Experte;.;.;;;;;;;;;;;;;;;;;;;;;;;;;;;;;;;;;;;;;;;;;;;;;;;;;;;;;;;;;;;;;
93612 Streich-,Zupfinstrumentenbau - Fachkraft;2 500;2 561;;;;;;;;;;;;;;;;;;;;;;;;;;;;;;;;;;;;;;;;;;;;;;;;;;;;;;;;;;;;;
93613 Streich-,Zupfinstrumentenbau-Spezialist;.;.;;;;;;;;;;;;;;;;;;;;;;;;;;;;;;;;;;;;;;;;;;;;;;;;;;;;;;;;;;;;;
93622 Holzblasinstrumentenbau - Fachkraft;2 837;2 721;;;;;;;;;;;;;;;;;;;;;;;;;;;;;;;;;;;;;;;;;;;;;;;;;;;;;;;;;;;;;
93623 Holzblasinstrumentenbau - Spezialist;.;.;;;;;;;;;;;;;;;;;;;;;;;;;;;;;;;;;;;;;;;;;;;;;;;;;;;;;;;;;;;;;
93632 Metallblasinstrumentenbau - Fachkraft;(2 838);(3 014);;;;;;;;;;;;;;;;;;;;;;;;;;;;;;;;;;;;;;;;;;;;;;;;;;;;;;;;;;;;;
93633 Metallblasinstrumentenbau - Spezialist;.;.;;;;;;;;;;;;;;;;;;;;;;;;;;;;;;;;;;;;;;;;;;;;;;;;;;;;;;;;;;;;;
93642 Klavier- und Cembalobau - Fachkraft;(3 866);(3 999);;;;;;;;;;;;;;;;;;;;;;;;;;;;;;;;;;;;;;;;;;;;;;;;;;;;;;;;;;;;;
93643 Klavier- und Cembalobau - Spezialist;.;.;;;;;;;;;;;;;;;;;;;;;;;;;;;;;;;;;;;;;;;;;;;;;;;;;;;;;;;;;;;;;
93652 Orgel- und Harmoniumbau - Fachkraft;.;.;;;;;;;;;;;;;;;;;;;;;;;;;;;;;;;;;;;;;;;;;;;;;;;;;;;;;;;;;;;;;
93653 Orgel- und Harmoniumbau - Spezialist;.;.;;;;;;;;;;;;;;;;;;;;;;;;;;;;;;;;;;;;;;;;;;;;;;;;;;;;;;;;;;;;;
93682 Musikinstrumentenbau (s.s.T.)-Fachkraft;.;.;;;;;;;;;;;;;;;;;;;;;;;;;;;;;;;;;;;;;;;;;;;;;;;;;;;;;;;;;;;;;
93683 Musikinstrumentenbau (s.s.T.)-Spezialist;.;.;;;;;;;;;;;;;;;;;;;;;;;;;;;;;;;;;;;;;;;;;;;;;;;;;;;;;;;;;;;;;
93693 Aufsicht - Musikinstrumentenbau;(4 136);(4 102);;;;;;;;;;;;;;;;;;;;;;;;;;;;;;;;;;;;;;;;;;;;;;;;;;;;;;;;;;;;;
94114 Musiker/innen - Experte;5 505;5 843;;;;;;;;;;;;;;;;;;;;;;;;;;;;;;;;;;;;;;;;;;;;;;;;;;;;;;;;;;;;;
94124 Sänger/innen - Experte;4 079;4 214;;;;;;;;;;;;;;;;;;;;;;;;;;;;;;;;;;;;;;;;;;;;;;;;;;;;;;;;;;;;;
94134 Dirigenten/Dirigentinnen - Experte;5 039;5 836;;;;;;;;;;;;;;;;;;;;;;;;;;;;;;;;;;;;;;;;;;;;;;;;;;;;;;;;;;;;;
94144 Komponisten/Komponistinnen - Experte;.;.;;;;;;;;;;;;;;;;;;;;;;;;;;;;;;;;;;;;;;;;;;;;;;;;;;;;;;;;;;;;;
94183 MusikGesangDirigententät(ssT)-Spezialist;4 500;4 676;;;;;;;;;;;;;;;;;;;;;;;;;;;;;;;;;;;;;;;;;;;;;;;;;;;;;;;;;;;;;
94184 MusikGesangs,Dirigententät.(ssT)-Experte;3 300;3 575;;;;;;;;;;;;;;;;;;;;;;;;;;;;;;;;;;;;;;;;;;;;;;;;;;;;;;;;;;;;;
94214 Schauspieler/innen - Experte;3 246;3 782;;;;;;;;;;;;;;;;;;;;;;;;;;;;;;;;;;;;;;;;;;;;;;;;;;;;;;;;;;;;;
94224 Tänzer, Choreografen - Experte;5 410;5 629;;;;;;;;;;;;;;;;;;;;;;;;;;;;;;;;;;;;;;;;;;;;;;;;;;;;;;;;;;;;;
94232 MannequinDressmen,sonst.Models-Fachkraft;(2 892);(3 620);;;;;;;;;;;;;;;;;;;;;;;;;;;;;;;;;;;;;;;;;;;;;;;;;;;;;;;;;;;;;
94243 Athleten, Berufssportler - Spezialist;/;/;;;;;;;;;;;;;;;;;;;;;;;;;;;;;;;;;;;;;;;;;;;;;;;;;;;;;;;;;;;;;
94252 Personenbezog.Dienstleistungen-Fachkraft;.;.;;;;;;;;;;;;;;;;;;;;;;;;;;;;;;;;;;;;;;;;;;;;;;;;;;;;;;;;;;;;;
94283 SchauspielTanzBewegungsk(ssT)-Spezialist;/;/;;;;;;;;;;;;;;;;;;;;;;;;;;;;;;;;;;;;;;;;;;;;;;;;;;;;;;;;;;;;;
94303 Moderation,Unterhaltung (oS) -Spezialist;(4 713);(5 346);;;;;;;;;;;;;;;;;;;;;;;;;;;;;;;;;;;;;;;;;;;;;;;;;;;;;;;;;;;;;
94313 Komiker, Kabarettisten - Spezialist;.;.;;;;;;;;;;;;;;;;;;;;;;;;;;;;;;;;;;;;;;;;;;;;;;;;;;;;;;;;;;;;;
94323 Zauberer, Illusionisten - Spezialist;(5 475);(5 535);;;;;;;;;;;;;;;;;;;;;;;;;;;;;;;;;;;;;;;;;;;;;;;;;;;;;;;;;;;;;
94334 Hörfunk-, Fernsehmoderatoren - Experte;(4 096);(5 591);;;;;;;;;;;;;;;;;;;;;;;;;;;;;;;;;;;;;;;;;;;;;;;;;;;;;;;;;;;;;
94342 Glücks- und Wettspiel - Fachkraft;/;/;;;;;;;;;;;;;;;;;;;;;;;;;;;;;;;;;;;;;;;;;;;;;;;;;;;;;;;;;;;;;
94382 Moderation,Unterhaltung(ssT) -Fachkraft;.;.;;;;;;;;;;;;;;;;;;;;;;;;;;;;;;;;;;;;;;;;;;;;;;;;;;;;;;;;;;;;;
94383 Moderation,Unterhaltung(ssT) -Spezialist;/;/;;;;;;;;;;;;;;;;;;;;;;;;;;;;;;;;;;;;;;;;;;;;;;;;;;;;;;;;;;;;;
94402 Theater-Film-,Fernsehprod.(oS)-Fachkraft;3 750;4 160;;;;;;;;;;;;;;;;;;;;;;;;;;;;;;;;;;;;;;;;;;;;;;;;;;;;;;;;;;;;;
94403 Theater-Film,Fernsehprod.(oS)-Spezialist;(4 450);(4 931);;;;;;;;;;;;;;;;;;;;;;;;;;;;;;;;;;;;;;;;;;;;;;;;;;;;;;;;;;;;;
94404 Theater-,Film-, Fernsehprod.(oS)-Experte;5 000;5 474;;;;;;;;;;;;;;;;;;;;;;;;;;;;;;;;;;;;;;;;;;;;;;;;;;;;;;;;;;;;;
94413 Regie - Spezialist;(2 915);(3 292);;;;;;;;;;;;;;;;;;;;;;;;;;;;;;;;;;;;;;;;;;;;;;;;;;;;;;;;;;;;;
94414 Regie - Experte;(5 350);(5 666);;;;;;;;;;;;;;;;;;;;;;;;;;;;;;;;;;;;;;;;;;;;;;;;;;;;;;;;;;;;;
94482 Theater-Film,Fernsehprod.(ssT)-Fachkraft;3 542;4 018;;;;;;;;;;;;;;;;;;;;;;;;;;;;;;;;;;;;;;;;;;;;;;;;;;;;;;;;;;;;;
94483 TheaterFilm,Fernsehprod.(ssT)-Spezialist;4 080;4 553;;;;;;;;;;;;;;;;;;;;;;;;;;;;;;;;;;;;;;;;;;;;;;;;;;;;;;;;;;;;;
94484 Theater-Film-,Fernsehprod.(ssT)-Experte;/;/;;;;;;;;;;;;;;;;;;;;;;;;;;;;;;;;;;;;;;;;;;;;;;;;;;;;;;;;;;;;;
94493 Aufsicht-Theater-Film-,Fernsehproduktion;4 842;5 447;;;;;;;;;;;;;;;;;;;;;;;;;;;;;;;;;;;;;;;;;;;;;;;;;;;;;;;;;;;;;
94494 Führung-Theater-,Film-,Fernsehproduktion;4 377;5 912;;;;;;;;;;;;;;;;;;;;;;;;;;;;;;;;;;;;;;;;;;;;;;;;;;;;;;;;;;;;;
94512 Veranstaltungs-, Bühnentechnik-Fachkraft;3 245;3 361;;;;;;;;;;;;;;;;;;;;;;;;;;;;;;;;;;;;;;;;;;;;;;;;;;;;;;;;;;;;;
94513 Veranstaltungs-,Bühnentechnik-Spezialist;3 547;3 782;;;;;;;;;;;;;;;;;;;;;;;;;;;;;;;;;;;;;;;;;;;;;;;;;;;;;;;;;;;;;
94514 Veranstaltungs-, Bühnentechnik - Experte;4 928;5 717;;;;;;;;;;;;;;;;;;;;;;;;;;;;;;;;;;;;;;;;;;;;;;;;;;;;;;;;;;;;;
94522 Kameratechnik - Fachkraft;2 800;3 184;;;;;;;;;;;;;;;;;;;;;;;;;;;;;;;;;;;;;;;;;;;;;;;;;;;;;;;;;;;;;
94523 Kameratechnik - Spezialist;5 239;5 361;;;;;;;;;;;;;;;;;;;;;;;;;;;;;;;;;;;;;;;;;;;;;;;;;;;;;;;;;;;;;
94532 Bild- und Tontechnik - Fachkraft;3 518;3 721;;;;;;;;;;;;;;;;;;;;;;;;;;;;;;;;;;;;;;;;;;;;;;;;;;;;;;;;;;;;;
94533 Bild- und Tontechnik - Spezialist;4 459;4 760;;;;;;;;;;;;;;;;;;;;;;;;;;;;;;;;;;;;;;;;;;;;;;;;;;;;;;;;;;;;;
94534 Bild- und Tontechnik - Experte;5 091;5 555;;;;;;;;;;;;;;;;;;;;;;;;;;;;;;;;;;;;;;;;;;;;;;;;;;;;;;;;;;;;;
94582 Veranstalt.-Kamera-,Tont.(ssT)-Fachkraft;(3 936);(4 260);;;;;;;;;;;;;;;;;;;;;;;;;;;;;;;;;;;;;;;;;;;;;;;;;;;;;;;;;;;;;
94593 Aufsicht-Veranstaltungs-Kamera-,Tontech.;4 602;5 918;;;;;;;;;;;;;;;;;;;;;;;;;;;;;;;;;;;;;;;;;;;;;;;;;;;;;;;;;;;;;
94612 Bühnen- und Kostümbildnerei - Fachkraft;3 129;3 453;;;;;;;;;;;;;;;;;;;;;;;;;;;;;;;;;;;;;;;;;;;;;;;;;;;;;;;;;;;;;
94613 Bühnen- und Kostümbildnerei - Spezialist;3 742;3 800;;;;;;;;;;;;;;;;;;;;;;;;;;;;;;;;;;;;;;;;;;;;;;;;;;;;;;;;;;;;;
94614 Bühnen- und Kostümbildnerei - Experte;3 089;3 807;;;;;;;;;;;;;;;;;;;;;;;;;;;;;;;;;;;;;;;;;;;;;;;;;;;;;;;;;;;;;
94622 Requisite - Fachkraft;3 446;3 461;;;;;;;;;;;;;;;;;;;;;;;;;;;;;;;;;;;;;;;;;;;;;;;;;;;;;;;;;;;;;
94623 Requisite - Spezialist;3 274;3 506;;;;;;;;;;;;;;;;;;;;;;;;;;;;;;;;;;;;;;;;;;;;;;;;;;;;;;;;;;;;;
94693 Aufsicht-Bühnen-,Kostümbildn.,Requisite;4 645;4 922;;;;;;;;;;;;;;;;;;;;;;;;;;;;;;;;;;;;;;;;;;;;;;;;;;;;;;;;;;;;;
94704 Museum (o.S.) - Experte;4 400;4 375;;;;;;;;;;;;;;;;;;;;;;;;;;;;;;;;;;;;;;;;;;;;;;;;;;;;;;;;;;;;;
94712 Museums-,Ausstellungstechnik - Fachkraft;(3 191);(3 756);;;;;;;;;;;;;;;;;;;;;;;;;;;;;;;;;;;;;;;;;;;;;;;;;;;;;;;;;;;;;
94713 Museums-,Ausstellungstechnik-Spezialist;3 769;4 035;;;;;;;;;;;;;;;;;;;;;;;;;;;;;;;;;;;;;;;;;;;;;;;;;;;;;;;;;;;;;
94714 Museums-, Ausstellungstechnik - Experte;(3 149);(4 221);;;;;;;;;;;;;;;;;;;;;;;;;;;;;;;;;;;;;;;;;;;;;;;;;;;;;;;;;;;;;
94724 Kunstsachverständige - Experte;/;/;;;;;;;;;;;;;;;;;;;;;;;;;;;;;;;;;;;;;;;;;;;;;;;;;;;;;;;;;;;;;
94794 Führung - Museum;/;/;;;;;;;;;;;;;;;;;;;;;;;;;;;;;;;;;;;;;;;;;;;;;;;;;;;;;;;;;;;;;
01104 Offiziere;5 330;5 564;;;;;;;;;;;;;;;;;;;;;;;;;;;;;;;;;;;;;;;;;;;;;;;;;;;;;;;;;;;;;
01203 Unteroffiziere mit Portepee;3 785;3 815;;;;;;;;;;;;;;;;;;;;;;;;;;;;;;;;;;;;;;;;;;;;;;;;;;;;;;;;;;;;;
01302 Unteroffiziere ohne Portepee;3 029;3 089;;;;;;;;;;;;;;;;;;;;;;;;;;;;;;;;;;;;;;;;;;;;;;;;;;;;;;;;;;;;;
01402 Angeh. reguläre Streitkräfte sonst.Ränge;2 627;2 704;;;;;;;;;;;;;;;;;;;;;;;;;;;;;;;;;;;;;;;;;;;;;;;;;;;;;;;;;;;;;
;;;;;;;;;;;;;;;;;;;;;;;;;;;;;;;;;;;;;;;;;;;;;;;;;;;;;;;;;;;;;;;