Statistik_Code;Statistik_Label;Zeit_Code;Zeit_Label;Zeit;1_Merkmal_Code;1_Merkmal_Label;1_Auspraegung_Code;1_Auspraegung_Label;2_Merkmal_Code;2_Merkmal_Label;2_Auspraegung_Code;2_Auspraegung_Label;VST047__Durchschn_Bruttomonatsverdienste_ohne_Sonderz__EUR;VST052__Mittlere_Bruttomonatsverdienste_ohne_Sonderz__EUR
62361;Verdiensterhebung;SMONAT;Stichmonat;Apr 23;DINSG;Deutschland insgesamt;DG;Deutschland;KB10A5;Berufsgattungen (KB2010), 5-Steller;KB10-11101;Landwirtschaft (oS) - Helfer;2282;2222
62361;Verdiensterhebung;SMONAT;Stichmonat;Apr 23;DINSG;Deutschland insgesamt;DG;Deutschland;KB10A5;Berufsgattungen (KB2010), 5-Steller;KB10-11102;Landwirtschaft (oS) - Fachkraft;2609;2550
62361;Verdiensterhebung;SMONAT;Stichmonat;Apr 23;DINSG;Deutschland insgesamt;DG;Deutschland;KB10A5;Berufsgattungen (KB2010), 5-Steller;KB10-11103;Landwirtschaft (oS) - Spezialist;/;/
62361;Verdiensterhebung;SMONAT;Stichmonat;Apr 23;DINSG;Deutschland insgesamt;DG;Deutschland;KB10A5;Berufsgattungen (KB2010), 5-Steller;KB10-11104;Landwirtschaft (oS) - Experte;5791;5331
62361;Verdiensterhebung;SMONAT;Stichmonat;Apr 23;DINSG;Deutschland insgesamt;DG;Deutschland;KB10A5;Berufsgattungen (KB2010), 5-Steller;KB10-11113;Landtechnik - Spezialist;3848;3447
62361;Verdiensterhebung;SMONAT;Stichmonat;Apr 23;DINSG;Deutschland insgesamt;DG;Deutschland;KB10A5;Berufsgattungen (KB2010), 5-Steller;KB10-11114;Landtechnik - Experte;/;/
62361;Verdiensterhebung;SMONAT;Stichmonat;Apr 23;DINSG;Deutschland insgesamt;DG;Deutschland;KB10A5;Berufsgattungen (KB2010), 5-Steller;KB10-11123;Landwirtschaftliche Sachverständige - Spezialist;/;/
62361;Verdiensterhebung;SMONAT;Stichmonat;Apr 23;DINSG;Deutschland insgesamt;DG;Deutschland;KB10A5;Berufsgattungen (KB2010), 5-Steller;KB10-11124;Landwirtschaftliche Sachverständige - Experte;9916;8500
62361;Verdiensterhebung;SMONAT;Stichmonat;Apr 23;DINSG;Deutschland insgesamt;DG;Deutschland;KB10A5;Berufsgattungen (KB2010), 5-Steller;KB10-11132;Landwirtsch.-techn. Laboratorium - Fachkraft;3386;3352
62361;Verdiensterhebung;SMONAT;Stichmonat;Apr 23;DINSG;Deutschland insgesamt;DG;Deutschland;KB10A5;Berufsgattungen (KB2010), 5-Steller;KB10-11133;Landwirtsch.-techn. Laboratorium - Spezialist;4745;4920
62361;Verdiensterhebung;SMONAT;Stichmonat;Apr 23;DINSG;Deutschland insgesamt;DG;Deutschland;KB10A5;Berufsgattungen (KB2010), 5-Steller;KB10-11182;Landwirtschaft (ssT) - Fachkraft;2763;2630
62361;Verdiensterhebung;SMONAT;Stichmonat;Apr 23;DINSG;Deutschland insgesamt;DG;Deutschland;KB10A5;Berufsgattungen (KB2010), 5-Steller;KB10-11183;Landwirtschaft (ssT) - Spezialist;4864;4276
62361;Verdiensterhebung;SMONAT;Stichmonat;Apr 23;DINSG;Deutschland insgesamt;DG;Deutschland;KB10A5;Berufsgattungen (KB2010), 5-Steller;KB10-11184;Landwirtschaft (ssT) - Experte;5342;4850
62361;Verdiensterhebung;SMONAT;Stichmonat;Apr 23;DINSG;Deutschland insgesamt;DG;Deutschland;KB10A5;Berufsgattungen (KB2010), 5-Steller;KB10-11193;Aufsicht - Landwirtschaft;3227;3000
62361;Verdiensterhebung;SMONAT;Stichmonat;Apr 23;DINSG;Deutschland insgesamt;DG;Deutschland;KB10A5;Berufsgattungen (KB2010), 5-Steller;KB10-11194;Führung - Landwirtschaft;/;/
62361;Verdiensterhebung;SMONAT;Stichmonat;Apr 23;DINSG;Deutschland insgesamt;DG;Deutschland;KB10A5;Berufsgattungen (KB2010), 5-Steller;KB10-11211;Nutztierhaltung - Helfer;2430;2306
62361;Verdiensterhebung;SMONAT;Stichmonat;Apr 23;DINSG;Deutschland insgesamt;DG;Deutschland;KB10A5;Berufsgattungen (KB2010), 5-Steller;KB10-11212;Nutztierhaltung - Fachkraft;2618;2527
62361;Verdiensterhebung;SMONAT;Stichmonat;Apr 23;DINSG;Deutschland insgesamt;DG;Deutschland;KB10A5;Berufsgattungen (KB2010), 5-Steller;KB10-11213;Nutztierhaltung - Spezialist;4034;3802
62361;Verdiensterhebung;SMONAT;Stichmonat;Apr 23;DINSG;Deutschland insgesamt;DG;Deutschland;KB10A5;Berufsgattungen (KB2010), 5-Steller;KB10-11214;Nutztierhaltung - Experte;3326;1968
62361;Verdiensterhebung;SMONAT;Stichmonat;Apr 23;DINSG;Deutschland insgesamt;DG;Deutschland;KB10A5;Berufsgattungen (KB2010), 5-Steller;KB10-11222;Geflügelhaltung - Fachkraft;3790;4451
62361;Verdiensterhebung;SMONAT;Stichmonat;Apr 23;DINSG;Deutschland insgesamt;DG;Deutschland;KB10A5;Berufsgattungen (KB2010), 5-Steller;KB10-11223;Geflügelhaltung - Spezialist;.;.
62361;Verdiensterhebung;SMONAT;Stichmonat;Apr 23;DINSG;Deutschland insgesamt;DG;Deutschland;KB10A5;Berufsgattungen (KB2010), 5-Steller;KB10-11232;Imkerei - Fachkraft;2270;2326
62361;Verdiensterhebung;SMONAT;Stichmonat;Apr 23;DINSG;Deutschland insgesamt;DG;Deutschland;KB10A5;Berufsgattungen (KB2010), 5-Steller;KB10-11233;Imkerei - Spezialist;.;.
62361;Verdiensterhebung;SMONAT;Stichmonat;Apr 23;DINSG;Deutschland insgesamt;DG;Deutschland;KB10A5;Berufsgattungen (KB2010), 5-Steller;KB10-11282;Tierwirtschaft (ssT) - Fachkraft;.;.
62361;Verdiensterhebung;SMONAT;Stichmonat;Apr 23;DINSG;Deutschland insgesamt;DG;Deutschland;KB10A5;Berufsgattungen (KB2010), 5-Steller;KB10-11283;Tierwirtschaft (ssT) - Spezialist;/;/
62361;Verdiensterhebung;SMONAT;Stichmonat;Apr 23;DINSG;Deutschland insgesamt;DG;Deutschland;KB10A5;Berufsgattungen (KB2010), 5-Steller;KB10-11293;Aufsicht - Tierwirtschaft;/;/
62361;Verdiensterhebung;SMONAT;Stichmonat;Apr 23;DINSG;Deutschland insgesamt;DG;Deutschland;KB10A5;Berufsgattungen (KB2010), 5-Steller;KB10-11294;Führung - Tierwirtschaft;4022;4000
62361;Verdiensterhebung;SMONAT;Stichmonat;Apr 23;DINSG;Deutschland insgesamt;DG;Deutschland;KB10A5;Berufsgattungen (KB2010), 5-Steller;KB10-11302;Pferdewirtschaft (oS) - Fachkraft;2047;1975
62361;Verdiensterhebung;SMONAT;Stichmonat;Apr 23;DINSG;Deutschland insgesamt;DG;Deutschland;KB10A5;Berufsgattungen (KB2010), 5-Steller;KB10-11312;Pferdewirtschaft - Pferdezucht - Fachkraft;/;/
62361;Verdiensterhebung;SMONAT;Stichmonat;Apr 23;DINSG;Deutschland insgesamt;DG;Deutschland;KB10A5;Berufsgattungen (KB2010), 5-Steller;KB10-11322;Pferdewirtschaft - Reiten - Fachkraft;/;/
62361;Verdiensterhebung;SMONAT;Stichmonat;Apr 23;DINSG;Deutschland insgesamt;DG;Deutschland;KB10A5;Berufsgattungen (KB2010), 5-Steller;KB10-11333;Hufbeschlagschmiede - Spezialist;.;.
62361;Verdiensterhebung;SMONAT;Stichmonat;Apr 23;DINSG;Deutschland insgesamt;DG;Deutschland;KB10A5;Berufsgattungen (KB2010), 5-Steller;KB10-11342;Kutscher - Fachkraft;2853;2852
62361;Verdiensterhebung;SMONAT;Stichmonat;Apr 23;DINSG;Deutschland insgesamt;DG;Deutschland;KB10A5;Berufsgattungen (KB2010), 5-Steller;KB10-11393;Aufsicht - Pferdewirtschaft;.;.
62361;Verdiensterhebung;SMONAT;Stichmonat;Apr 23;DINSG;Deutschland insgesamt;DG;Deutschland;KB10A5;Berufsgattungen (KB2010), 5-Steller;KB10-11394;Führung - Pferdewirtschaft;.;.
62361;Verdiensterhebung;SMONAT;Stichmonat;Apr 23;DINSG;Deutschland insgesamt;DG;Deutschland;KB10A5;Berufsgattungen (KB2010), 5-Steller;KB10-11401;Fischwirtschaft (oS) - Helfer;1886;1685
62361;Verdiensterhebung;SMONAT;Stichmonat;Apr 23;DINSG;Deutschland insgesamt;DG;Deutschland;KB10A5;Berufsgattungen (KB2010), 5-Steller;KB10-11402;Fischwirtschaft (oS) - Fachkraft;2855;2588
62361;Verdiensterhebung;SMONAT;Stichmonat;Apr 23;DINSG;Deutschland insgesamt;DG;Deutschland;KB10A5;Berufsgattungen (KB2010), 5-Steller;KB10-11412;Fischzucht - Fachkraft;3182;2800
62361;Verdiensterhebung;SMONAT;Stichmonat;Apr 23;DINSG;Deutschland insgesamt;DG;Deutschland;KB10A5;Berufsgattungen (KB2010), 5-Steller;KB10-11422;Fischerei - Fachkraft;/;/
62361;Verdiensterhebung;SMONAT;Stichmonat;Apr 23;DINSG;Deutschland insgesamt;DG;Deutschland;KB10A5;Berufsgattungen (KB2010), 5-Steller;KB10-11423;Fischerei - Spezialist;.;.
62361;Verdiensterhebung;SMONAT;Stichmonat;Apr 23;DINSG;Deutschland insgesamt;DG;Deutschland;KB10A5;Berufsgattungen (KB2010), 5-Steller;KB10-11424;Fischerei - Experte;.;.
62361;Verdiensterhebung;SMONAT;Stichmonat;Apr 23;DINSG;Deutschland insgesamt;DG;Deutschland;KB10A5;Berufsgattungen (KB2010), 5-Steller;KB10-11493;Aufsicht - Fischwirtschaft;3536;3864
62361;Verdiensterhebung;SMONAT;Stichmonat;Apr 23;DINSG;Deutschland insgesamt;DG;Deutschland;KB10A5;Berufsgattungen (KB2010), 5-Steller;KB10-11494;Führung - Fischwirtschaft;.;.
62361;Verdiensterhebung;SMONAT;Stichmonat;Apr 23;DINSG;Deutschland insgesamt;DG;Deutschland;KB10A5;Berufsgattungen (KB2010), 5-Steller;KB10-11501;Tierpflege (oS) - Helfer;2724;2676
62361;Verdiensterhebung;SMONAT;Stichmonat;Apr 23;DINSG;Deutschland insgesamt;DG;Deutschland;KB10A5;Berufsgattungen (KB2010), 5-Steller;KB10-11502;Tierpflege (oS) - Fachkraft;3040;2995
62361;Verdiensterhebung;SMONAT;Stichmonat;Apr 23;DINSG;Deutschland insgesamt;DG;Deutschland;KB10A5;Berufsgattungen (KB2010), 5-Steller;KB10-11512;Nutztierpflege - Fachkraft;2427;2254
62361;Verdiensterhebung;SMONAT;Stichmonat;Apr 23;DINSG;Deutschland insgesamt;DG;Deutschland;KB10A5;Berufsgattungen (KB2010), 5-Steller;KB10-11522;Haus-, Zootierpflege - Fachkraft;/;/
62361;Verdiensterhebung;SMONAT;Stichmonat;Apr 23;DINSG;Deutschland insgesamt;DG;Deutschland;KB10A5;Berufsgattungen (KB2010), 5-Steller;KB10-11582;Tierpflege (ssT) - Fachkraft;3315;3280
62361;Verdiensterhebung;SMONAT;Stichmonat;Apr 23;DINSG;Deutschland insgesamt;DG;Deutschland;KB10A5;Berufsgattungen (KB2010), 5-Steller;KB10-11593;Aufsicht - Tierpflege;3687;3475
62361;Verdiensterhebung;SMONAT;Stichmonat;Apr 23;DINSG;Deutschland insgesamt;DG;Deutschland;KB10A5;Berufsgattungen (KB2010), 5-Steller;KB10-11594;Führung - Tierpflege;/;/
62361;Verdiensterhebung;SMONAT;Stichmonat;Apr 23;DINSG;Deutschland insgesamt;DG;Deutschland;KB10A5;Berufsgattungen (KB2010), 5-Steller;KB10-11602;Weinbau - Fachkraft;2854;2700
62361;Verdiensterhebung;SMONAT;Stichmonat;Apr 23;DINSG;Deutschland insgesamt;DG;Deutschland;KB10A5;Berufsgattungen (KB2010), 5-Steller;KB10-11603;Weinbau - Spezialist;3503;3390
62361;Verdiensterhebung;SMONAT;Stichmonat;Apr 23;DINSG;Deutschland insgesamt;DG;Deutschland;KB10A5;Berufsgattungen (KB2010), 5-Steller;KB10-11604;Weinbau - Experte;/;/
62361;Verdiensterhebung;SMONAT;Stichmonat;Apr 23;DINSG;Deutschland insgesamt;DG;Deutschland;KB10A5;Berufsgattungen (KB2010), 5-Steller;KB10-11693;Aufsicht - Weinbau;.;.
62361;Verdiensterhebung;SMONAT;Stichmonat;Apr 23;DINSG;Deutschland insgesamt;DG;Deutschland;KB10A5;Berufsgattungen (KB2010), 5-Steller;KB10-11694;Führung - Weinbau;.;.
62361;Verdiensterhebung;SMONAT;Stichmonat;Apr 23;DINSG;Deutschland insgesamt;DG;Deutschland;KB10A5;Berufsgattungen (KB2010), 5-Steller;KB10-11711;Forstwirtschaft - Helfer;2704;2673
62361;Verdiensterhebung;SMONAT;Stichmonat;Apr 23;DINSG;Deutschland insgesamt;DG;Deutschland;KB10A5;Berufsgattungen (KB2010), 5-Steller;KB10-11712;Forstwirtschaft - Fachkraft;3329;3322
62361;Verdiensterhebung;SMONAT;Stichmonat;Apr 23;DINSG;Deutschland insgesamt;DG;Deutschland;KB10A5;Berufsgattungen (KB2010), 5-Steller;KB10-11713;Forstwirtschaft - Spezialist;4979;4958
62361;Verdiensterhebung;SMONAT;Stichmonat;Apr 23;DINSG;Deutschland insgesamt;DG;Deutschland;KB10A5;Berufsgattungen (KB2010), 5-Steller;KB10-11714;Forstwirtschaft - Experte;5179;5084
62361;Verdiensterhebung;SMONAT;Stichmonat;Apr 23;DINSG;Deutschland insgesamt;DG;Deutschland;KB10A5;Berufsgattungen (KB2010), 5-Steller;KB10-11722;Natur-, Landschaftspflege - Fachkraft;3121;3006
62361;Verdiensterhebung;SMONAT;Stichmonat;Apr 23;DINSG;Deutschland insgesamt;DG;Deutschland;KB10A5;Berufsgattungen (KB2010), 5-Steller;KB10-11723;Natur-, Landschaftspflege - Spezialist;/;/
62361;Verdiensterhebung;SMONAT;Stichmonat;Apr 23;DINSG;Deutschland insgesamt;DG;Deutschland;KB10A5;Berufsgattungen (KB2010), 5-Steller;KB10-11724;Natur-, Landschaftspflege - Experte;4861;4852
62361;Verdiensterhebung;SMONAT;Stichmonat;Apr 23;DINSG;Deutschland insgesamt;DG;Deutschland;KB10A5;Berufsgattungen (KB2010), 5-Steller;KB10-11732;Jagdwirtschaft, Wildhege - Fachkraft;3065;2850
62361;Verdiensterhebung;SMONAT;Stichmonat;Apr 23;DINSG;Deutschland insgesamt;DG;Deutschland;KB10A5;Berufsgattungen (KB2010), 5-Steller;KB10-11742;Sammeln von Naturprodukten - Fachkraft;.;.
62361;Verdiensterhebung;SMONAT;Stichmonat;Apr 23;DINSG;Deutschland insgesamt;DG;Deutschland;KB10A5;Berufsgattungen (KB2010), 5-Steller;KB10-11793;Aufsicht - Forst, Jagd, Landschaftspflege;3648;3589
62361;Verdiensterhebung;SMONAT;Stichmonat;Apr 23;DINSG;Deutschland insgesamt;DG;Deutschland;KB10A5;Berufsgattungen (KB2010), 5-Steller;KB10-11794;Führung - Forst, Jagd, Landschaftspflege;5032;5000
62361;Verdiensterhebung;SMONAT;Stichmonat;Apr 23;DINSG;Deutschland insgesamt;DG;Deutschland;KB10A5;Berufsgattungen (KB2010), 5-Steller;KB10-12101;Gartenbau (oS) - Helfer;2437;2444
62361;Verdiensterhebung;SMONAT;Stichmonat;Apr 23;DINSG;Deutschland insgesamt;DG;Deutschland;KB10A5;Berufsgattungen (KB2010), 5-Steller;KB10-12102;Berufe im Gartenbau (oS) - Fachkraft;2980;2925
62361;Verdiensterhebung;SMONAT;Stichmonat;Apr 23;DINSG;Deutschland insgesamt;DG;Deutschland;KB10A5;Berufsgattungen (KB2010), 5-Steller;KB10-12103;Berufe im Gartenbau (oS) - Spezialist;/;/
62361;Verdiensterhebung;SMONAT;Stichmonat;Apr 23;DINSG;Deutschland insgesamt;DG;Deutschland;KB10A5;Berufsgattungen (KB2010), 5-Steller;KB10-12104;Berufe im Gartenbau (oS) - Experte;4966;4400
62361;Verdiensterhebung;SMONAT;Stichmonat;Apr 23;DINSG;Deutschland insgesamt;DG;Deutschland;KB10A5;Berufsgattungen (KB2010), 5-Steller;KB10-12112;Berufe im Obst-, Gemüsebau - Fachkraft;2501;2430
62361;Verdiensterhebung;SMONAT;Stichmonat;Apr 23;DINSG;Deutschland insgesamt;DG;Deutschland;KB10A5;Berufsgattungen (KB2010), 5-Steller;KB10-12113;Berufe im Obst-, Gemüsebau - Spezialist;.;.
62361;Verdiensterhebung;SMONAT;Stichmonat;Apr 23;DINSG;Deutschland insgesamt;DG;Deutschland;KB10A5;Berufsgattungen (KB2010), 5-Steller;KB10-12122;Baumschule, Stauden, Zierpflanzen - Fachkraft;2749;2640
62361;Verdiensterhebung;SMONAT;Stichmonat;Apr 23;DINSG;Deutschland insgesamt;DG;Deutschland;KB10A5;Berufsgattungen (KB2010), 5-Steller;KB10-12123;Baumschule, Stauden, Zierpflanzen - Spezialist;3797;3527
62361;Verdiensterhebung;SMONAT;Stichmonat;Apr 23;DINSG;Deutschland insgesamt;DG;Deutschland;KB10A5;Berufsgattungen (KB2010), 5-Steller;KB10-12132;Friedhofsgärtnerei - Fachkraft;2616;2298
62361;Verdiensterhebung;SMONAT;Stichmonat;Apr 23;DINSG;Deutschland insgesamt;DG;Deutschland;KB10A5;Berufsgattungen (KB2010), 5-Steller;KB10-12133;Friedhofsgärtnerei - Spezialist;.;.
62361;Verdiensterhebung;SMONAT;Stichmonat;Apr 23;DINSG;Deutschland insgesamt;DG;Deutschland;KB10A5;Berufsgattungen (KB2010), 5-Steller;KB10-12142;Garten-, Landschafts-, Sportplatzbau - Fachkraft;3045;2876
62361;Verdiensterhebung;SMONAT;Stichmonat;Apr 23;DINSG;Deutschland insgesamt;DG;Deutschland;KB10A5;Berufsgattungen (KB2010), 5-Steller;KB10-12143;Garten-, Landschafts-, Sportplatzbau - Spezialist;3143;2767
62361;Verdiensterhebung;SMONAT;Stichmonat;Apr 23;DINSG;Deutschland insgesamt;DG;Deutschland;KB10A5;Berufsgattungen (KB2010), 5-Steller;KB10-12144;Garten-, Landschafts-, Sportplatzbau - Experte;4034;3753
62361;Verdiensterhebung;SMONAT;Stichmonat;Apr 23;DINSG;Deutschland insgesamt;DG;Deutschland;KB10A5;Berufsgattungen (KB2010), 5-Steller;KB10-12193;Aufsicht - Gartenbau;4370;4049
62361;Verdiensterhebung;SMONAT;Stichmonat;Apr 23;DINSG;Deutschland insgesamt;DG;Deutschland;KB10A5;Berufsgattungen (KB2010), 5-Steller;KB10-12194;Führung - Gartenbau;/;/
62361;Verdiensterhebung;SMONAT;Stichmonat;Apr 23;DINSG;Deutschland insgesamt;DG;Deutschland;KB10A5;Berufsgattungen (KB2010), 5-Steller;KB10-12202;Floristik - Fachkraft;2172;2250
62361;Verdiensterhebung;SMONAT;Stichmonat;Apr 23;DINSG;Deutschland insgesamt;DG;Deutschland;KB10A5;Berufsgattungen (KB2010), 5-Steller;KB10-12203;Floristik - Spezialist;.;.
62361;Verdiensterhebung;SMONAT;Stichmonat;Apr 23;DINSG;Deutschland insgesamt;DG;Deutschland;KB10A5;Berufsgattungen (KB2010), 5-Steller;KB10-12293;Aufsicht - Floristik;.;.
62361;Verdiensterhebung;SMONAT;Stichmonat;Apr 23;DINSG;Deutschland insgesamt;DG;Deutschland;KB10A5;Berufsgattungen (KB2010), 5-Steller;KB10-12294;Führung - Floristik;4315;3366
62361;Verdiensterhebung;SMONAT;Stichmonat;Apr 23;DINSG;Deutschland insgesamt;DG;Deutschland;KB10A5;Berufsgattungen (KB2010), 5-Steller;KB10-21111;Berg- und Tagebau - Helfer;/;/
62361;Verdiensterhebung;SMONAT;Stichmonat;Apr 23;DINSG;Deutschland insgesamt;DG;Deutschland;KB10A5;Berufsgattungen (KB2010), 5-Steller;KB10-21112;Berg- und Tagebau - Fachkraft;4640;4282
62361;Verdiensterhebung;SMONAT;Stichmonat;Apr 23;DINSG;Deutschland insgesamt;DG;Deutschland;KB10A5;Berufsgattungen (KB2010), 5-Steller;KB10-21113;Berg- und Tagebau - Spezialist;5908;5524
62361;Verdiensterhebung;SMONAT;Stichmonat;Apr 23;DINSG;Deutschland insgesamt;DG;Deutschland;KB10A5;Berufsgattungen (KB2010), 5-Steller;KB10-21114;Berg- und Tagebau - Experte;8093;7542
62361;Verdiensterhebung;SMONAT;Stichmonat;Apr 23;DINSG;Deutschland insgesamt;DG;Deutschland;KB10A5;Berufsgattungen (KB2010), 5-Steller;KB10-21122;Sprengtechnik - Fachkraft;3778;3823
62361;Verdiensterhebung;SMONAT;Stichmonat;Apr 23;DINSG;Deutschland insgesamt;DG;Deutschland;KB10A5;Berufsgattungen (KB2010), 5-Steller;KB10-21123;Sprengtechnik - Spezialist;3211;2850
62361;Verdiensterhebung;SMONAT;Stichmonat;Apr 23;DINSG;Deutschland insgesamt;DG;Deutschland;KB10A5;Berufsgattungen (KB2010), 5-Steller;KB10-21124;Sprengtechnik - Experte;6464;5284
62361;Verdiensterhebung;SMONAT;Stichmonat;Apr 23;DINSG;Deutschland insgesamt;DG;Deutschland;KB10A5;Berufsgattungen (KB2010), 5-Steller;KB10-21193;Aufsicht - Berg-, Tagebau, Sprengtechnik;5832;5734
62361;Verdiensterhebung;SMONAT;Stichmonat;Apr 23;DINSG;Deutschland insgesamt;DG;Deutschland;KB10A5;Berufsgattungen (KB2010), 5-Steller;KB10-21194;Führung - Berg-, Tagebau, Sprengtechnik;7293;6450
62361;Verdiensterhebung;SMONAT;Stichmonat;Apr 23;DINSG;Deutschland insgesamt;DG;Deutschland;KB10A5;Berufsgattungen (KB2010), 5-Steller;KB10-21201;Naturstein, Baustoffherstellung (oS) - Helfer;3157;3089
62361;Verdiensterhebung;SMONAT;Stichmonat;Apr 23;DINSG;Deutschland insgesamt;DG;Deutschland;KB10A5;Berufsgattungen (KB2010), 5-Steller;KB10-21212;Naturstein-, Mineralaufbereitung - Fachkraft;3214;3050
62361;Verdiensterhebung;SMONAT;Stichmonat;Apr 23;DINSG;Deutschland insgesamt;DG;Deutschland;KB10A5;Berufsgattungen (KB2010), 5-Steller;KB10-21213;Naturstein-, Mineralaufbereitung - Spezialist;/;/
62361;Verdiensterhebung;SMONAT;Stichmonat;Apr 23;DINSG;Deutschland insgesamt;DG;Deutschland;KB10A5;Berufsgattungen (KB2010), 5-Steller;KB10-21222;Baustoffherstellung - Fachkraft;3391;3263
62361;Verdiensterhebung;SMONAT;Stichmonat;Apr 23;DINSG;Deutschland insgesamt;DG;Deutschland;KB10A5;Berufsgattungen (KB2010), 5-Steller;KB10-21223;Baustoffherstellung - Spezialist;5619;4911
62361;Verdiensterhebung;SMONAT;Stichmonat;Apr 23;DINSG;Deutschland insgesamt;DG;Deutschland;KB10A5;Berufsgattungen (KB2010), 5-Steller;KB10-21232;Steinmetztechnik - Fachkraft;2891;2757
62361;Verdiensterhebung;SMONAT;Stichmonat;Apr 23;DINSG;Deutschland insgesamt;DG;Deutschland;KB10A5;Berufsgattungen (KB2010), 5-Steller;KB10-21233;Steinmetztechnik - Spezialist;4858;5073
62361;Verdiensterhebung;SMONAT;Stichmonat;Apr 23;DINSG;Deutschland insgesamt;DG;Deutschland;KB10A5;Berufsgattungen (KB2010), 5-Steller;KB10-21293;Aufsicht - Naturstein, Mineral, Baustoffherst.;3537;3265
62361;Verdiensterhebung;SMONAT;Stichmonat;Apr 23;DINSG;Deutschland insgesamt;DG;Deutschland;KB10A5;Berufsgattungen (KB2010), 5-Steller;KB10-21311;Glasherstellung - Helfer;2615;2480
62361;Verdiensterhebung;SMONAT;Stichmonat;Apr 23;DINSG;Deutschland insgesamt;DG;Deutschland;KB10A5;Berufsgattungen (KB2010), 5-Steller;KB10-21312;Glasherstellung - Fachkraft;3653;3640
62361;Verdiensterhebung;SMONAT;Stichmonat;Apr 23;DINSG;Deutschland insgesamt;DG;Deutschland;KB10A5;Berufsgattungen (KB2010), 5-Steller;KB10-21313;Glasherstellung - Spezialist;4477;4076
62361;Verdiensterhebung;SMONAT;Stichmonat;Apr 23;DINSG;Deutschland insgesamt;DG;Deutschland;KB10A5;Berufsgattungen (KB2010), 5-Steller;KB10-21322;Glasapparatebau - Fachkraft;3450;3515
62361;Verdiensterhebung;SMONAT;Stichmonat;Apr 23;DINSG;Deutschland insgesamt;DG;Deutschland;KB10A5;Berufsgattungen (KB2010), 5-Steller;KB10-21323;Glasapparatebau - Spezialist;.;.
62361;Verdiensterhebung;SMONAT;Stichmonat;Apr 23;DINSG;Deutschland insgesamt;DG;Deutschland;KB10A5;Berufsgattungen (KB2010), 5-Steller;KB10-21332;Industrielle Glasbläserei - Fachkraft;3170;3034
62361;Verdiensterhebung;SMONAT;Stichmonat;Apr 23;DINSG;Deutschland insgesamt;DG;Deutschland;KB10A5;Berufsgattungen (KB2010), 5-Steller;KB10-21342;Glasveredelung - Fachkraft;3077;2866
62361;Verdiensterhebung;SMONAT;Stichmonat;Apr 23;DINSG;Deutschland insgesamt;DG;Deutschland;KB10A5;Berufsgattungen (KB2010), 5-Steller;KB10-21352;Glasapparatejustierung - Fachkraft;.;.
62361;Verdiensterhebung;SMONAT;Stichmonat;Apr 23;DINSG;Deutschland insgesamt;DG;Deutschland;KB10A5;Berufsgattungen (KB2010), 5-Steller;KB10-21362;Feinoptik - Fachkraft;3508;3406
62361;Verdiensterhebung;SMONAT;Stichmonat;Apr 23;DINSG;Deutschland insgesamt;DG;Deutschland;KB10A5;Berufsgattungen (KB2010), 5-Steller;KB10-21363;Feinoptik - Spezialist;4349;4076
62361;Verdiensterhebung;SMONAT;Stichmonat;Apr 23;DINSG;Deutschland insgesamt;DG;Deutschland;KB10A5;Berufsgattungen (KB2010), 5-Steller;KB10-21393;Aufsicht - Industrielle Glasherst., -verarbeitung;/;/
62361;Verdiensterhebung;SMONAT;Stichmonat;Apr 23;DINSG;Deutschland insgesamt;DG;Deutschland;KB10A5;Berufsgattungen (KB2010), 5-Steller;KB10-21411;Industriekeramik (Verfahren) - Helfer;3011;2964
62361;Verdiensterhebung;SMONAT;Stichmonat;Apr 23;DINSG;Deutschland insgesamt;DG;Deutschland;KB10A5;Berufsgattungen (KB2010), 5-Steller;KB10-21412;Industriekeramik (Verfahren) - Fachkraft;3213;3155
62361;Verdiensterhebung;SMONAT;Stichmonat;Apr 23;DINSG;Deutschland insgesamt;DG;Deutschland;KB10A5;Berufsgattungen (KB2010), 5-Steller;KB10-21413;Industriekeramik (Verfahren) - Spezialist;4534;4156
62361;Verdiensterhebung;SMONAT;Stichmonat;Apr 23;DINSG;Deutschland insgesamt;DG;Deutschland;KB10A5;Berufsgattungen (KB2010), 5-Steller;KB10-21422;Industriekeramik (Modelltechnik) - Fachkraft;3281;2991
62361;Verdiensterhebung;SMONAT;Stichmonat;Apr 23;DINSG;Deutschland insgesamt;DG;Deutschland;KB10A5;Berufsgattungen (KB2010), 5-Steller;KB10-21423;Industriekeramik (Modelltechnik) - Spezialist;.;.
62361;Verdiensterhebung;SMONAT;Stichmonat;Apr 23;DINSG;Deutschland insgesamt;DG;Deutschland;KB10A5;Berufsgattungen (KB2010), 5-Steller;KB10-21493;Aufsicht - Industrielle Keramikherstellung;4958;4677
62361;Verdiensterhebung;SMONAT;Stichmonat;Apr 23;DINSG;Deutschland insgesamt;DG;Deutschland;KB10A5;Berufsgattungen (KB2010), 5-Steller;KB10-22101;Kunststoff-, Kautschukherst. (oS) - Helfer;2704;2590
62361;Verdiensterhebung;SMONAT;Stichmonat;Apr 23;DINSG;Deutschland insgesamt;DG;Deutschland;KB10A5;Berufsgattungen (KB2010), 5-Steller;KB10-22102;Kunststoff-, Kautschukherst. (oS) - Fachkraft;3429;3288
62361;Verdiensterhebung;SMONAT;Stichmonat;Apr 23;DINSG;Deutschland insgesamt;DG;Deutschland;KB10A5;Berufsgattungen (KB2010), 5-Steller;KB10-22103;Kunststoff-, Kautschukherst. (oS) - Spezialist;5186;4537
62361;Verdiensterhebung;SMONAT;Stichmonat;Apr 23;DINSG;Deutschland insgesamt;DG;Deutschland;KB10A5;Berufsgattungen (KB2010), 5-Steller;KB10-22104;Kunststoff-, Kautschukherst. (oS) - Experte;6663;6348
62361;Verdiensterhebung;SMONAT;Stichmonat;Apr 23;DINSG;Deutschland insgesamt;DG;Deutschland;KB10A5;Berufsgattungen (KB2010), 5-Steller;KB10-22112;Reifen-, Vulkanisationstechnik - Fachkraft;2966;2820
62361;Verdiensterhebung;SMONAT;Stichmonat;Apr 23;DINSG;Deutschland insgesamt;DG;Deutschland;KB10A5;Berufsgattungen (KB2010), 5-Steller;KB10-22182;Kunststoff-, Kautschukverarb. (ssT) - Fachkraft;3712;3524
62361;Verdiensterhebung;SMONAT;Stichmonat;Apr 23;DINSG;Deutschland insgesamt;DG;Deutschland;KB10A5;Berufsgattungen (KB2010), 5-Steller;KB10-22183;Kunststoff-, Kautschukverarb. (ssT) - Spezialist;/;/
62361;Verdiensterhebung;SMONAT;Stichmonat;Apr 23;DINSG;Deutschland insgesamt;DG;Deutschland;KB10A5;Berufsgattungen (KB2010), 5-Steller;KB10-22184;Kunststoff-, Kautschukverarb. (ssT) - Experte;7034;6767
62361;Verdiensterhebung;SMONAT;Stichmonat;Apr 23;DINSG;Deutschland insgesamt;DG;Deutschland;KB10A5;Berufsgattungen (KB2010), 5-Steller;KB10-22193;Aufsicht - Kunststoff-, Kautschukherst., -verarb.;5305;5043
62361;Verdiensterhebung;SMONAT;Stichmonat;Apr 23;DINSG;Deutschland insgesamt;DG;Deutschland;KB10A5;Berufsgattungen (KB2010), 5-Steller;KB10-22201;Farb-, Lacktechnik (oS) - Helfer;3011;2857
62361;Verdiensterhebung;SMONAT;Stichmonat;Apr 23;DINSG;Deutschland insgesamt;DG;Deutschland;KB10A5;Berufsgattungen (KB2010), 5-Steller;KB10-22202;Farb-, Lacktechnik (oS) - Fachkraft;3423;3238
62361;Verdiensterhebung;SMONAT;Stichmonat;Apr 23;DINSG;Deutschland insgesamt;DG;Deutschland;KB10A5;Berufsgattungen (KB2010), 5-Steller;KB10-22203;Farb-, Lacktechnik (oS) - Spezialist;4771;4417
62361;Verdiensterhebung;SMONAT;Stichmonat;Apr 23;DINSG;Deutschland insgesamt;DG;Deutschland;KB10A5;Berufsgattungen (KB2010), 5-Steller;KB10-22204;Farb-, Lacktechnik (oS) - Experte;6614;6234
62361;Verdiensterhebung;SMONAT;Stichmonat;Apr 23;DINSG;Deutschland insgesamt;DG;Deutschland;KB10A5;Berufsgattungen (KB2010), 5-Steller;KB10-22212;Fahrzeuglackierung - Fachkraft;3331;3148
62361;Verdiensterhebung;SMONAT;Stichmonat;Apr 23;DINSG;Deutschland insgesamt;DG;Deutschland;KB10A5;Berufsgattungen (KB2010), 5-Steller;KB10-22222;Lacklaboratorium - Fachkraft;4244;3925
62361;Verdiensterhebung;SMONAT;Stichmonat;Apr 23;DINSG;Deutschland insgesamt;DG;Deutschland;KB10A5;Berufsgattungen (KB2010), 5-Steller;KB10-22293;Aufsicht - Farb-, Lacktechnik;4245;4000
62361;Verdiensterhebung;SMONAT;Stichmonat;Apr 23;DINSG;Deutschland insgesamt;DG;Deutschland;KB10A5;Berufsgattungen (KB2010), 5-Steller;KB10-22301;Holzbe-, -verarbeitung (oS) - Helfer;2669;2632
62361;Verdiensterhebung;SMONAT;Stichmonat;Apr 23;DINSG;Deutschland insgesamt;DG;Deutschland;KB10A5;Berufsgattungen (KB2010), 5-Steller;KB10-22302;Holzbe-, -verarbeitung (oS) - Fachkraft;3114;3050
62361;Verdiensterhebung;SMONAT;Stichmonat;Apr 23;DINSG;Deutschland insgesamt;DG;Deutschland;KB10A5;Berufsgattungen (KB2010), 5-Steller;KB10-22303;Holzbe-, -verarbeitung (oS) - Spezialist;4616;4200
62361;Verdiensterhebung;SMONAT;Stichmonat;Apr 23;DINSG;Deutschland insgesamt;DG;Deutschland;KB10A5;Berufsgattungen (KB2010), 5-Steller;KB10-22304;Holzbe-, -verarbeitung (oS) - Experte;5747;4834
62361;Verdiensterhebung;SMONAT;Stichmonat;Apr 23;DINSG;Deutschland insgesamt;DG;Deutschland;KB10A5;Berufsgattungen (KB2010), 5-Steller;KB10-22312;Holztrocknung, -konservierung - Fachkraft;2837;2671
62361;Verdiensterhebung;SMONAT;Stichmonat;Apr 23;DINSG;Deutschland insgesamt;DG;Deutschland;KB10A5;Berufsgattungen (KB2010), 5-Steller;KB10-22322;Produktion Holzwerkstoffe, -bauteile - Fachkraft;3041;2890
62361;Verdiensterhebung;SMONAT;Stichmonat;Apr 23;DINSG;Deutschland insgesamt;DG;Deutschland;KB10A5;Berufsgattungen (KB2010), 5-Steller;KB10-22332;Produktion Fertigprodukte aus Holz - Fachkraft;2800;2772
62361;Verdiensterhebung;SMONAT;Stichmonat;Apr 23;DINSG;Deutschland insgesamt;DG;Deutschland;KB10A5;Berufsgattungen (KB2010), 5-Steller;KB10-22333;Produktion Fertigprodukte aus Holz - Spezialist;4845;4325
62361;Verdiensterhebung;SMONAT;Stichmonat;Apr 23;DINSG;Deutschland insgesamt;DG;Deutschland;KB10A5;Berufsgattungen (KB2010), 5-Steller;KB10-22342;Holz-, Möbel-, Innenausbau - Fachkraft;3057;2950
62361;Verdiensterhebung;SMONAT;Stichmonat;Apr 23;DINSG;Deutschland insgesamt;DG;Deutschland;KB10A5;Berufsgattungen (KB2010), 5-Steller;KB10-22343;Holz-, Möbel-, Innenausbau - Spezialist;3485;3050
62361;Verdiensterhebung;SMONAT;Stichmonat;Apr 23;DINSG;Deutschland insgesamt;DG;Deutschland;KB10A5;Berufsgattungen (KB2010), 5-Steller;KB10-22352;Flechtwerk, Bürste, Pinselmacher - Fachkraft;2321;2105
62361;Verdiensterhebung;SMONAT;Stichmonat;Apr 23;DINSG;Deutschland insgesamt;DG;Deutschland;KB10A5;Berufsgattungen (KB2010), 5-Steller;KB10-22382;Holzbe-, -verarbeitung (ssT) - Fachkraft;2669;2523
62361;Verdiensterhebung;SMONAT;Stichmonat;Apr 23;DINSG;Deutschland insgesamt;DG;Deutschland;KB10A5;Berufsgattungen (KB2010), 5-Steller;KB10-22393;Aufsicht - Holzbe-, -verarbeitung;3573;3194
62361;Verdiensterhebung;SMONAT;Stichmonat;Apr 23;DINSG;Deutschland insgesamt;DG;Deutschland;KB10A5;Berufsgattungen (KB2010), 5-Steller;KB10-22394;Führung - Holzbe-, -verarbeitung;5472;4552
62361;Verdiensterhebung;SMONAT;Stichmonat;Apr 23;DINSG;Deutschland insgesamt;DG;Deutschland;KB10A5;Berufsgattungen (KB2010), 5-Steller;KB10-23101;Papier-, Verpackungstechnik (oS) - Helfer;2887;2686
62361;Verdiensterhebung;SMONAT;Stichmonat;Apr 23;DINSG;Deutschland insgesamt;DG;Deutschland;KB10A5;Berufsgattungen (KB2010), 5-Steller;KB10-23112;Papierherstellung - Fachkraft;4077;4062
62361;Verdiensterhebung;SMONAT;Stichmonat;Apr 23;DINSG;Deutschland insgesamt;DG;Deutschland;KB10A5;Berufsgattungen (KB2010), 5-Steller;KB10-23113;Papierherstellung - Spezialist;/;/
62361;Verdiensterhebung;SMONAT;Stichmonat;Apr 23;DINSG;Deutschland insgesamt;DG;Deutschland;KB10A5;Berufsgattungen (KB2010), 5-Steller;KB10-23114;Papierherstellung - Experte;7199;6287
62361;Verdiensterhebung;SMONAT;Stichmonat;Apr 23;DINSG;Deutschland insgesamt;DG;Deutschland;KB10A5;Berufsgattungen (KB2010), 5-Steller;KB10-23122;Papierverarb., Verpackungstechnik - Fachkraft;3362;3308
62361;Verdiensterhebung;SMONAT;Stichmonat;Apr 23;DINSG;Deutschland insgesamt;DG;Deutschland;KB10A5;Berufsgattungen (KB2010), 5-Steller;KB10-23123;Papierverarb., Verpackungstechnik - Spezialist;4489;4259
62361;Verdiensterhebung;SMONAT;Stichmonat;Apr 23;DINSG;Deutschland insgesamt;DG;Deutschland;KB10A5;Berufsgattungen (KB2010), 5-Steller;KB10-23124;Papierverarb., Verpackungstechnik - Experte;5549;5302
62361;Verdiensterhebung;SMONAT;Stichmonat;Apr 23;DINSG;Deutschland insgesamt;DG;Deutschland;KB10A5;Berufsgattungen (KB2010), 5-Steller;KB10-23193;Aufsicht - Papier-, Verpackungstechnik;6121;6031
62361;Verdiensterhebung;SMONAT;Stichmonat;Apr 23;DINSG;Deutschland insgesamt;DG;Deutschland;KB10A5;Berufsgattungen (KB2010), 5-Steller;KB10-23212;Digital-, Printmediengestaltung - Fachkraft;3294;3127
62361;Verdiensterhebung;SMONAT;Stichmonat;Apr 23;DINSG;Deutschland insgesamt;DG;Deutschland;KB10A5;Berufsgattungen (KB2010), 5-Steller;KB10-23213;Digital-, Printmediengestaltung - Spezialist;3347;3011
62361;Verdiensterhebung;SMONAT;Stichmonat;Apr 23;DINSG;Deutschland insgesamt;DG;Deutschland;KB10A5;Berufsgattungen (KB2010), 5-Steller;KB10-23222;Grafik-, Kommunikations-, Fotodesign - Fachkraft;3645;3420
62361;Verdiensterhebung;SMONAT;Stichmonat;Apr 23;DINSG;Deutschland insgesamt;DG;Deutschland;KB10A5;Berufsgattungen (KB2010), 5-Steller;KB10-23223;Grafik-, Kommunikations-, Fotodesign - Spezialist;4049;3739
62361;Verdiensterhebung;SMONAT;Stichmonat;Apr 23;DINSG;Deutschland insgesamt;DG;Deutschland;KB10A5;Berufsgattungen (KB2010), 5-Steller;KB10-23224;Grafik-, Kommunikations-, Fotodesign - Experte;4053;3500
62361;Verdiensterhebung;SMONAT;Stichmonat;Apr 23;DINSG;Deutschland insgesamt;DG;Deutschland;KB10A5;Berufsgattungen (KB2010), 5-Steller;KB10-23282;Technische Mediengestaltung (ssT) - Fachkraft;3543;3311
62361;Verdiensterhebung;SMONAT;Stichmonat;Apr 23;DINSG;Deutschland insgesamt;DG;Deutschland;KB10A5;Berufsgattungen (KB2010), 5-Steller;KB10-23293;Aufsicht - Technische Mediengestaltung;/;/
62361;Verdiensterhebung;SMONAT;Stichmonat;Apr 23;DINSG;Deutschland insgesamt;DG;Deutschland;KB10A5;Berufsgattungen (KB2010), 5-Steller;KB10-23294;Führung - Technische Mediengestaltung;4703;3830
62361;Verdiensterhebung;SMONAT;Stichmonat;Apr 23;DINSG;Deutschland insgesamt;DG;Deutschland;KB10A5;Berufsgattungen (KB2010), 5-Steller;KB10-23312;Fototechnik - Fachkraft;3825;3312
62361;Verdiensterhebung;SMONAT;Stichmonat;Apr 23;DINSG;Deutschland insgesamt;DG;Deutschland;KB10A5;Berufsgattungen (KB2010), 5-Steller;KB10-23313;Fototechnik - Spezialist;3985;3634
62361;Verdiensterhebung;SMONAT;Stichmonat;Apr 23;DINSG;Deutschland insgesamt;DG;Deutschland;KB10A5;Berufsgattungen (KB2010), 5-Steller;KB10-23314;Fototechnik - Experte;6605;6804
62361;Verdiensterhebung;SMONAT;Stichmonat;Apr 23;DINSG;Deutschland insgesamt;DG;Deutschland;KB10A5;Berufsgattungen (KB2010), 5-Steller;KB10-23322;Fotografie - Fachkraft;2987;2700
62361;Verdiensterhebung;SMONAT;Stichmonat;Apr 23;DINSG;Deutschland insgesamt;DG;Deutschland;KB10A5;Berufsgattungen (KB2010), 5-Steller;KB10-23323;Fotografie - Spezialist;3816;3765
62361;Verdiensterhebung;SMONAT;Stichmonat;Apr 23;DINSG;Deutschland insgesamt;DG;Deutschland;KB10A5;Berufsgattungen (KB2010), 5-Steller;KB10-23393;Aufsicht - Fototechnik und Fotografie;.;.
62361;Verdiensterhebung;SMONAT;Stichmonat;Apr 23;DINSG;Deutschland insgesamt;DG;Deutschland;KB10A5;Berufsgattungen (KB2010), 5-Steller;KB10-23411;Drucktechnik - Helfer;2876;2665
62361;Verdiensterhebung;SMONAT;Stichmonat;Apr 23;DINSG;Deutschland insgesamt;DG;Deutschland;KB10A5;Berufsgattungen (KB2010), 5-Steller;KB10-23412;Drucktechnik - Fachkraft;3394;3195
62361;Verdiensterhebung;SMONAT;Stichmonat;Apr 23;DINSG;Deutschland insgesamt;DG;Deutschland;KB10A5;Berufsgattungen (KB2010), 5-Steller;KB10-23413;Drucktechnik - Spezialist;4454;4207
62361;Verdiensterhebung;SMONAT;Stichmonat;Apr 23;DINSG;Deutschland insgesamt;DG;Deutschland;KB10A5;Berufsgattungen (KB2010), 5-Steller;KB10-23414;Drucktechnik - Experte;/;/
62361;Verdiensterhebung;SMONAT;Stichmonat;Apr 23;DINSG;Deutschland insgesamt;DG;Deutschland;KB10A5;Berufsgattungen (KB2010), 5-Steller;KB10-23422;Buchbinderei, Druckweiterverarbeitung - Fachkraft;2919;2800
62361;Verdiensterhebung;SMONAT;Stichmonat;Apr 23;DINSG;Deutschland insgesamt;DG;Deutschland;KB10A5;Berufsgattungen (KB2010), 5-Steller;KB10-23423;Buchbinderei, Druckweiterverarbeitung - Spezialist;4163;3939
62361;Verdiensterhebung;SMONAT;Stichmonat;Apr 23;DINSG;Deutschland insgesamt;DG;Deutschland;KB10A5;Berufsgattungen (KB2010), 5-Steller;KB10-23493;Aufsicht - Drucktechnik, Buchbinderei;5323;5110
62361;Verdiensterhebung;SMONAT;Stichmonat;Apr 23;DINSG;Deutschland insgesamt;DG;Deutschland;KB10A5;Berufsgattungen (KB2010), 5-Steller;KB10-24101;Metallerzeugung (oS) - Helfer;3245;3035
62361;Verdiensterhebung;SMONAT;Stichmonat;Apr 23;DINSG;Deutschland insgesamt;DG;Deutschland;KB10A5;Berufsgattungen (KB2010), 5-Steller;KB10-24112;Hüttentechnik - Fachkraft;4278;4226
62361;Verdiensterhebung;SMONAT;Stichmonat;Apr 23;DINSG;Deutschland insgesamt;DG;Deutschland;KB10A5;Berufsgattungen (KB2010), 5-Steller;KB10-24113;Hüttentechnik - Spezialist;5781;5719
62361;Verdiensterhebung;SMONAT;Stichmonat;Apr 23;DINSG;Deutschland insgesamt;DG;Deutschland;KB10A5;Berufsgattungen (KB2010), 5-Steller;KB10-24114;Hüttentechnik - Experte;7797;7726
62361;Verdiensterhebung;SMONAT;Stichmonat;Apr 23;DINSG;Deutschland insgesamt;DG;Deutschland;KB10A5;Berufsgattungen (KB2010), 5-Steller;KB10-24122;Metallumformung - Fachkraft;3734;3721
62361;Verdiensterhebung;SMONAT;Stichmonat;Apr 23;DINSG;Deutschland insgesamt;DG;Deutschland;KB10A5;Berufsgattungen (KB2010), 5-Steller;KB10-24123;Metallumformung - Spezialist;/;/
62361;Verdiensterhebung;SMONAT;Stichmonat;Apr 23;DINSG;Deutschland insgesamt;DG;Deutschland;KB10A5;Berufsgattungen (KB2010), 5-Steller;KB10-24124;Metallumformung - Experte;/;/
62361;Verdiensterhebung;SMONAT;Stichmonat;Apr 23;DINSG;Deutschland insgesamt;DG;Deutschland;KB10A5;Berufsgattungen (KB2010), 5-Steller;KB10-24132;Industrielle Gießerei - Fachkraft;3778;3665
62361;Verdiensterhebung;SMONAT;Stichmonat;Apr 23;DINSG;Deutschland insgesamt;DG;Deutschland;KB10A5;Berufsgattungen (KB2010), 5-Steller;KB10-24133;Industrielle Gießerei - Spezialist;5293;4926
62361;Verdiensterhebung;SMONAT;Stichmonat;Apr 23;DINSG;Deutschland insgesamt;DG;Deutschland;KB10A5;Berufsgattungen (KB2010), 5-Steller;KB10-24134;Industrielle Gießerei - Experte;/;/
62361;Verdiensterhebung;SMONAT;Stichmonat;Apr 23;DINSG;Deutschland insgesamt;DG;Deutschland;KB10A5;Berufsgattungen (KB2010), 5-Steller;KB10-24142;Handwerkliche Metall-, Glockengießerei - Fachkraft;3514;3400
62361;Verdiensterhebung;SMONAT;Stichmonat;Apr 23;DINSG;Deutschland insgesamt;DG;Deutschland;KB10A5;Berufsgattungen (KB2010), 5-Steller;KB10-24193;Aufsicht - Metallerzeugung;5977;5914
62361;Verdiensterhebung;SMONAT;Stichmonat;Apr 23;DINSG;Deutschland insgesamt;DG;Deutschland;KB10A5;Berufsgattungen (KB2010), 5-Steller;KB10-24201;Metallbearbeitung (oS) - Helfer;3017;2883
62361;Verdiensterhebung;SMONAT;Stichmonat;Apr 23;DINSG;Deutschland insgesamt;DG;Deutschland;KB10A5;Berufsgattungen (KB2010), 5-Steller;KB10-24202;Metallbearbeitung (oS) - Fachkraft;3693;3594
62361;Verdiensterhebung;SMONAT;Stichmonat;Apr 23;DINSG;Deutschland insgesamt;DG;Deutschland;KB10A5;Berufsgattungen (KB2010), 5-Steller;KB10-24203;Metallbearbeitung (oS) - Spezialist;4530;4524
62361;Verdiensterhebung;SMONAT;Stichmonat;Apr 23;DINSG;Deutschland insgesamt;DG;Deutschland;KB10A5;Berufsgattungen (KB2010), 5-Steller;KB10-24212;Spanlose Metallbearbeitung - Fachkraft;3429;3348
62361;Verdiensterhebung;SMONAT;Stichmonat;Apr 23;DINSG;Deutschland insgesamt;DG;Deutschland;KB10A5;Berufsgattungen (KB2010), 5-Steller;KB10-24222;Schleifende Metallbearbeitung - Fachkraft;3699;3675
62361;Verdiensterhebung;SMONAT;Stichmonat;Apr 23;DINSG;Deutschland insgesamt;DG;Deutschland;KB10A5;Berufsgattungen (KB2010), 5-Steller;KB10-24232;Spanende Metallbearbeitung - Fachkraft;3729;3630
62361;Verdiensterhebung;SMONAT;Stichmonat;Apr 23;DINSG;Deutschland insgesamt;DG;Deutschland;KB10A5;Berufsgattungen (KB2010), 5-Steller;KB10-24233;Spanende Metallbearbeitung - Spezialist;4075;3991
62361;Verdiensterhebung;SMONAT;Stichmonat;Apr 23;DINSG;Deutschland insgesamt;DG;Deutschland;KB10A5;Berufsgattungen (KB2010), 5-Steller;KB10-24243;Metallbearbeitung Laserstrahl - Spezialist;3728;3710
62361;Verdiensterhebung;SMONAT;Stichmonat;Apr 23;DINSG;Deutschland insgesamt;DG;Deutschland;KB10A5;Berufsgattungen (KB2010), 5-Steller;KB10-24244;Metallbearbeitung Laserstrahl - Experte;5217;5083
62361;Verdiensterhebung;SMONAT;Stichmonat;Apr 23;DINSG;Deutschland insgesamt;DG;Deutschland;KB10A5;Berufsgattungen (KB2010), 5-Steller;KB10-24293;Aufsicht - Metallbearbeitung;5297;5190
62361;Verdiensterhebung;SMONAT;Stichmonat;Apr 23;DINSG;Deutschland insgesamt;DG;Deutschland;KB10A5;Berufsgattungen (KB2010), 5-Steller;KB10-24301;Metalloberflächenbehandlung (oS) - Helfer;3011;2857
62361;Verdiensterhebung;SMONAT;Stichmonat;Apr 23;DINSG;Deutschland insgesamt;DG;Deutschland;KB10A5;Berufsgattungen (KB2010), 5-Steller;KB10-24302;Metalloberflächenbehandlung (oS) - Fachkraft;3559;3471
62361;Verdiensterhebung;SMONAT;Stichmonat;Apr 23;DINSG;Deutschland insgesamt;DG;Deutschland;KB10A5;Berufsgattungen (KB2010), 5-Steller;KB10-24303;Metalloberflächenbehandlung (oS) - Spezialist;/;/
62361;Verdiensterhebung;SMONAT;Stichmonat;Apr 23;DINSG;Deutschland insgesamt;DG;Deutschland;KB10A5;Berufsgattungen (KB2010), 5-Steller;KB10-24304;Metalloberflächenbehandlung (oS) - Experte;5827;6020
62361;Verdiensterhebung;SMONAT;Stichmonat;Apr 23;DINSG;Deutschland insgesamt;DG;Deutschland;KB10A5;Berufsgattungen (KB2010), 5-Steller;KB10-24382;Metalloberflächenbehandlung (ssT) - Fachkraft;3466;3273
62361;Verdiensterhebung;SMONAT;Stichmonat;Apr 23;DINSG;Deutschland insgesamt;DG;Deutschland;KB10A5;Berufsgattungen (KB2010), 5-Steller;KB10-24393;Aufsicht - Metalloberflächenbehandlung;5538;5424
62361;Verdiensterhebung;SMONAT;Stichmonat;Apr 23;DINSG;Deutschland insgesamt;DG;Deutschland;KB10A5;Berufsgattungen (KB2010), 5-Steller;KB10-24411;Metallbau - Helfer;3258;3000
62361;Verdiensterhebung;SMONAT;Stichmonat;Apr 23;DINSG;Deutschland insgesamt;DG;Deutschland;KB10A5;Berufsgattungen (KB2010), 5-Steller;KB10-24412;Metallbau - Fachkraft;3353;3189
62361;Verdiensterhebung;SMONAT;Stichmonat;Apr 23;DINSG;Deutschland insgesamt;DG;Deutschland;KB10A5;Berufsgattungen (KB2010), 5-Steller;KB10-24413;Metallbau - Spezialist;5071;4779
62361;Verdiensterhebung;SMONAT;Stichmonat;Apr 23;DINSG;Deutschland insgesamt;DG;Deutschland;KB10A5;Berufsgattungen (KB2010), 5-Steller;KB10-24414;Metallbau - Experte;5530;5326
62361;Verdiensterhebung;SMONAT;Stichmonat;Apr 23;DINSG;Deutschland insgesamt;DG;Deutschland;KB10A5;Berufsgattungen (KB2010), 5-Steller;KB10-24422;Schweiß-, Verbindungstechnik - Fachkraft;3434;3315
62361;Verdiensterhebung;SMONAT;Stichmonat;Apr 23;DINSG;Deutschland insgesamt;DG;Deutschland;KB10A5;Berufsgattungen (KB2010), 5-Steller;KB10-24423;Schweiß-, Verbindungstechnik - Spezialist;4539;4424
62361;Verdiensterhebung;SMONAT;Stichmonat;Apr 23;DINSG;Deutschland insgesamt;DG;Deutschland;KB10A5;Berufsgattungen (KB2010), 5-Steller;KB10-24424;Schweiß-, Verbindungstechnik - Experte;6129;6200
62361;Verdiensterhebung;SMONAT;Stichmonat;Apr 23;DINSG;Deutschland insgesamt;DG;Deutschland;KB10A5;Berufsgattungen (KB2010), 5-Steller;KB10-24432;Industrietaucher u.a. Taucherberufe - Fachkraft;4617;4171
62361;Verdiensterhebung;SMONAT;Stichmonat;Apr 23;DINSG;Deutschland insgesamt;DG;Deutschland;KB10A5;Berufsgattungen (KB2010), 5-Steller;KB10-24493;Aufsicht - Metallbau und Schweißtechnik;4851;4540
62361;Verdiensterhebung;SMONAT;Stichmonat;Apr 23;DINSG;Deutschland insgesamt;DG;Deutschland;KB10A5;Berufsgattungen (KB2010), 5-Steller;KB10-24511;Feinwerktechnik - Helfer;3082;2999
62361;Verdiensterhebung;SMONAT;Stichmonat;Apr 23;DINSG;Deutschland insgesamt;DG;Deutschland;KB10A5;Berufsgattungen (KB2010), 5-Steller;KB10-24512;Feinwerktechnik - Fachkraft;3897;3651
62361;Verdiensterhebung;SMONAT;Stichmonat;Apr 23;DINSG;Deutschland insgesamt;DG;Deutschland;KB10A5;Berufsgattungen (KB2010), 5-Steller;KB10-24513;Feinwerktechnik - Spezialist;/;/
62361;Verdiensterhebung;SMONAT;Stichmonat;Apr 23;DINSG;Deutschland insgesamt;DG;Deutschland;KB10A5;Berufsgattungen (KB2010), 5-Steller;KB10-24514;Feinwerktechnik - Experte;6629;6050
62361;Verdiensterhebung;SMONAT;Stichmonat;Apr 23;DINSG;Deutschland insgesamt;DG;Deutschland;KB10A5;Berufsgattungen (KB2010), 5-Steller;KB10-24522;Werkzeugtechnik - Fachkraft;4012;3816
62361;Verdiensterhebung;SMONAT;Stichmonat;Apr 23;DINSG;Deutschland insgesamt;DG;Deutschland;KB10A5;Berufsgattungen (KB2010), 5-Steller;KB10-24523;Werkzeugtechnik - Spezialist;4829;4600
62361;Verdiensterhebung;SMONAT;Stichmonat;Apr 23;DINSG;Deutschland insgesamt;DG;Deutschland;KB10A5;Berufsgattungen (KB2010), 5-Steller;KB10-24524;Werkzeugtechnik - Experte;5768;5604
62361;Verdiensterhebung;SMONAT;Stichmonat;Apr 23;DINSG;Deutschland insgesamt;DG;Deutschland;KB10A5;Berufsgattungen (KB2010), 5-Steller;KB10-24532;Uhrmacherhandwerk - Fachkraft;3379;3360
62361;Verdiensterhebung;SMONAT;Stichmonat;Apr 23;DINSG;Deutschland insgesamt;DG;Deutschland;KB10A5;Berufsgattungen (KB2010), 5-Steller;KB10-24533;Uhrmacherhandwerk - Spezialist;.;.
62361;Verdiensterhebung;SMONAT;Stichmonat;Apr 23;DINSG;Deutschland insgesamt;DG;Deutschland;KB10A5;Berufsgattungen (KB2010), 5-Steller;KB10-24593;Aufsicht - Feinwerk- und Werkzeugtechnik;5164;4916
62361;Verdiensterhebung;SMONAT;Stichmonat;Apr 23;DINSG;Deutschland insgesamt;DG;Deutschland;KB10A5;Berufsgattungen (KB2010), 5-Steller;KB10-25101;Maschinenbau-, Betriebstechnik (oS) - Helfer;3167;3030
62361;Verdiensterhebung;SMONAT;Stichmonat;Apr 23;DINSG;Deutschland insgesamt;DG;Deutschland;KB10A5;Berufsgattungen (KB2010), 5-Steller;KB10-25102;Maschinenbau-, Betriebstechnik (oS) - Fachkraft;3993;3838
62361;Verdiensterhebung;SMONAT;Stichmonat;Apr 23;DINSG;Deutschland insgesamt;DG;Deutschland;KB10A5;Berufsgattungen (KB2010), 5-Steller;KB10-25103;Maschinenbau-, Betriebstechnik (oS) - Spezialist;5203;4851
62361;Verdiensterhebung;SMONAT;Stichmonat;Apr 23;DINSG;Deutschland insgesamt;DG;Deutschland;KB10A5;Berufsgattungen (KB2010), 5-Steller;KB10-25104;Maschinenbau-, Betriebstechnik (oS) - Experte;6654;6103
62361;Verdiensterhebung;SMONAT;Stichmonat;Apr 23;DINSG;Deutschland insgesamt;DG;Deutschland;KB10A5;Berufsgattungen (KB2010), 5-Steller;KB10-25112;Maschinen-, Gerätezusammensetzer - Fachkraft;3502;3374
62361;Verdiensterhebung;SMONAT;Stichmonat;Apr 23;DINSG;Deutschland insgesamt;DG;Deutschland;KB10A5;Berufsgattungen (KB2010), 5-Steller;KB10-25122;Maschinen-, Anlagenführer - Fachkraft;3698;3563
62361;Verdiensterhebung;SMONAT;Stichmonat;Apr 23;DINSG;Deutschland insgesamt;DG;Deutschland;KB10A5;Berufsgattungen (KB2010), 5-Steller;KB10-25131;Techn.Servicekräfte Wartung,Instandh. - Helfer;3967;3625
62361;Verdiensterhebung;SMONAT;Stichmonat;Apr 23;DINSG;Deutschland insgesamt;DG;Deutschland;KB10A5;Berufsgattungen (KB2010), 5-Steller;KB10-25132;Techn.Servicekräfte Wartung,Instandh. - Fachkraft;4252;4023
62361;Verdiensterhebung;SMONAT;Stichmonat;Apr 23;DINSG;Deutschland insgesamt;DG;Deutschland;KB10A5;Berufsgattungen (KB2010), 5-Steller;KB10-25133;Techn.Servicekräfte Wartung,Instandh. - Spezialist;4927;4685
62361;Verdiensterhebung;SMONAT;Stichmonat;Apr 23;DINSG;Deutschland insgesamt;DG;Deutschland;KB10A5;Berufsgattungen (KB2010), 5-Steller;KB10-25134;Techn.Servicekräfte Wartung,Instandh. - Experte;6297;5983
62361;Verdiensterhebung;SMONAT;Stichmonat;Apr 23;DINSG;Deutschland insgesamt;DG;Deutschland;KB10A5;Berufsgattungen (KB2010), 5-Steller;KB10-25182;Maschinenbau-, Betriebstechnik (ssT) - Fachkraft;4253;4175
62361;Verdiensterhebung;SMONAT;Stichmonat;Apr 23;DINSG;Deutschland insgesamt;DG;Deutschland;KB10A5;Berufsgattungen (KB2010), 5-Steller;KB10-25183;Maschinenbau-, Betriebstechnik (ssT) - Spezialist;4682;4410
62361;Verdiensterhebung;SMONAT;Stichmonat;Apr 23;DINSG;Deutschland insgesamt;DG;Deutschland;KB10A5;Berufsgattungen (KB2010), 5-Steller;KB10-25184;Maschinenbau-, Betriebstechnik (ssT) - Experte;6626;6131
62361;Verdiensterhebung;SMONAT;Stichmonat;Apr 23;DINSG;Deutschland insgesamt;DG;Deutschland;KB10A5;Berufsgattungen (KB2010), 5-Steller;KB10-25193;Aufsicht - Maschinenbau-, Betriebstechnik;5565;5478
62361;Verdiensterhebung;SMONAT;Stichmonat;Apr 23;DINSG;Deutschland insgesamt;DG;Deutschland;KB10A5;Berufsgattungen (KB2010), 5-Steller;KB10-25194;Führung - Maschinenbau-, Betriebstechnik;6598;6196
62361;Verdiensterhebung;SMONAT;Stichmonat;Apr 23;DINSG;Deutschland insgesamt;DG;Deutschland;KB10A5;Berufsgattungen (KB2010), 5-Steller;KB10-25201;Fahrzeugtechnik (oS) - Helfer;3014;2850
62361;Verdiensterhebung;SMONAT;Stichmonat;Apr 23;DINSG;Deutschland insgesamt;DG;Deutschland;KB10A5;Berufsgattungen (KB2010), 5-Steller;KB10-25212;Kraftfahrzeugtechnik - Fachkraft;3401;3197
62361;Verdiensterhebung;SMONAT;Stichmonat;Apr 23;DINSG;Deutschland insgesamt;DG;Deutschland;KB10A5;Berufsgattungen (KB2010), 5-Steller;KB10-25213;Kraftfahrzeugtechnik - Spezialist;4040;3830
62361;Verdiensterhebung;SMONAT;Stichmonat;Apr 23;DINSG;Deutschland insgesamt;DG;Deutschland;KB10A5;Berufsgattungen (KB2010), 5-Steller;KB10-25214;Kraftfahrzeugtechnik - Experte;6711;6608
62361;Verdiensterhebung;SMONAT;Stichmonat;Apr 23;DINSG;Deutschland insgesamt;DG;Deutschland;KB10A5;Berufsgattungen (KB2010), 5-Steller;KB10-25222;Land-, Baumaschinentechnik - Fachkraft;3240;3074
62361;Verdiensterhebung;SMONAT;Stichmonat;Apr 23;DINSG;Deutschland insgesamt;DG;Deutschland;KB10A5;Berufsgattungen (KB2010), 5-Steller;KB10-25223;Land-, Baumaschinentechnik - Spezialist;3578;3500
62361;Verdiensterhebung;SMONAT;Stichmonat;Apr 23;DINSG;Deutschland insgesamt;DG;Deutschland;KB10A5;Berufsgattungen (KB2010), 5-Steller;KB10-25224;Land-, Baumaschinentechnik - Experte;5913;6152
62361;Verdiensterhebung;SMONAT;Stichmonat;Apr 23;DINSG;Deutschland insgesamt;DG;Deutschland;KB10A5;Berufsgattungen (KB2010), 5-Steller;KB10-25232;Luft- und Raumfahrttechnik - Fachkraft;4889;4665
62361;Verdiensterhebung;SMONAT;Stichmonat;Apr 23;DINSG;Deutschland insgesamt;DG;Deutschland;KB10A5;Berufsgattungen (KB2010), 5-Steller;KB10-25233;Luft- und Raumfahrttechnik - Spezialist;6205;5805
62361;Verdiensterhebung;SMONAT;Stichmonat;Apr 23;DINSG;Deutschland insgesamt;DG;Deutschland;KB10A5;Berufsgattungen (KB2010), 5-Steller;KB10-25234;Luft- und Raumfahrttechnik - Experte;7035;6805
62361;Verdiensterhebung;SMONAT;Stichmonat;Apr 23;DINSG;Deutschland insgesamt;DG;Deutschland;KB10A5;Berufsgattungen (KB2010), 5-Steller;KB10-25242;Schiffbautechnik - Fachkraft;3988;3694
62361;Verdiensterhebung;SMONAT;Stichmonat;Apr 23;DINSG;Deutschland insgesamt;DG;Deutschland;KB10A5;Berufsgattungen (KB2010), 5-Steller;KB10-25243;Schiffbautechnik - Spezialist;5084;4767
62361;Verdiensterhebung;SMONAT;Stichmonat;Apr 23;DINSG;Deutschland insgesamt;DG;Deutschland;KB10A5;Berufsgattungen (KB2010), 5-Steller;KB10-25244;Schiffbautechnik - Experte;5808;5400
62361;Verdiensterhebung;SMONAT;Stichmonat;Apr 23;DINSG;Deutschland insgesamt;DG;Deutschland;KB10A5;Berufsgattungen (KB2010), 5-Steller;KB10-25252;Zweiradtechnik - Fachkraft;2635;2600
62361;Verdiensterhebung;SMONAT;Stichmonat;Apr 23;DINSG;Deutschland insgesamt;DG;Deutschland;KB10A5;Berufsgattungen (KB2010), 5-Steller;KB10-25253;Zweiradtechnik - Spezialist;/;/
62361;Verdiensterhebung;SMONAT;Stichmonat;Apr 23;DINSG;Deutschland insgesamt;DG;Deutschland;KB10A5;Berufsgattungen (KB2010), 5-Steller;KB10-25254;Zweiradtechnik - Experte;.;.
62361;Verdiensterhebung;SMONAT;Stichmonat;Apr 23;DINSG;Deutschland insgesamt;DG;Deutschland;KB10A5;Berufsgattungen (KB2010), 5-Steller;KB10-25293;Aufsicht - Fahrzeug-,Luft-,Raumf.-,Schiffbautechn.;4294;4025
62361;Verdiensterhebung;SMONAT;Stichmonat;Apr 23;DINSG;Deutschland insgesamt;DG;Deutschland;KB10A5;Berufsgattungen (KB2010), 5-Steller;KB10-25294;Führung - Fahrzeug-,Luft-,Raumf.-,Schiffbautechnik;10992;10082
62361;Verdiensterhebung;SMONAT;Stichmonat;Apr 23;DINSG;Deutschland insgesamt;DG;Deutschland;KB10A5;Berufsgattungen (KB2010), 5-Steller;KB10-26102;Mechatronik, Automatisierung (oS) - Fachkraft;4850;4672
62361;Verdiensterhebung;SMONAT;Stichmonat;Apr 23;DINSG;Deutschland insgesamt;DG;Deutschland;KB10A5;Berufsgattungen (KB2010), 5-Steller;KB10-26112;Mechatronik - Fachkraft;3646;3500
62361;Verdiensterhebung;SMONAT;Stichmonat;Apr 23;DINSG;Deutschland insgesamt;DG;Deutschland;KB10A5;Berufsgattungen (KB2010), 5-Steller;KB10-26113;Mechatronik - Spezialist;4321;4252
62361;Verdiensterhebung;SMONAT;Stichmonat;Apr 23;DINSG;Deutschland insgesamt;DG;Deutschland;KB10A5;Berufsgattungen (KB2010), 5-Steller;KB10-26114;Mechatronik - Experte;5674;5735
62361;Verdiensterhebung;SMONAT;Stichmonat;Apr 23;DINSG;Deutschland insgesamt;DG;Deutschland;KB10A5;Berufsgattungen (KB2010), 5-Steller;KB10-26122;Automatisierungstechnik - Fachkraft;4074;3777
62361;Verdiensterhebung;SMONAT;Stichmonat;Apr 23;DINSG;Deutschland insgesamt;DG;Deutschland;KB10A5;Berufsgattungen (KB2010), 5-Steller;KB10-26123;Automatisierungstechnik - Spezialist;5059;4750
62361;Verdiensterhebung;SMONAT;Stichmonat;Apr 23;DINSG;Deutschland insgesamt;DG;Deutschland;KB10A5;Berufsgattungen (KB2010), 5-Steller;KB10-26124;Automatisierungstechnik - Experte;6173;5687
62361;Verdiensterhebung;SMONAT;Stichmonat;Apr 23;DINSG;Deutschland insgesamt;DG;Deutschland;KB10A5;Berufsgattungen (KB2010), 5-Steller;KB10-26193;Aufsicht - Mechatronik, Automatisierungstechnik;5568;5750
62361;Verdiensterhebung;SMONAT;Stichmonat;Apr 23;DINSG;Deutschland insgesamt;DG;Deutschland;KB10A5;Berufsgattungen (KB2010), 5-Steller;KB10-26212;Bauelektrik - Fachkraft;3438;3211
62361;Verdiensterhebung;SMONAT;Stichmonat;Apr 23;DINSG;Deutschland insgesamt;DG;Deutschland;KB10A5;Berufsgattungen (KB2010), 5-Steller;KB10-26213;Bauelektrik - Spezialist;3813;3406
62361;Verdiensterhebung;SMONAT;Stichmonat;Apr 23;DINSG;Deutschland insgesamt;DG;Deutschland;KB10A5;Berufsgattungen (KB2010), 5-Steller;KB10-26222;Elektromaschinentechnik - Fachkraft;3940;3592
62361;Verdiensterhebung;SMONAT;Stichmonat;Apr 23;DINSG;Deutschland insgesamt;DG;Deutschland;KB10A5;Berufsgattungen (KB2010), 5-Steller;KB10-26223;Elektromaschinentechnik - Spezialist;4329;3725
62361;Verdiensterhebung;SMONAT;Stichmonat;Apr 23;DINSG;Deutschland insgesamt;DG;Deutschland;KB10A5;Berufsgattungen (KB2010), 5-Steller;KB10-26232;Energie-, Kraftwerkstechnik - Fachkraft;5046;4889
62361;Verdiensterhebung;SMONAT;Stichmonat;Apr 23;DINSG;Deutschland insgesamt;DG;Deutschland;KB10A5;Berufsgattungen (KB2010), 5-Steller;KB10-26233;Energie-, Kraftwerkstechnik - Spezialist;5130;4966
62361;Verdiensterhebung;SMONAT;Stichmonat;Apr 23;DINSG;Deutschland insgesamt;DG;Deutschland;KB10A5;Berufsgattungen (KB2010), 5-Steller;KB10-26234;Energie-, Kraftwerkstechnik - Experte;6330;5967
62361;Verdiensterhebung;SMONAT;Stichmonat;Apr 23;DINSG;Deutschland insgesamt;DG;Deutschland;KB10A5;Berufsgattungen (KB2010), 5-Steller;KB10-26242;Regenerative Energietechnik - Fachkraft;4358;4200
62361;Verdiensterhebung;SMONAT;Stichmonat;Apr 23;DINSG;Deutschland insgesamt;DG;Deutschland;KB10A5;Berufsgattungen (KB2010), 5-Steller;KB10-26243;Regenerative Energietechnik - Spezialist;4271;4037
62361;Verdiensterhebung;SMONAT;Stichmonat;Apr 23;DINSG;Deutschland insgesamt;DG;Deutschland;KB10A5;Berufsgattungen (KB2010), 5-Steller;KB10-26244;Regenerative Energietechnik - Experte;5986;5330
62361;Verdiensterhebung;SMONAT;Stichmonat;Apr 23;DINSG;Deutschland insgesamt;DG;Deutschland;KB10A5;Berufsgattungen (KB2010), 5-Steller;KB10-26252;Elektrische Betriebstechnik - Fachkraft;4221;4000
62361;Verdiensterhebung;SMONAT;Stichmonat;Apr 23;DINSG;Deutschland insgesamt;DG;Deutschland;KB10A5;Berufsgattungen (KB2010), 5-Steller;KB10-26253;Elektrische Betriebstechnik - Spezialist;4898;4683
62361;Verdiensterhebung;SMONAT;Stichmonat;Apr 23;DINSG;Deutschland insgesamt;DG;Deutschland;KB10A5;Berufsgattungen (KB2010), 5-Steller;KB10-26262;Leitungsinstallation, -wartung - Fachkraft;4069;3824
62361;Verdiensterhebung;SMONAT;Stichmonat;Apr 23;DINSG;Deutschland insgesamt;DG;Deutschland;KB10A5;Berufsgattungen (KB2010), 5-Steller;KB10-26263;Leitungsinstallation, -wartung - Spezialist;/;/
62361;Verdiensterhebung;SMONAT;Stichmonat;Apr 23;DINSG;Deutschland insgesamt;DG;Deutschland;KB10A5;Berufsgattungen (KB2010), 5-Steller;KB10-26264;Leitungsinstallation, -wartung - Experte;/;/
62361;Verdiensterhebung;SMONAT;Stichmonat;Apr 23;DINSG;Deutschland insgesamt;DG;Deutschland;KB10A5;Berufsgattungen (KB2010), 5-Steller;KB10-26293;Aufsicht - Energietechnik;5305;5119
62361;Verdiensterhebung;SMONAT;Stichmonat;Apr 23;DINSG;Deutschland insgesamt;DG;Deutschland;KB10A5;Berufsgattungen (KB2010), 5-Steller;KB10-26301;Elektrotechnik (oS) - Helfer;2849;2719
62361;Verdiensterhebung;SMONAT;Stichmonat;Apr 23;DINSG;Deutschland insgesamt;DG;Deutschland;KB10A5;Berufsgattungen (KB2010), 5-Steller;KB10-26302;Elektrotechnik (oS) - Fachkraft;3812;3522
62361;Verdiensterhebung;SMONAT;Stichmonat;Apr 23;DINSG;Deutschland insgesamt;DG;Deutschland;KB10A5;Berufsgattungen (KB2010), 5-Steller;KB10-26303;Elektrotechnik (oS) - Spezialist;5082;4834
62361;Verdiensterhebung;SMONAT;Stichmonat;Apr 23;DINSG;Deutschland insgesamt;DG;Deutschland;KB10A5;Berufsgattungen (KB2010), 5-Steller;KB10-26304;Elektrotechnik (oS) - Experte;6801;6283
62361;Verdiensterhebung;SMONAT;Stichmonat;Apr 23;DINSG;Deutschland insgesamt;DG;Deutschland;KB10A5;Berufsgattungen (KB2010), 5-Steller;KB10-26312;Informations-, Telekommunikationst. - Fachkraft;4436;4167
62361;Verdiensterhebung;SMONAT;Stichmonat;Apr 23;DINSG;Deutschland insgesamt;DG;Deutschland;KB10A5;Berufsgattungen (KB2010), 5-Steller;KB10-26313;Informations-, Telekommunikationst. - Spezialist;5589;5567
62361;Verdiensterhebung;SMONAT;Stichmonat;Apr 23;DINSG;Deutschland insgesamt;DG;Deutschland;KB10A5;Berufsgattungen (KB2010), 5-Steller;KB10-26314;Informations-, Telekommunikationst. - Experte;7034;6560
62361;Verdiensterhebung;SMONAT;Stichmonat;Apr 23;DINSG;Deutschland insgesamt;DG;Deutschland;KB10A5;Berufsgattungen (KB2010), 5-Steller;KB10-26322;Mikrosystemtechnik - Fachkraft;3554;3302
62361;Verdiensterhebung;SMONAT;Stichmonat;Apr 23;DINSG;Deutschland insgesamt;DG;Deutschland;KB10A5;Berufsgattungen (KB2010), 5-Steller;KB10-26323;Mikrosystemtechnik - Spezialist;/;/
62361;Verdiensterhebung;SMONAT;Stichmonat;Apr 23;DINSG;Deutschland insgesamt;DG;Deutschland;KB10A5;Berufsgattungen (KB2010), 5-Steller;KB10-26324;Mikrosystemtechnik - Experte;6541;6013
62361;Verdiensterhebung;SMONAT;Stichmonat;Apr 23;DINSG;Deutschland insgesamt;DG;Deutschland;KB10A5;Berufsgattungen (KB2010), 5-Steller;KB10-26332;Luftverk.-,Schiffs-,Fahrzeugelektron. - Fachkraft;3933;3750
62361;Verdiensterhebung;SMONAT;Stichmonat;Apr 23;DINSG;Deutschland insgesamt;DG;Deutschland;KB10A5;Berufsgattungen (KB2010), 5-Steller;KB10-26333;Luftverk.-,Schiffs-,Fahrzeugelektron. - Spezialist;/;/
62361;Verdiensterhebung;SMONAT;Stichmonat;Apr 23;DINSG;Deutschland insgesamt;DG;Deutschland;KB10A5;Berufsgattungen (KB2010), 5-Steller;KB10-26334;Luftverk.-,Schiffs-,Fahrzeugelektron. - Experte;6892;6438
62361;Verdiensterhebung;SMONAT;Stichmonat;Apr 23;DINSG;Deutschland insgesamt;DG;Deutschland;KB10A5;Berufsgattungen (KB2010), 5-Steller;KB10-26382;Elektrotechnik (ssT) - Fachkraft;4262;4068
62361;Verdiensterhebung;SMONAT;Stichmonat;Apr 23;DINSG;Deutschland insgesamt;DG;Deutschland;KB10A5;Berufsgattungen (KB2010), 5-Steller;KB10-26383;Elektrotechnik (ssT) - Spezialist;5139;4902
62361;Verdiensterhebung;SMONAT;Stichmonat;Apr 23;DINSG;Deutschland insgesamt;DG;Deutschland;KB10A5;Berufsgattungen (KB2010), 5-Steller;KB10-26384;Elektrotechnik (ssT) - Experte;6270;6017
62361;Verdiensterhebung;SMONAT;Stichmonat;Apr 23;DINSG;Deutschland insgesamt;DG;Deutschland;KB10A5;Berufsgattungen (KB2010), 5-Steller;KB10-26393;Aufsicht - Elektrotechnik;5317;5004
62361;Verdiensterhebung;SMONAT;Stichmonat;Apr 23;DINSG;Deutschland insgesamt;DG;Deutschland;KB10A5;Berufsgattungen (KB2010), 5-Steller;KB10-27103;Techn. Forschung, Entwicklung (oS) - Spezialist;5569;5400
62361;Verdiensterhebung;SMONAT;Stichmonat;Apr 23;DINSG;Deutschland insgesamt;DG;Deutschland;KB10A5;Berufsgattungen (KB2010), 5-Steller;KB10-27104;Techn. Forschung, Entwicklung (oS) - Experte;6428;6193
62361;Verdiensterhebung;SMONAT;Stichmonat;Apr 23;DINSG;Deutschland insgesamt;DG;Deutschland;KB10A5;Berufsgattungen (KB2010), 5-Steller;KB10-27182;Techn. Forschung, Entwicklung (ssT) - Fachkraft;5636;5170
62361;Verdiensterhebung;SMONAT;Stichmonat;Apr 23;DINSG;Deutschland insgesamt;DG;Deutschland;KB10A5;Berufsgattungen (KB2010), 5-Steller;KB10-27183;Techn. Forschung, Entwicklung (ssT) - Spezialist;6704;6164
62361;Verdiensterhebung;SMONAT;Stichmonat;Apr 23;DINSG;Deutschland insgesamt;DG;Deutschland;KB10A5;Berufsgattungen (KB2010), 5-Steller;KB10-27184;Techn. Forschung, Entwicklung (ssT) - Experte;7322;6836
62361;Verdiensterhebung;SMONAT;Stichmonat;Apr 23;DINSG;Deutschland insgesamt;DG;Deutschland;KB10A5;Berufsgattungen (KB2010), 5-Steller;KB10-27194;Führung - Technische Forschung und Entwicklung;10515;9725
62361;Verdiensterhebung;SMONAT;Stichmonat;Apr 23;DINSG;Deutschland insgesamt;DG;Deutschland;KB10A5;Berufsgattungen (KB2010), 5-Steller;KB10-27212;Technische Zeichner - Fachkraft;3752;3569
62361;Verdiensterhebung;SMONAT;Stichmonat;Apr 23;DINSG;Deutschland insgesamt;DG;Deutschland;KB10A5;Berufsgattungen (KB2010), 5-Steller;KB10-27223;Konstruktion und Gerätebau - Spezialist;5065;4884
62361;Verdiensterhebung;SMONAT;Stichmonat;Apr 23;DINSG;Deutschland insgesamt;DG;Deutschland;KB10A5;Berufsgattungen (KB2010), 5-Steller;KB10-27224;Konstruktion und Gerätebau - Experte;5846;5739
62361;Verdiensterhebung;SMONAT;Stichmonat;Apr 23;DINSG;Deutschland insgesamt;DG;Deutschland;KB10A5;Berufsgattungen (KB2010), 5-Steller;KB10-27232;Modellbau - Fachkraft;3665;3400
62361;Verdiensterhebung;SMONAT;Stichmonat;Apr 23;DINSG;Deutschland insgesamt;DG;Deutschland;KB10A5;Berufsgattungen (KB2010), 5-Steller;KB10-27282;Techn.Zeichnen,Konstr.,Modellbau(ssT) - Fachkraft;3479;3136
62361;Verdiensterhebung;SMONAT;Stichmonat;Apr 23;DINSG;Deutschland insgesamt;DG;Deutschland;KB10A5;Berufsgattungen (KB2010), 5-Steller;KB10-27283;Techn.Zeichnen,Konstr.,Modellbau(ssT) - Spezialist;4231;3961
62361;Verdiensterhebung;SMONAT;Stichmonat;Apr 23;DINSG;Deutschland insgesamt;DG;Deutschland;KB10A5;Berufsgattungen (KB2010), 5-Steller;KB10-27284;Techn.Zeichnen,Konstr.,Modellbau(ssT) - Experte;6195;6089
62361;Verdiensterhebung;SMONAT;Stichmonat;Apr 23;DINSG;Deutschland insgesamt;DG;Deutschland;KB10A5;Berufsgattungen (KB2010), 5-Steller;KB10-27293;Aufsicht - Techn.Zeichnen, Konstruktion, Modellbau;5172;4000
62361;Verdiensterhebung;SMONAT;Stichmonat;Apr 23;DINSG;Deutschland insgesamt;DG;Deutschland;KB10A5;Berufsgattungen (KB2010), 5-Steller;KB10-27294;Führung - Techn.Zeichnen, Konstruktion, Modellbau;8118;8110
62361;Verdiensterhebung;SMONAT;Stichmonat;Apr 23;DINSG;Deutschland insgesamt;DG;Deutschland;KB10A5;Berufsgattungen (KB2010), 5-Steller;KB10-27302;Techn. Produktionsplanung, -steuerung - Fachkraft;4495;4364
62361;Verdiensterhebung;SMONAT;Stichmonat;Apr 23;DINSG;Deutschland insgesamt;DG;Deutschland;KB10A5;Berufsgattungen (KB2010), 5-Steller;KB10-27303;Techn. Produktionsplanung, -steuerung - Spezialist;4999;4745
62361;Verdiensterhebung;SMONAT;Stichmonat;Apr 23;DINSG;Deutschland insgesamt;DG;Deutschland;KB10A5;Berufsgattungen (KB2010), 5-Steller;KB10-27304;Techn. Produktionsplanung, -steuerung - Experte;6612;6119
62361;Verdiensterhebung;SMONAT;Stichmonat;Apr 23;DINSG;Deutschland insgesamt;DG;Deutschland;KB10A5;Berufsgattungen (KB2010), 5-Steller;KB10-27312;Technische Qualitätssicherung - Fachkraft;3910;3782
62361;Verdiensterhebung;SMONAT;Stichmonat;Apr 23;DINSG;Deutschland insgesamt;DG;Deutschland;KB10A5;Berufsgattungen (KB2010), 5-Steller;KB10-27313;Technische Qualitätssicherung - Spezialist;4927;4644
62361;Verdiensterhebung;SMONAT;Stichmonat;Apr 23;DINSG;Deutschland insgesamt;DG;Deutschland;KB10A5;Berufsgattungen (KB2010), 5-Steller;KB10-27314;Technische Qualitätssicherung - Experte;6406;6062
62361;Verdiensterhebung;SMONAT;Stichmonat;Apr 23;DINSG;Deutschland insgesamt;DG;Deutschland;KB10A5;Berufsgattungen (KB2010), 5-Steller;KB10-27393;Aufsicht - Techn. Produktionsplanung, -steuerung;5467;5000
62361;Verdiensterhebung;SMONAT;Stichmonat;Apr 23;DINSG;Deutschland insgesamt;DG;Deutschland;KB10A5;Berufsgattungen (KB2010), 5-Steller;KB10-27394;Führung - Techn. Produktionsplanung, -steuerung;6863;6184
62361;Verdiensterhebung;SMONAT;Stichmonat;Apr 23;DINSG;Deutschland insgesamt;DG;Deutschland;KB10A5;Berufsgattungen (KB2010), 5-Steller;KB10-28101;Textiltechnik (oS) - Helfer;2796;2505
62361;Verdiensterhebung;SMONAT;Stichmonat;Apr 23;DINSG;Deutschland insgesamt;DG;Deutschland;KB10A5;Berufsgattungen (KB2010), 5-Steller;KB10-28102;Textiltechnik (oS) - Fachkraft;3297;3009
62361;Verdiensterhebung;SMONAT;Stichmonat;Apr 23;DINSG;Deutschland insgesamt;DG;Deutschland;KB10A5;Berufsgattungen (KB2010), 5-Steller;KB10-28103;Textiltechnik (oS) - Spezialist;4763;5356
62361;Verdiensterhebung;SMONAT;Stichmonat;Apr 23;DINSG;Deutschland insgesamt;DG;Deutschland;KB10A5;Berufsgattungen (KB2010), 5-Steller;KB10-28104;Textiltechnik (oS) - Experte;6125;5827
62361;Verdiensterhebung;SMONAT;Stichmonat;Apr 23;DINSG;Deutschland insgesamt;DG;Deutschland;KB10A5;Berufsgattungen (KB2010), 5-Steller;KB10-28112;Textilgestaltung - Fachkraft;2725;2802
62361;Verdiensterhebung;SMONAT;Stichmonat;Apr 23;DINSG;Deutschland insgesamt;DG;Deutschland;KB10A5;Berufsgattungen (KB2010), 5-Steller;KB10-28113;Textilgestaltung - Spezialist;3763;3400
62361;Verdiensterhebung;SMONAT;Stichmonat;Apr 23;DINSG;Deutschland insgesamt;DG;Deutschland;KB10A5;Berufsgattungen (KB2010), 5-Steller;KB10-28114;Textilgestaltung - Experte;4602;4247
62361;Verdiensterhebung;SMONAT;Stichmonat;Apr 23;DINSG;Deutschland insgesamt;DG;Deutschland;KB10A5;Berufsgattungen (KB2010), 5-Steller;KB10-28122;Textilherstellung - Fachkraft;3202;2991
62361;Verdiensterhebung;SMONAT;Stichmonat;Apr 23;DINSG;Deutschland insgesamt;DG;Deutschland;KB10A5;Berufsgattungen (KB2010), 5-Steller;KB10-28123;Textilherstellung - Spezialist;4501;4285
62361;Verdiensterhebung;SMONAT;Stichmonat;Apr 23;DINSG;Deutschland insgesamt;DG;Deutschland;KB10A5;Berufsgattungen (KB2010), 5-Steller;KB10-28132;Garn- und Seilherstellung - Fachkraft;2808;2596
62361;Verdiensterhebung;SMONAT;Stichmonat;Apr 23;DINSG;Deutschland insgesamt;DG;Deutschland;KB10A5;Berufsgattungen (KB2010), 5-Steller;KB10-28133;Garn- und Seilherstellung - Spezialist;/;/
62361;Verdiensterhebung;SMONAT;Stichmonat;Apr 23;DINSG;Deutschland insgesamt;DG;Deutschland;KB10A5;Berufsgattungen (KB2010), 5-Steller;KB10-28142;Textilveredlung - Fachkraft;3043;2877
62361;Verdiensterhebung;SMONAT;Stichmonat;Apr 23;DINSG;Deutschland insgesamt;DG;Deutschland;KB10A5;Berufsgattungen (KB2010), 5-Steller;KB10-28143;Textilveredlung - Spezialist;4319;3949
62361;Verdiensterhebung;SMONAT;Stichmonat;Apr 23;DINSG;Deutschland insgesamt;DG;Deutschland;KB10A5;Berufsgattungen (KB2010), 5-Steller;KB10-28193;Aufsicht - Textiltechnik, -produktion;4447;4259
62361;Verdiensterhebung;SMONAT;Stichmonat;Apr 23;DINSG;Deutschland insgesamt;DG;Deutschland;KB10A5;Berufsgattungen (KB2010), 5-Steller;KB10-28194;Führung - Textiltechnik, -produktion;6413;5095
62361;Verdiensterhebung;SMONAT;Stichmonat;Apr 23;DINSG;Deutschland insgesamt;DG;Deutschland;KB10A5;Berufsgattungen (KB2010), 5-Steller;KB10-28212;Modedesign - Fachkraft;4682;4571
62361;Verdiensterhebung;SMONAT;Stichmonat;Apr 23;DINSG;Deutschland insgesamt;DG;Deutschland;KB10A5;Berufsgattungen (KB2010), 5-Steller;KB10-28213;Modedesign - Spezialist;4248;4200
62361;Verdiensterhebung;SMONAT;Stichmonat;Apr 23;DINSG;Deutschland insgesamt;DG;Deutschland;KB10A5;Berufsgattungen (KB2010), 5-Steller;KB10-28214;Modedesign - Experte;5054;4211
62361;Verdiensterhebung;SMONAT;Stichmonat;Apr 23;DINSG;Deutschland insgesamt;DG;Deutschland;KB10A5;Berufsgattungen (KB2010), 5-Steller;KB10-28221;Bekleidungsherstellung - Helfer;2242;2200
62361;Verdiensterhebung;SMONAT;Stichmonat;Apr 23;DINSG;Deutschland insgesamt;DG;Deutschland;KB10A5;Berufsgattungen (KB2010), 5-Steller;KB10-28222;Bekleidungsherstellung - Fachkraft;2441;2317
62361;Verdiensterhebung;SMONAT;Stichmonat;Apr 23;DINSG;Deutschland insgesamt;DG;Deutschland;KB10A5;Berufsgattungen (KB2010), 5-Steller;KB10-28223;Bekleidungsherstellung - Spezialist;4343;3939
62361;Verdiensterhebung;SMONAT;Stichmonat;Apr 23;DINSG;Deutschland insgesamt;DG;Deutschland;KB10A5;Berufsgattungen (KB2010), 5-Steller;KB10-28224;Bekleidungsherstellung - Experte;4134;3894
62361;Verdiensterhebung;SMONAT;Stichmonat;Apr 23;DINSG;Deutschland insgesamt;DG;Deutschland;KB10A5;Berufsgattungen (KB2010), 5-Steller;KB10-28232;Technische Konfektionäre, Segelmacher - Fachkraft;2499;2262
62361;Verdiensterhebung;SMONAT;Stichmonat;Apr 23;DINSG;Deutschland insgesamt;DG;Deutschland;KB10A5;Berufsgattungen (KB2010), 5-Steller;KB10-28242;Polsterei, Fahrzeuginnenausstattung - Fachkraft;2903;2786
62361;Verdiensterhebung;SMONAT;Stichmonat;Apr 23;DINSG;Deutschland insgesamt;DG;Deutschland;KB10A5;Berufsgattungen (KB2010), 5-Steller;KB10-28293;Aufsicht - Textilverarbeitung;3998;3947
62361;Verdiensterhebung;SMONAT;Stichmonat;Apr 23;DINSG;Deutschland insgesamt;DG;Deutschland;KB10A5;Berufsgattungen (KB2010), 5-Steller;KB10-28294;Führung - Textilverarbeitung;5985;5540
62361;Verdiensterhebung;SMONAT;Stichmonat;Apr 23;DINSG;Deutschland insgesamt;DG;Deutschland;KB10A5;Berufsgattungen (KB2010), 5-Steller;KB10-28301;Leder-, Pelzherstellung, -verarb. (oS) - Helfer;2560;2538
62361;Verdiensterhebung;SMONAT;Stichmonat;Apr 23;DINSG;Deutschland insgesamt;DG;Deutschland;KB10A5;Berufsgattungen (KB2010), 5-Steller;KB10-28312;Lederherstellung - Fachkraft;3300;3232
62361;Verdiensterhebung;SMONAT;Stichmonat;Apr 23;DINSG;Deutschland insgesamt;DG;Deutschland;KB10A5;Berufsgattungen (KB2010), 5-Steller;KB10-28313;Lederherstellung - Spezialist;6621;6272
62361;Verdiensterhebung;SMONAT;Stichmonat;Apr 23;DINSG;Deutschland insgesamt;DG;Deutschland;KB10A5;Berufsgattungen (KB2010), 5-Steller;KB10-28314;Lederherstellung - Experte;.;.
62361;Verdiensterhebung;SMONAT;Stichmonat;Apr 23;DINSG;Deutschland insgesamt;DG;Deutschland;KB10A5;Berufsgattungen (KB2010), 5-Steller;KB10-28322;Sattlerei, Herst. von Lederutensilien - Fachkraft;2826;2700
62361;Verdiensterhebung;SMONAT;Stichmonat;Apr 23;DINSG;Deutschland insgesamt;DG;Deutschland;KB10A5;Berufsgattungen (KB2010), 5-Steller;KB10-28332;Schuhherstellung - Fachkraft;2730;2610
62361;Verdiensterhebung;SMONAT;Stichmonat;Apr 23;DINSG;Deutschland insgesamt;DG;Deutschland;KB10A5;Berufsgattungen (KB2010), 5-Steller;KB10-28333;Schuhherstellung - Spezialist;4796;4161
62361;Verdiensterhebung;SMONAT;Stichmonat;Apr 23;DINSG;Deutschland insgesamt;DG;Deutschland;KB10A5;Berufsgattungen (KB2010), 5-Steller;KB10-28342;Pelzbe- und -verarbeitung - Fachkraft;.;.
62361;Verdiensterhebung;SMONAT;Stichmonat;Apr 23;DINSG;Deutschland insgesamt;DG;Deutschland;KB10A5;Berufsgattungen (KB2010), 5-Steller;KB10-28343;Pelzbe- und -verarbeitung - Spezialist;.;.
62361;Verdiensterhebung;SMONAT;Stichmonat;Apr 23;DINSG;Deutschland insgesamt;DG;Deutschland;KB10A5;Berufsgattungen (KB2010), 5-Steller;KB10-28393;Aufsicht - Leder-, Pelzherstellung, -verarbeitung;4115;4245
62361;Verdiensterhebung;SMONAT;Stichmonat;Apr 23;DINSG;Deutschland insgesamt;DG;Deutschland;KB10A5;Berufsgattungen (KB2010), 5-Steller;KB10-28394;Führung - Leder-, Pelzherstellung, -verarbeitung;.;.
62361;Verdiensterhebung;SMONAT;Stichmonat;Apr 23;DINSG;Deutschland insgesamt;DG;Deutschland;KB10A5;Berufsgattungen (KB2010), 5-Steller;KB10-29102;Getränkeherstellung (oS) - Fachkraft;3383;3410
62361;Verdiensterhebung;SMONAT;Stichmonat;Apr 23;DINSG;Deutschland insgesamt;DG;Deutschland;KB10A5;Berufsgattungen (KB2010), 5-Steller;KB10-29103;Getränkeherstellung (oS) - Spezialist;4027;4213
62361;Verdiensterhebung;SMONAT;Stichmonat;Apr 23;DINSG;Deutschland insgesamt;DG;Deutschland;KB10A5;Berufsgattungen (KB2010), 5-Steller;KB10-29104;Getränkeherstellung (oS) - Experte;5864;5974
62361;Verdiensterhebung;SMONAT;Stichmonat;Apr 23;DINSG;Deutschland insgesamt;DG;Deutschland;KB10A5;Berufsgattungen (KB2010), 5-Steller;KB10-29112;Brauer, Mälzer - Fachkraft;4095;4087
62361;Verdiensterhebung;SMONAT;Stichmonat;Apr 23;DINSG;Deutschland insgesamt;DG;Deutschland;KB10A5;Berufsgattungen (KB2010), 5-Steller;KB10-29113;Brauer, Mälzer - Spezialist;/;/
62361;Verdiensterhebung;SMONAT;Stichmonat;Apr 23;DINSG;Deutschland insgesamt;DG;Deutschland;KB10A5;Berufsgattungen (KB2010), 5-Steller;KB10-29114;Brauer, Mälzer - Experte;4925;4604
62361;Verdiensterhebung;SMONAT;Stichmonat;Apr 23;DINSG;Deutschland insgesamt;DG;Deutschland;KB10A5;Berufsgattungen (KB2010), 5-Steller;KB10-29122;Weinküfer - Fachkraft;3450;3258
62361;Verdiensterhebung;SMONAT;Stichmonat;Apr 23;DINSG;Deutschland insgesamt;DG;Deutschland;KB10A5;Berufsgattungen (KB2010), 5-Steller;KB10-29123;Weinküfer - Spezialist;.;.
62361;Verdiensterhebung;SMONAT;Stichmonat;Apr 23;DINSG;Deutschland insgesamt;DG;Deutschland;KB10A5;Berufsgattungen (KB2010), 5-Steller;KB10-29132;Brenner, Destillateure - Fachkraft;/;/
62361;Verdiensterhebung;SMONAT;Stichmonat;Apr 23;DINSG;Deutschland insgesamt;DG;Deutschland;KB10A5;Berufsgattungen (KB2010), 5-Steller;KB10-29133;Brenner, Destillateure - Spezialist;.;.
62361;Verdiensterhebung;SMONAT;Stichmonat;Apr 23;DINSG;Deutschland insgesamt;DG;Deutschland;KB10A5;Berufsgattungen (KB2010), 5-Steller;KB10-29134;Brenner, Destillateure - Experte;.;.
62361;Verdiensterhebung;SMONAT;Stichmonat;Apr 23;DINSG;Deutschland insgesamt;DG;Deutschland;KB10A5;Berufsgattungen (KB2010), 5-Steller;KB10-29142;Fruchtsafttechnik - Fachkraft;3437;3296
62361;Verdiensterhebung;SMONAT;Stichmonat;Apr 23;DINSG;Deutschland insgesamt;DG;Deutschland;KB10A5;Berufsgattungen (KB2010), 5-Steller;KB10-29143;Fruchtsafttechnik - Spezialist;/;/
62361;Verdiensterhebung;SMONAT;Stichmonat;Apr 23;DINSG;Deutschland insgesamt;DG;Deutschland;KB10A5;Berufsgattungen (KB2010), 5-Steller;KB10-29152;Nahrungsmittel-, Getränkekoster - Fachkraft;.;.
62361;Verdiensterhebung;SMONAT;Stichmonat;Apr 23;DINSG;Deutschland insgesamt;DG;Deutschland;KB10A5;Berufsgattungen (KB2010), 5-Steller;KB10-29193;Aufsicht - Getränkeherstellung;4871;4474
62361;Verdiensterhebung;SMONAT;Stichmonat;Apr 23;DINSG;Deutschland insgesamt;DG;Deutschland;KB10A5;Berufsgattungen (KB2010), 5-Steller;KB10-29194;Führung - Getränkeherstellung;6576;6391
62361;Verdiensterhebung;SMONAT;Stichmonat;Apr 23;DINSG;Deutschland insgesamt;DG;Deutschland;KB10A5;Berufsgattungen (KB2010), 5-Steller;KB10-29201;Lebensmittelherstellung (oS) - Helfer;2784;2596
62361;Verdiensterhebung;SMONAT;Stichmonat;Apr 23;DINSG;Deutschland insgesamt;DG;Deutschland;KB10A5;Berufsgattungen (KB2010), 5-Steller;KB10-29202;Lebensmittelherstellung (oS) - Fachkraft;3376;3197
62361;Verdiensterhebung;SMONAT;Stichmonat;Apr 23;DINSG;Deutschland insgesamt;DG;Deutschland;KB10A5;Berufsgattungen (KB2010), 5-Steller;KB10-29203;Lebensmittelherstellung (oS) - Spezialist;3738;3427
62361;Verdiensterhebung;SMONAT;Stichmonat;Apr 23;DINSG;Deutschland insgesamt;DG;Deutschland;KB10A5;Berufsgattungen (KB2010), 5-Steller;KB10-29204;Lebensmittelherstellung (oS) - Experte;5263;4781
62361;Verdiensterhebung;SMONAT;Stichmonat;Apr 23;DINSG;Deutschland insgesamt;DG;Deutschland;KB10A5;Berufsgattungen (KB2010), 5-Steller;KB10-29212;Mühlenprodukt-, Futtermittelherst. - Fachkraft;3606;3698
62361;Verdiensterhebung;SMONAT;Stichmonat;Apr 23;DINSG;Deutschland insgesamt;DG;Deutschland;KB10A5;Berufsgattungen (KB2010), 5-Steller;KB10-29213;Mühlenprodukt-, Futtermittelherst. - Spezialist;.;.
62361;Verdiensterhebung;SMONAT;Stichmonat;Apr 23;DINSG;Deutschland insgesamt;DG;Deutschland;KB10A5;Berufsgattungen (KB2010), 5-Steller;KB10-29222;Back-, Konditoreiwarenherst. - Fachkraft;2983;2848
62361;Verdiensterhebung;SMONAT;Stichmonat;Apr 23;DINSG;Deutschland insgesamt;DG;Deutschland;KB10A5;Berufsgattungen (KB2010), 5-Steller;KB10-29223;Back-, Konditoreiwarenherst. - Spezialist;3933;3560
62361;Verdiensterhebung;SMONAT;Stichmonat;Apr 23;DINSG;Deutschland insgesamt;DG;Deutschland;KB10A5;Berufsgattungen (KB2010), 5-Steller;KB10-29232;Fleischverarbeitung - Fachkraft;2880;2760
62361;Verdiensterhebung;SMONAT;Stichmonat;Apr 23;DINSG;Deutschland insgesamt;DG;Deutschland;KB10A5;Berufsgattungen (KB2010), 5-Steller;KB10-29233;Fleischverarbeitung - Spezialist;/;/
62361;Verdiensterhebung;SMONAT;Stichmonat;Apr 23;DINSG;Deutschland insgesamt;DG;Deutschland;KB10A5;Berufsgattungen (KB2010), 5-Steller;KB10-29242;Fischverarbeitung - Fachkraft;2973;2601
62361;Verdiensterhebung;SMONAT;Stichmonat;Apr 23;DINSG;Deutschland insgesamt;DG;Deutschland;KB10A5;Berufsgattungen (KB2010), 5-Steller;KB10-29243;Fischverarbeitung - Spezialist;.;.
62361;Verdiensterhebung;SMONAT;Stichmonat;Apr 23;DINSG;Deutschland insgesamt;DG;Deutschland;KB10A5;Berufsgattungen (KB2010), 5-Steller;KB10-29252;Milchproduktherstellung - Fachkraft;4319;4253
62361;Verdiensterhebung;SMONAT;Stichmonat;Apr 23;DINSG;Deutschland insgesamt;DG;Deutschland;KB10A5;Berufsgattungen (KB2010), 5-Steller;KB10-29253;Milchproduktherstellung - Spezialist;4657;4246
62361;Verdiensterhebung;SMONAT;Stichmonat;Apr 23;DINSG;Deutschland insgesamt;DG;Deutschland;KB10A5;Berufsgattungen (KB2010), 5-Steller;KB10-29262;Süßwarenherstellung - Fachkraft;3169;3131
62361;Verdiensterhebung;SMONAT;Stichmonat;Apr 23;DINSG;Deutschland insgesamt;DG;Deutschland;KB10A5;Berufsgattungen (KB2010), 5-Steller;KB10-29263;Süßwarenherstellung - Spezialist;4688;4000
62361;Verdiensterhebung;SMONAT;Stichmonat;Apr 23;DINSG;Deutschland insgesamt;DG;Deutschland;KB10A5;Berufsgattungen (KB2010), 5-Steller;KB10-29272;Tabakwarenherstellung - Fachkraft;3906;3668
62361;Verdiensterhebung;SMONAT;Stichmonat;Apr 23;DINSG;Deutschland insgesamt;DG;Deutschland;KB10A5;Berufsgattungen (KB2010), 5-Steller;KB10-29273;Tabakwarenherstellung - Spezialist;7574;7529
62361;Verdiensterhebung;SMONAT;Stichmonat;Apr 23;DINSG;Deutschland insgesamt;DG;Deutschland;KB10A5;Berufsgattungen (KB2010), 5-Steller;KB10-29282;Lebensmittelherstellung (ssT) - Fachkraft;3178;3036
62361;Verdiensterhebung;SMONAT;Stichmonat;Apr 23;DINSG;Deutschland insgesamt;DG;Deutschland;KB10A5;Berufsgattungen (KB2010), 5-Steller;KB10-29283;Lebensmittelherstellung (ssT) - Spezialist;4469;4110
62361;Verdiensterhebung;SMONAT;Stichmonat;Apr 23;DINSG;Deutschland insgesamt;DG;Deutschland;KB10A5;Berufsgattungen (KB2010), 5-Steller;KB10-29284;Lebensmittelherstellung (ssT) - Experte;5019;4421
62361;Verdiensterhebung;SMONAT;Stichmonat;Apr 23;DINSG;Deutschland insgesamt;DG;Deutschland;KB10A5;Berufsgattungen (KB2010), 5-Steller;KB10-29293;Aufsicht - Lebens-, Genussmittelherstellung;4236;3900
62361;Verdiensterhebung;SMONAT;Stichmonat;Apr 23;DINSG;Deutschland insgesamt;DG;Deutschland;KB10A5;Berufsgattungen (KB2010), 5-Steller;KB10-29294;Führung - Lebens-, Genussmittelherstellung;4968;4334
62361;Verdiensterhebung;SMONAT;Stichmonat;Apr 23;DINSG;Deutschland insgesamt;DG;Deutschland;KB10A5;Berufsgattungen (KB2010), 5-Steller;KB10-29301;Köche (oS) - Helfer;2379;2304
62361;Verdiensterhebung;SMONAT;Stichmonat;Apr 23;DINSG;Deutschland insgesamt;DG;Deutschland;KB10A5;Berufsgattungen (KB2010), 5-Steller;KB10-29302;Köche (oS) - Fachkraft;2839;2730
62361;Verdiensterhebung;SMONAT;Stichmonat;Apr 23;DINSG;Deutschland insgesamt;DG;Deutschland;KB10A5;Berufsgattungen (KB2010), 5-Steller;KB10-29312;Vor-, Kalt-, Süßspeisenköche - Fachkraft;2845;2842
62361;Verdiensterhebung;SMONAT;Stichmonat;Apr 23;DINSG;Deutschland insgesamt;DG;Deutschland;KB10A5;Berufsgattungen (KB2010), 5-Steller;KB10-29322;Grill-, Braten-, Fischköche - Fachkraft;2833;2796
62361;Verdiensterhebung;SMONAT;Stichmonat;Apr 23;DINSG;Deutschland insgesamt;DG;Deutschland;KB10A5;Berufsgattungen (KB2010), 5-Steller;KB10-29382;Köche (ssT) - Fachkraft;2417;2339
62361;Verdiensterhebung;SMONAT;Stichmonat;Apr 23;DINSG;Deutschland insgesamt;DG;Deutschland;KB10A5;Berufsgattungen (KB2010), 5-Steller;KB10-29393;Aufsicht - Speisenzubereitung;3729;3561
62361;Verdiensterhebung;SMONAT;Stichmonat;Apr 23;DINSG;Deutschland insgesamt;DG;Deutschland;KB10A5;Berufsgattungen (KB2010), 5-Steller;KB10-29394;Führung - Speisenzubereitung;4047;3874
62361;Verdiensterhebung;SMONAT;Stichmonat;Apr 23;DINSG;Deutschland insgesamt;DG;Deutschland;KB10A5;Berufsgattungen (KB2010), 5-Steller;KB10-31102;Bauplanung, -überwachung (oS) - Fachkraft;4490;4223
62361;Verdiensterhebung;SMONAT;Stichmonat;Apr 23;DINSG;Deutschland insgesamt;DG;Deutschland;KB10A5;Berufsgattungen (KB2010), 5-Steller;KB10-31103;Bauplanung, -überwachung (oS) - Spezialist;5238;4758
62361;Verdiensterhebung;SMONAT;Stichmonat;Apr 23;DINSG;Deutschland insgesamt;DG;Deutschland;KB10A5;Berufsgattungen (KB2010), 5-Steller;KB10-31104;Bauplanung, -überwachung (oS) - Experte;5715;5148
62361;Verdiensterhebung;SMONAT;Stichmonat;Apr 23;DINSG;Deutschland insgesamt;DG;Deutschland;KB10A5;Berufsgattungen (KB2010), 5-Steller;KB10-31114;Architektur - Experte;4820;4400
62361;Verdiensterhebung;SMONAT;Stichmonat;Apr 23;DINSG;Deutschland insgesamt;DG;Deutschland;KB10A5;Berufsgattungen (KB2010), 5-Steller;KB10-31124;Stadt- und Raumplanung - Experte;5747;6040
62361;Verdiensterhebung;SMONAT;Stichmonat;Apr 23;DINSG;Deutschland insgesamt;DG;Deutschland;KB10A5;Berufsgattungen (KB2010), 5-Steller;KB10-31132;Bauplanung Verkehrswege, -anlagen - Fachkraft;3500;3427
62361;Verdiensterhebung;SMONAT;Stichmonat;Apr 23;DINSG;Deutschland insgesamt;DG;Deutschland;KB10A5;Berufsgattungen (KB2010), 5-Steller;KB10-31133;Bauplanung Verkehrswege, -anlagen - Spezialist;4709;4632
62361;Verdiensterhebung;SMONAT;Stichmonat;Apr 23;DINSG;Deutschland insgesamt;DG;Deutschland;KB10A5;Berufsgattungen (KB2010), 5-Steller;KB10-31134;Bauplanung Verkehrswege, -anlagen - Experte;6215;6192
62361;Verdiensterhebung;SMONAT;Stichmonat;Apr 23;DINSG;Deutschland insgesamt;DG;Deutschland;KB10A5;Berufsgattungen (KB2010), 5-Steller;KB10-31142;Wasserwirtschaft - Fachkraft;4656;4355
62361;Verdiensterhebung;SMONAT;Stichmonat;Apr 23;DINSG;Deutschland insgesamt;DG;Deutschland;KB10A5;Berufsgattungen (KB2010), 5-Steller;KB10-31143;Wasserwirtschaft - Spezialist;5894;5818
62361;Verdiensterhebung;SMONAT;Stichmonat;Apr 23;DINSG;Deutschland insgesamt;DG;Deutschland;KB10A5;Berufsgattungen (KB2010), 5-Steller;KB10-31144;Wasserwirtschaft - Experte;5769;5702
62361;Verdiensterhebung;SMONAT;Stichmonat;Apr 23;DINSG;Deutschland insgesamt;DG;Deutschland;KB10A5;Berufsgattungen (KB2010), 5-Steller;KB10-31152;Bauwerkserhaltung, -erneuerung - Fachkraft;2931;2532
62361;Verdiensterhebung;SMONAT;Stichmonat;Apr 23;DINSG;Deutschland insgesamt;DG;Deutschland;KB10A5;Berufsgattungen (KB2010), 5-Steller;KB10-31153;Bauwerkserhaltung, -erneuerung - Spezialist;4615;4890
62361;Verdiensterhebung;SMONAT;Stichmonat;Apr 23;DINSG;Deutschland insgesamt;DG;Deutschland;KB10A5;Berufsgattungen (KB2010), 5-Steller;KB10-31154;Bauwerkserhaltung, -erneuerung - Experte;/;/
62361;Verdiensterhebung;SMONAT;Stichmonat;Apr 23;DINSG;Deutschland insgesamt;DG;Deutschland;KB10A5;Berufsgattungen (KB2010), 5-Steller;KB10-31163;Bausachverständige, -kontrolleure - Spezialist;4503;4053
62361;Verdiensterhebung;SMONAT;Stichmonat;Apr 23;DINSG;Deutschland insgesamt;DG;Deutschland;KB10A5;Berufsgattungen (KB2010), 5-Steller;KB10-31164;Bausachverständige, -kontrolleure - Experte;5563;5208
62361;Verdiensterhebung;SMONAT;Stichmonat;Apr 23;DINSG;Deutschland insgesamt;DG;Deutschland;KB10A5;Berufsgattungen (KB2010), 5-Steller;KB10-31173;Bauabrechnung, -kalkulation - Spezialist;5468;5114
62361;Verdiensterhebung;SMONAT;Stichmonat;Apr 23;DINSG;Deutschland insgesamt;DG;Deutschland;KB10A5;Berufsgattungen (KB2010), 5-Steller;KB10-31174;Bauabrechnung, -kalkulation - Experte;5564;5643
62361;Verdiensterhebung;SMONAT;Stichmonat;Apr 23;DINSG;Deutschland insgesamt;DG;Deutschland;KB10A5;Berufsgattungen (KB2010), 5-Steller;KB10-31193;Aufsicht - Bauplanung, -überwachung, Architektur;5606;5364
62361;Verdiensterhebung;SMONAT;Stichmonat;Apr 23;DINSG;Deutschland insgesamt;DG;Deutschland;KB10A5;Berufsgattungen (KB2010), 5-Steller;KB10-31194;Führung - Bauplanung, -überwachung, Architektur;5664;5319
62361;Verdiensterhebung;SMONAT;Stichmonat;Apr 23;DINSG;Deutschland insgesamt;DG;Deutschland;KB10A5;Berufsgattungen (KB2010), 5-Steller;KB10-31212;Vermessungstechnik - Fachkraft;3850;3680
62361;Verdiensterhebung;SMONAT;Stichmonat;Apr 23;DINSG;Deutschland insgesamt;DG;Deutschland;KB10A5;Berufsgattungen (KB2010), 5-Steller;KB10-31213;Vermessungstechnik - Spezialist;4769;4488
62361;Verdiensterhebung;SMONAT;Stichmonat;Apr 23;DINSG;Deutschland insgesamt;DG;Deutschland;KB10A5;Berufsgattungen (KB2010), 5-Steller;KB10-31214;Vermessungstechnik - Experte;5026;4749
62361;Verdiensterhebung;SMONAT;Stichmonat;Apr 23;DINSG;Deutschland insgesamt;DG;Deutschland;KB10A5;Berufsgattungen (KB2010), 5-Steller;KB10-31222;Kartografie - Fachkraft;3425;3369
62361;Verdiensterhebung;SMONAT;Stichmonat;Apr 23;DINSG;Deutschland insgesamt;DG;Deutschland;KB10A5;Berufsgattungen (KB2010), 5-Steller;KB10-31223;Kartografie - Spezialist;4569;4361
62361;Verdiensterhebung;SMONAT;Stichmonat;Apr 23;DINSG;Deutschland insgesamt;DG;Deutschland;KB10A5;Berufsgattungen (KB2010), 5-Steller;KB10-31224;Kartografie - Experte;6267;6099
62361;Verdiensterhebung;SMONAT;Stichmonat;Apr 23;DINSG;Deutschland insgesamt;DG;Deutschland;KB10A5;Berufsgattungen (KB2010), 5-Steller;KB10-32101;Hochbau (oS) - Helfer;2651;2575
62361;Verdiensterhebung;SMONAT;Stichmonat;Apr 23;DINSG;Deutschland insgesamt;DG;Deutschland;KB10A5;Berufsgattungen (KB2010), 5-Steller;KB10-32102;Hochbau (oS) - Fachkraft;3233;3217
62361;Verdiensterhebung;SMONAT;Stichmonat;Apr 23;DINSG;Deutschland insgesamt;DG;Deutschland;KB10A5;Berufsgattungen (KB2010), 5-Steller;KB10-32103;Hochbau (oS) - Spezialist;5314;5203
62361;Verdiensterhebung;SMONAT;Stichmonat;Apr 23;DINSG;Deutschland insgesamt;DG;Deutschland;KB10A5;Berufsgattungen (KB2010), 5-Steller;KB10-32104;Hochbau (oS) - Experte;5680;5131
62361;Verdiensterhebung;SMONAT;Stichmonat;Apr 23;DINSG;Deutschland insgesamt;DG;Deutschland;KB10A5;Berufsgattungen (KB2010), 5-Steller;KB10-32112;Beton- und Stahlbetonbau - Fachkraft;3316;3235
62361;Verdiensterhebung;SMONAT;Stichmonat;Apr 23;DINSG;Deutschland insgesamt;DG;Deutschland;KB10A5;Berufsgattungen (KB2010), 5-Steller;KB10-32113;Beton- und Stahlbetonbau - Spezialist;5265;4763
62361;Verdiensterhebung;SMONAT;Stichmonat;Apr 23;DINSG;Deutschland insgesamt;DG;Deutschland;KB10A5;Berufsgattungen (KB2010), 5-Steller;KB10-32122;Maurerhandwerk - Fachkraft;3266;3327
62361;Verdiensterhebung;SMONAT;Stichmonat;Apr 23;DINSG;Deutschland insgesamt;DG;Deutschland;KB10A5;Berufsgattungen (KB2010), 5-Steller;KB10-32123;Maurerhandwerk - Spezialist;4340;4374
62361;Verdiensterhebung;SMONAT;Stichmonat;Apr 23;DINSG;Deutschland insgesamt;DG;Deutschland;KB10A5;Berufsgattungen (KB2010), 5-Steller;KB10-32132;Schornsteinbau - Fachkraft;3994;4027
62361;Verdiensterhebung;SMONAT;Stichmonat;Apr 23;DINSG;Deutschland insgesamt;DG;Deutschland;KB10A5;Berufsgattungen (KB2010), 5-Steller;KB10-32142;Dachdeckerei - Fachkraft;3043;2865
62361;Verdiensterhebung;SMONAT;Stichmonat;Apr 23;DINSG;Deutschland insgesamt;DG;Deutschland;KB10A5;Berufsgattungen (KB2010), 5-Steller;KB10-32152;Fassadenbau - Fachkraft;/;/
62361;Verdiensterhebung;SMONAT;Stichmonat;Apr 23;DINSG;Deutschland insgesamt;DG;Deutschland;KB10A5;Berufsgattungen (KB2010), 5-Steller;KB10-32162;Gerüstbau - Fachkraft;3548;3441
62361;Verdiensterhebung;SMONAT;Stichmonat;Apr 23;DINSG;Deutschland insgesamt;DG;Deutschland;KB10A5;Berufsgattungen (KB2010), 5-Steller;KB10-32172;Bauwerksabbruch - Fachkraft;2995;2953
62361;Verdiensterhebung;SMONAT;Stichmonat;Apr 23;DINSG;Deutschland insgesamt;DG;Deutschland;KB10A5;Berufsgattungen (KB2010), 5-Steller;KB10-32193;Aufsicht - Hochbau;4681;4588
62361;Verdiensterhebung;SMONAT;Stichmonat;Apr 23;DINSG;Deutschland insgesamt;DG;Deutschland;KB10A5;Berufsgattungen (KB2010), 5-Steller;KB10-32201;Tiefbau (oS) - Helfer;2994;2922
62361;Verdiensterhebung;SMONAT;Stichmonat;Apr 23;DINSG;Deutschland insgesamt;DG;Deutschland;KB10A5;Berufsgattungen (KB2010), 5-Steller;KB10-32202;Tiefbau (oS) - Fachkraft;3399;3300
62361;Verdiensterhebung;SMONAT;Stichmonat;Apr 23;DINSG;Deutschland insgesamt;DG;Deutschland;KB10A5;Berufsgattungen (KB2010), 5-Steller;KB10-32203;Tiefbau (oS) - Spezialist;4399;4000
62361;Verdiensterhebung;SMONAT;Stichmonat;Apr 23;DINSG;Deutschland insgesamt;DG;Deutschland;KB10A5;Berufsgattungen (KB2010), 5-Steller;KB10-32204;Tiefbau (oS) - Experte;6410;6055
62361;Verdiensterhebung;SMONAT;Stichmonat;Apr 23;DINSG;Deutschland insgesamt;DG;Deutschland;KB10A5;Berufsgattungen (KB2010), 5-Steller;KB10-32212;Pflasterer, Steinsetzer - Fachkraft;3026;3008
62361;Verdiensterhebung;SMONAT;Stichmonat;Apr 23;DINSG;Deutschland insgesamt;DG;Deutschland;KB10A5;Berufsgattungen (KB2010), 5-Steller;KB10-32222;Straßen- und Asphaltbau - Fachkraft;3499;3398
62361;Verdiensterhebung;SMONAT;Stichmonat;Apr 23;DINSG;Deutschland insgesamt;DG;Deutschland;KB10A5;Berufsgattungen (KB2010), 5-Steller;KB10-32223;Straßen- und Asphaltbau - Spezialist;5810;5255
62361;Verdiensterhebung;SMONAT;Stichmonat;Apr 23;DINSG;Deutschland insgesamt;DG;Deutschland;KB10A5;Berufsgattungen (KB2010), 5-Steller;KB10-32224;Straßen- und Asphaltbau - Experte;6505;6209
62361;Verdiensterhebung;SMONAT;Stichmonat;Apr 23;DINSG;Deutschland insgesamt;DG;Deutschland;KB10A5;Berufsgattungen (KB2010), 5-Steller;KB10-32232;Gleisbau - Fachkraft;4422;4090
62361;Verdiensterhebung;SMONAT;Stichmonat;Apr 23;DINSG;Deutschland insgesamt;DG;Deutschland;KB10A5;Berufsgattungen (KB2010), 5-Steller;KB10-32233;Gleisbau - Spezialist;6851;6452
62361;Verdiensterhebung;SMONAT;Stichmonat;Apr 23;DINSG;Deutschland insgesamt;DG;Deutschland;KB10A5;Berufsgattungen (KB2010), 5-Steller;KB10-32242;Brunnenbau - Fachkraft;3979;4028
62361;Verdiensterhebung;SMONAT;Stichmonat;Apr 23;DINSG;Deutschland insgesamt;DG;Deutschland;KB10A5;Berufsgattungen (KB2010), 5-Steller;KB10-32243;Brunnenbau - Spezialist;/;/
62361;Verdiensterhebung;SMONAT;Stichmonat;Apr 23;DINSG;Deutschland insgesamt;DG;Deutschland;KB10A5;Berufsgattungen (KB2010), 5-Steller;KB10-32252;Kanal- und Tunnelbau - Fachkraft;3315;3197
62361;Verdiensterhebung;SMONAT;Stichmonat;Apr 23;DINSG;Deutschland insgesamt;DG;Deutschland;KB10A5;Berufsgattungen (KB2010), 5-Steller;KB10-32253;Kanal- und Tunnelbau - Spezialist;4637;4755
62361;Verdiensterhebung;SMONAT;Stichmonat;Apr 23;DINSG;Deutschland insgesamt;DG;Deutschland;KB10A5;Berufsgattungen (KB2010), 5-Steller;KB10-32262;Kultur- und Wasserbau - Fachkraft;3557;3473
62361;Verdiensterhebung;SMONAT;Stichmonat;Apr 23;DINSG;Deutschland insgesamt;DG;Deutschland;KB10A5;Berufsgattungen (KB2010), 5-Steller;KB10-32263;Kultur- und Wasserbau - Spezialist;4819;4682
62361;Verdiensterhebung;SMONAT;Stichmonat;Apr 23;DINSG;Deutschland insgesamt;DG;Deutschland;KB10A5;Berufsgattungen (KB2010), 5-Steller;KB10-32264;Kultur- und Wasserbau - Experte;5876;5400
62361;Verdiensterhebung;SMONAT;Stichmonat;Apr 23;DINSG;Deutschland insgesamt;DG;Deutschland;KB10A5;Berufsgattungen (KB2010), 5-Steller;KB10-32293;Aufsicht - Tiefbau;5544;5260
62361;Verdiensterhebung;SMONAT;Stichmonat;Apr 23;DINSG;Deutschland insgesamt;DG;Deutschland;KB10A5;Berufsgattungen (KB2010), 5-Steller;KB10-33101;Bodenverlegung (oS) - Helfer;2717;2784
62361;Verdiensterhebung;SMONAT;Stichmonat;Apr 23;DINSG;Deutschland insgesamt;DG;Deutschland;KB10A5;Berufsgattungen (KB2010), 5-Steller;KB10-33102;Bodenverlegung (oS) - Fachkraft;2655;2564
62361;Verdiensterhebung;SMONAT;Stichmonat;Apr 23;DINSG;Deutschland insgesamt;DG;Deutschland;KB10A5;Berufsgattungen (KB2010), 5-Steller;KB10-33112;Fliesen-, Platten-, Mosaikverlegung - Fachkraft;3187;3084
62361;Verdiensterhebung;SMONAT;Stichmonat;Apr 23;DINSG;Deutschland insgesamt;DG;Deutschland;KB10A5;Berufsgattungen (KB2010), 5-Steller;KB10-33122;Estrich-, Terrazzoverlegung - Fachkraft;3318;3334
62361;Verdiensterhebung;SMONAT;Stichmonat;Apr 23;DINSG;Deutschland insgesamt;DG;Deutschland;KB10A5;Berufsgattungen (KB2010), 5-Steller;KB10-33132;Parkettverlegung - Fachkraft;3177;3263
62361;Verdiensterhebung;SMONAT;Stichmonat;Apr 23;DINSG;Deutschland insgesamt;DG;Deutschland;KB10A5;Berufsgattungen (KB2010), 5-Steller;KB10-33133;Parkettverlegung - Spezialist;.;.
62361;Verdiensterhebung;SMONAT;Stichmonat;Apr 23;DINSG;Deutschland insgesamt;DG;Deutschland;KB10A5;Berufsgattungen (KB2010), 5-Steller;KB10-33193;Aufsicht - Bodenverlegung;/;/
62361;Verdiensterhebung;SMONAT;Stichmonat;Apr 23;DINSG;Deutschland insgesamt;DG;Deutschland;KB10A5;Berufsgattungen (KB2010), 5-Steller;KB10-33211;Maler-, Lackiererarbeiten - Helfer;2588;2408
62361;Verdiensterhebung;SMONAT;Stichmonat;Apr 23;DINSG;Deutschland insgesamt;DG;Deutschland;KB10A5;Berufsgattungen (KB2010), 5-Steller;KB10-33212;Maler-, Lackiererarbeiten - Fachkraft;2908;2833
62361;Verdiensterhebung;SMONAT;Stichmonat;Apr 23;DINSG;Deutschland insgesamt;DG;Deutschland;KB10A5;Berufsgattungen (KB2010), 5-Steller;KB10-33213;Maler-, Lackiererarbeiten - Spezialist;3021;2975
62361;Verdiensterhebung;SMONAT;Stichmonat;Apr 23;DINSG;Deutschland insgesamt;DG;Deutschland;KB10A5;Berufsgattungen (KB2010), 5-Steller;KB10-33222;Stuckateurarbeiten - Fachkraft;3226;3212
62361;Verdiensterhebung;SMONAT;Stichmonat;Apr 23;DINSG;Deutschland insgesamt;DG;Deutschland;KB10A5;Berufsgattungen (KB2010), 5-Steller;KB10-33223;Stuckateurarbeiten - Spezialist;.;.
62361;Verdiensterhebung;SMONAT;Stichmonat;Apr 23;DINSG;Deutschland insgesamt;DG;Deutschland;KB10A5;Berufsgattungen (KB2010), 5-Steller;KB10-33232;Bauwerksabdichtung - Fachkraft;/;/
62361;Verdiensterhebung;SMONAT;Stichmonat;Apr 23;DINSG;Deutschland insgesamt;DG;Deutschland;KB10A5;Berufsgattungen (KB2010), 5-Steller;KB10-33233;Bauwerksabdichtung - Spezialist;.;.
62361;Verdiensterhebung;SMONAT;Stichmonat;Apr 23;DINSG;Deutschland insgesamt;DG;Deutschland;KB10A5;Berufsgattungen (KB2010), 5-Steller;KB10-33242;Holz- und Bautenschutz - Fachkraft;3673;3366
62361;Verdiensterhebung;SMONAT;Stichmonat;Apr 23;DINSG;Deutschland insgesamt;DG;Deutschland;KB10A5;Berufsgattungen (KB2010), 5-Steller;KB10-33243;Holz- und Bautenschutz - Spezialist;.;.
62361;Verdiensterhebung;SMONAT;Stichmonat;Apr 23;DINSG;Deutschland insgesamt;DG;Deutschland;KB10A5;Berufsgattungen (KB2010), 5-Steller;KB10-33293;Aufsicht - Maler, Stuck., Bauwerksabd., Bautensch.;3981;3603
62361;Verdiensterhebung;SMONAT;Stichmonat;Apr 23;DINSG;Deutschland insgesamt;DG;Deutschland;KB10A5;Berufsgattungen (KB2010), 5-Steller;KB10-33301;Aus- und Trockenbau (oS) - Helfer;2509;2560
62361;Verdiensterhebung;SMONAT;Stichmonat;Apr 23;DINSG;Deutschland insgesamt;DG;Deutschland;KB10A5;Berufsgattungen (KB2010), 5-Steller;KB10-33302;Aus- und Trockenbau (oS) - Fachkraft;2970;2878
62361;Verdiensterhebung;SMONAT;Stichmonat;Apr 23;DINSG;Deutschland insgesamt;DG;Deutschland;KB10A5;Berufsgattungen (KB2010), 5-Steller;KB10-33303;Aus- und Trockenbau (oS) - Spezialist;/;/
62361;Verdiensterhebung;SMONAT;Stichmonat;Apr 23;DINSG;Deutschland insgesamt;DG;Deutschland;KB10A5;Berufsgattungen (KB2010), 5-Steller;KB10-33312;Isolierung - Fachkraft;3487;3389
62361;Verdiensterhebung;SMONAT;Stichmonat;Apr 23;DINSG;Deutschland insgesamt;DG;Deutschland;KB10A5;Berufsgattungen (KB2010), 5-Steller;KB10-33322;Zimmerei - Fachkraft;3378;3353
62361;Verdiensterhebung;SMONAT;Stichmonat;Apr 23;DINSG;Deutschland insgesamt;DG;Deutschland;KB10A5;Berufsgattungen (KB2010), 5-Steller;KB10-33323;Zimmerei - Spezialist;4042;3830
62361;Verdiensterhebung;SMONAT;Stichmonat;Apr 23;DINSG;Deutschland insgesamt;DG;Deutschland;KB10A5;Berufsgattungen (KB2010), 5-Steller;KB10-33332;Bautischlerei - Fachkraft;2985;2900
62361;Verdiensterhebung;SMONAT;Stichmonat;Apr 23;DINSG;Deutschland insgesamt;DG;Deutschland;KB10A5;Berufsgattungen (KB2010), 5-Steller;KB10-33342;Glaserei - Fachkraft;3292;3162
62361;Verdiensterhebung;SMONAT;Stichmonat;Apr 23;DINSG;Deutschland insgesamt;DG;Deutschland;KB10A5;Berufsgattungen (KB2010), 5-Steller;KB10-33352;Rollladen- und Jalousiebau - Fachkraft;2869;2885
62361;Verdiensterhebung;SMONAT;Stichmonat;Apr 23;DINSG;Deutschland insgesamt;DG;Deutschland;KB10A5;Berufsgattungen (KB2010), 5-Steller;KB10-33393;Aufsicht - Aus-, Trockenbau, Isol., Zimm., Glas.;4394;4168
62361;Verdiensterhebung;SMONAT;Stichmonat;Apr 23;DINSG;Deutschland insgesamt;DG;Deutschland;KB10A5;Berufsgattungen (KB2010), 5-Steller;KB10-34102;Gebäudetechnik (oS) - Fachkraft;3025;2963
62361;Verdiensterhebung;SMONAT;Stichmonat;Apr 23;DINSG;Deutschland insgesamt;DG;Deutschland;KB10A5;Berufsgattungen (KB2010), 5-Steller;KB10-34103;Gebäudetechnik (oS) - Spezialist;4006;3815
62361;Verdiensterhebung;SMONAT;Stichmonat;Apr 23;DINSG;Deutschland insgesamt;DG;Deutschland;KB10A5;Berufsgattungen (KB2010), 5-Steller;KB10-34104;Gebäudetechnik (oS) - Experte;6083;5720
62361;Verdiensterhebung;SMONAT;Stichmonat;Apr 23;DINSG;Deutschland insgesamt;DG;Deutschland;KB10A5;Berufsgattungen (KB2010), 5-Steller;KB10-34112;Platz-, Gerätewarte - Fachkraft;2885;2630
62361;Verdiensterhebung;SMONAT;Stichmonat;Apr 23;DINSG;Deutschland insgesamt;DG;Deutschland;KB10A5;Berufsgattungen (KB2010), 5-Steller;KB10-34193;Aufsicht - Gebäudetechnik;4652;4298
62361;Verdiensterhebung;SMONAT;Stichmonat;Apr 23;DINSG;Deutschland insgesamt;DG;Deutschland;KB10A5;Berufsgattungen (KB2010), 5-Steller;KB10-34201;Klempnerei (oS) - Helfer;2776;2540
62361;Verdiensterhebung;SMONAT;Stichmonat;Apr 23;DINSG;Deutschland insgesamt;DG;Deutschland;KB10A5;Berufsgattungen (KB2010), 5-Steller;KB10-34202;Klempnerei (oS) - Fachkraft;3342;3244
62361;Verdiensterhebung;SMONAT;Stichmonat;Apr 23;DINSG;Deutschland insgesamt;DG;Deutschland;KB10A5;Berufsgattungen (KB2010), 5-Steller;KB10-34203;Klempnerei (oS) - Spezialist;4106;4065
62361;Verdiensterhebung;SMONAT;Stichmonat;Apr 23;DINSG;Deutschland insgesamt;DG;Deutschland;KB10A5;Berufsgattungen (KB2010), 5-Steller;KB10-34212;Sanitär-, Heizungs-, Klimatechnik - Fachkraft;3412;3236
62361;Verdiensterhebung;SMONAT;Stichmonat;Apr 23;DINSG;Deutschland insgesamt;DG;Deutschland;KB10A5;Berufsgattungen (KB2010), 5-Steller;KB10-34213;Sanitär-, Heizungs-, Klimatechnik - Spezialist;4038;3514
62361;Verdiensterhebung;SMONAT;Stichmonat;Apr 23;DINSG;Deutschland insgesamt;DG;Deutschland;KB10A5;Berufsgattungen (KB2010), 5-Steller;KB10-34214;Sanitär-, Heizungs-, Klimatechnik - Experte;6057;5471
62361;Verdiensterhebung;SMONAT;Stichmonat;Apr 23;DINSG;Deutschland insgesamt;DG;Deutschland;KB10A5;Berufsgattungen (KB2010), 5-Steller;KB10-34222;Ofen- und Luftheizungsbau - Fachkraft;3860;3743
62361;Verdiensterhebung;SMONAT;Stichmonat;Apr 23;DINSG;Deutschland insgesamt;DG;Deutschland;KB10A5;Berufsgattungen (KB2010), 5-Steller;KB10-34232;Kältetechnik - Fachkraft;3923;3597
62361;Verdiensterhebung;SMONAT;Stichmonat;Apr 23;DINSG;Deutschland insgesamt;DG;Deutschland;KB10A5;Berufsgattungen (KB2010), 5-Steller;KB10-34233;Kältetechnik - Spezialist;4630;4277
62361;Verdiensterhebung;SMONAT;Stichmonat;Apr 23;DINSG;Deutschland insgesamt;DG;Deutschland;KB10A5;Berufsgattungen (KB2010), 5-Steller;KB10-34234;Kältetechnik - Experte;4679;4400
62361;Verdiensterhebung;SMONAT;Stichmonat;Apr 23;DINSG;Deutschland insgesamt;DG;Deutschland;KB10A5;Berufsgattungen (KB2010), 5-Steller;KB10-34293;Aufsicht - Klemp.,Sanitär-,Heizungs-,Klimatechnik;4620;4466
62361;Verdiensterhebung;SMONAT;Stichmonat;Apr 23;DINSG;Deutschland insgesamt;DG;Deutschland;KB10A5;Berufsgattungen (KB2010), 5-Steller;KB10-34301;Ver- und Entsorgung (oS) - Helfer;2977;2969
62361;Verdiensterhebung;SMONAT;Stichmonat;Apr 23;DINSG;Deutschland insgesamt;DG;Deutschland;KB10A5;Berufsgattungen (KB2010), 5-Steller;KB10-34302;Ver- und Entsorgung (oS) - Fachkraft;3804;3523
62361;Verdiensterhebung;SMONAT;Stichmonat;Apr 23;DINSG;Deutschland insgesamt;DG;Deutschland;KB10A5;Berufsgattungen (KB2010), 5-Steller;KB10-34303;Ver- und Entsorgung (oS) - Spezialist;5124;5043
62361;Verdiensterhebung;SMONAT;Stichmonat;Apr 23;DINSG;Deutschland insgesamt;DG;Deutschland;KB10A5;Berufsgattungen (KB2010), 5-Steller;KB10-34304;Ver- und Entsorgung (oS) - Experte;6049;5452
62361;Verdiensterhebung;SMONAT;Stichmonat;Apr 23;DINSG;Deutschland insgesamt;DG;Deutschland;KB10A5;Berufsgattungen (KB2010), 5-Steller;KB10-34312;Wasserversorgung, Abwassertechnik - Fachkraft;3887;3782
62361;Verdiensterhebung;SMONAT;Stichmonat;Apr 23;DINSG;Deutschland insgesamt;DG;Deutschland;KB10A5;Berufsgattungen (KB2010), 5-Steller;KB10-34313;Wasserversorgung, Abwassertechnik - Spezialist;4756;4445
62361;Verdiensterhebung;SMONAT;Stichmonat;Apr 23;DINSG;Deutschland insgesamt;DG;Deutschland;KB10A5;Berufsgattungen (KB2010), 5-Steller;KB10-34314;Wasserversorgung, Abwassertechnik - Experte;6653;7150
62361;Verdiensterhebung;SMONAT;Stichmonat;Apr 23;DINSG;Deutschland insgesamt;DG;Deutschland;KB10A5;Berufsgattungen (KB2010), 5-Steller;KB10-34322;Rohrleitungsbau - Fachkraft;3622;3466
62361;Verdiensterhebung;SMONAT;Stichmonat;Apr 23;DINSG;Deutschland insgesamt;DG;Deutschland;KB10A5;Berufsgattungen (KB2010), 5-Steller;KB10-34323;Rohrleitungsbau - Spezialist;5283;5403
62361;Verdiensterhebung;SMONAT;Stichmonat;Apr 23;DINSG;Deutschland insgesamt;DG;Deutschland;KB10A5;Berufsgattungen (KB2010), 5-Steller;KB10-34324;Rohrleitungsbau - Experte;6325;5892
62361;Verdiensterhebung;SMONAT;Stichmonat;Apr 23;DINSG;Deutschland insgesamt;DG;Deutschland;KB10A5;Berufsgattungen (KB2010), 5-Steller;KB10-34332;Abfallwirtschaft - Fachkraft;3102;2933
62361;Verdiensterhebung;SMONAT;Stichmonat;Apr 23;DINSG;Deutschland insgesamt;DG;Deutschland;KB10A5;Berufsgattungen (KB2010), 5-Steller;KB10-34333;Abfallwirtschaft - Spezialist;3888;4070
62361;Verdiensterhebung;SMONAT;Stichmonat;Apr 23;DINSG;Deutschland insgesamt;DG;Deutschland;KB10A5;Berufsgattungen (KB2010), 5-Steller;KB10-34334;Abfallwirtschaft - Experte;5882;5621
62361;Verdiensterhebung;SMONAT;Stichmonat;Apr 23;DINSG;Deutschland insgesamt;DG;Deutschland;KB10A5;Berufsgattungen (KB2010), 5-Steller;KB10-34342;Anlagen-, Behälter-, Apparatebau - Fachkraft;3784;3527
62361;Verdiensterhebung;SMONAT;Stichmonat;Apr 23;DINSG;Deutschland insgesamt;DG;Deutschland;KB10A5;Berufsgattungen (KB2010), 5-Steller;KB10-34343;Anlagen-, Behälter-, Apparatebau - Spezialist;4979;4786
62361;Verdiensterhebung;SMONAT;Stichmonat;Apr 23;DINSG;Deutschland insgesamt;DG;Deutschland;KB10A5;Berufsgattungen (KB2010), 5-Steller;KB10-34344;Anlagen-, Behälter-, Apparatebau - Experte;6690;6012
62361;Verdiensterhebung;SMONAT;Stichmonat;Apr 23;DINSG;Deutschland insgesamt;DG;Deutschland;KB10A5;Berufsgattungen (KB2010), 5-Steller;KB10-34393;Aufsicht - Ver- und Entsorgung;5337;5142
62361;Verdiensterhebung;SMONAT;Stichmonat;Apr 23;DINSG;Deutschland insgesamt;DG;Deutschland;KB10A5;Berufsgattungen (KB2010), 5-Steller;KB10-41103;Mathematik (oS) - Spezialist;5650;5497
62361;Verdiensterhebung;SMONAT;Stichmonat;Apr 23;DINSG;Deutschland insgesamt;DG;Deutschland;KB10A5;Berufsgattungen (KB2010), 5-Steller;KB10-41104;Mathematik (oS) - Experte;6879;6106
62361;Verdiensterhebung;SMONAT;Stichmonat;Apr 23;DINSG;Deutschland insgesamt;DG;Deutschland;KB10A5;Berufsgattungen (KB2010), 5-Steller;KB10-41114;Statistik - Experte;5701;5382
62361;Verdiensterhebung;SMONAT;Stichmonat;Apr 23;DINSG;Deutschland insgesamt;DG;Deutschland;KB10A5;Berufsgattungen (KB2010), 5-Steller;KB10-41184;Mathematik (ssT) - Experte;6510;6159
62361;Verdiensterhebung;SMONAT;Stichmonat;Apr 23;DINSG;Deutschland insgesamt;DG;Deutschland;KB10A5;Berufsgattungen (KB2010), 5-Steller;KB10-41194;Führung - Mathematik und Statistik;/;/
62361;Verdiensterhebung;SMONAT;Stichmonat;Apr 23;DINSG;Deutschland insgesamt;DG;Deutschland;KB10A5;Berufsgattungen (KB2010), 5-Steller;KB10-41203;Biologie (oS) - Spezialist;4177;4184
62361;Verdiensterhebung;SMONAT;Stichmonat;Apr 23;DINSG;Deutschland insgesamt;DG;Deutschland;KB10A5;Berufsgattungen (KB2010), 5-Steller;KB10-41204;Biologie (oS) - Experte;5745;5545
62361;Verdiensterhebung;SMONAT;Stichmonat;Apr 23;DINSG;Deutschland insgesamt;DG;Deutschland;KB10A5;Berufsgattungen (KB2010), 5-Steller;KB10-41212;Biologisch-techn. Laboratorium - Fachkraft;3960;3680
62361;Verdiensterhebung;SMONAT;Stichmonat;Apr 23;DINSG;Deutschland insgesamt;DG;Deutschland;KB10A5;Berufsgattungen (KB2010), 5-Steller;KB10-41213;Biologisch-techn. Laboratorium - Spezialist;4942;4506
62361;Verdiensterhebung;SMONAT;Stichmonat;Apr 23;DINSG;Deutschland insgesamt;DG;Deutschland;KB10A5;Berufsgattungen (KB2010), 5-Steller;KB10-41214;Biologisch-techn. Laboratorium - Experte;5444;5100
62361;Verdiensterhebung;SMONAT;Stichmonat;Apr 23;DINSG;Deutschland insgesamt;DG;Deutschland;KB10A5;Berufsgattungen (KB2010), 5-Steller;KB10-41222;Biologische Präparation - Fachkraft;3385;3294
62361;Verdiensterhebung;SMONAT;Stichmonat;Apr 23;DINSG;Deutschland insgesamt;DG;Deutschland;KB10A5;Berufsgattungen (KB2010), 5-Steller;KB10-41234;Biologie (Ökologie) - Experte;4884;4499
62361;Verdiensterhebung;SMONAT;Stichmonat;Apr 23;DINSG;Deutschland insgesamt;DG;Deutschland;KB10A5;Berufsgattungen (KB2010), 5-Steller;KB10-41244;Biologie (Botanik) - Experte;/;/
62361;Verdiensterhebung;SMONAT;Stichmonat;Apr 23;DINSG;Deutschland insgesamt;DG;Deutschland;KB10A5;Berufsgattungen (KB2010), 5-Steller;KB10-41254;Biologie (Zoologie) - Experte;5166;4911
62361;Verdiensterhebung;SMONAT;Stichmonat;Apr 23;DINSG;Deutschland insgesamt;DG;Deutschland;KB10A5;Berufsgattungen (KB2010), 5-Steller;KB10-41264;Biologie (Mikrobiologie) - Experte;6043;5240
62361;Verdiensterhebung;SMONAT;Stichmonat;Apr 23;DINSG;Deutschland insgesamt;DG;Deutschland;KB10A5;Berufsgattungen (KB2010), 5-Steller;KB10-41274;Biologie (Humanbiologie) - Experte;6240;5703
62361;Verdiensterhebung;SMONAT;Stichmonat;Apr 23;DINSG;Deutschland insgesamt;DG;Deutschland;KB10A5;Berufsgattungen (KB2010), 5-Steller;KB10-41283;Biologie (ssT) - Spezialist;5400;5314
62361;Verdiensterhebung;SMONAT;Stichmonat;Apr 23;DINSG;Deutschland insgesamt;DG;Deutschland;KB10A5;Berufsgattungen (KB2010), 5-Steller;KB10-41284;Biologie (ssT) - Experte;5501;5216
62361;Verdiensterhebung;SMONAT;Stichmonat;Apr 23;DINSG;Deutschland insgesamt;DG;Deutschland;KB10A5;Berufsgattungen (KB2010), 5-Steller;KB10-41293;Aufsicht - Biologie;6004;5881
62361;Verdiensterhebung;SMONAT;Stichmonat;Apr 23;DINSG;Deutschland insgesamt;DG;Deutschland;KB10A5;Berufsgattungen (KB2010), 5-Steller;KB10-41294;Führung - Biologie;/;/
62361;Verdiensterhebung;SMONAT;Stichmonat;Apr 23;DINSG;Deutschland insgesamt;DG;Deutschland;KB10A5;Berufsgattungen (KB2010), 5-Steller;KB10-41303;Chemie (oS) - Spezialist;5522;5501
62361;Verdiensterhebung;SMONAT;Stichmonat;Apr 23;DINSG;Deutschland insgesamt;DG;Deutschland;KB10A5;Berufsgattungen (KB2010), 5-Steller;KB10-41304;Chemie (oS) - Experte;8136;7007
62361;Verdiensterhebung;SMONAT;Stichmonat;Apr 23;DINSG;Deutschland insgesamt;DG;Deutschland;KB10A5;Berufsgattungen (KB2010), 5-Steller;KB10-41311;Chemie- und Pharmatechnik - Helfer;3382;3200
62361;Verdiensterhebung;SMONAT;Stichmonat;Apr 23;DINSG;Deutschland insgesamt;DG;Deutschland;KB10A5;Berufsgattungen (KB2010), 5-Steller;KB10-41312;Chemie- und Pharmatechnik - Fachkraft;4652;4405
62361;Verdiensterhebung;SMONAT;Stichmonat;Apr 23;DINSG;Deutschland insgesamt;DG;Deutschland;KB10A5;Berufsgattungen (KB2010), 5-Steller;KB10-41313;Chemie- und Pharmatechnik - Spezialist;6110;5732
62361;Verdiensterhebung;SMONAT;Stichmonat;Apr 23;DINSG;Deutschland insgesamt;DG;Deutschland;KB10A5;Berufsgattungen (KB2010), 5-Steller;KB10-41314;Chemie- und Pharmatechnik - Experte;7164;6635
62361;Verdiensterhebung;SMONAT;Stichmonat;Apr 23;DINSG;Deutschland insgesamt;DG;Deutschland;KB10A5;Berufsgattungen (KB2010), 5-Steller;KB10-41322;Chemisch-techn. Laboratorium - Fachkraft;4189;3928
62361;Verdiensterhebung;SMONAT;Stichmonat;Apr 23;DINSG;Deutschland insgesamt;DG;Deutschland;KB10A5;Berufsgattungen (KB2010), 5-Steller;KB10-41323;Chemisch-techn. Laboratorium - Spezialist;5000;4895
62361;Verdiensterhebung;SMONAT;Stichmonat;Apr 23;DINSG;Deutschland insgesamt;DG;Deutschland;KB10A5;Berufsgattungen (KB2010), 5-Steller;KB10-41324;Chemisch-techn. Laboratorium - Experte;5609;5110
62361;Verdiensterhebung;SMONAT;Stichmonat;Apr 23;DINSG;Deutschland insgesamt;DG;Deutschland;KB10A5;Berufsgattungen (KB2010), 5-Steller;KB10-41333;Steuerer chem. Verfahrensanlagen - Spezialist;3974;3708
62361;Verdiensterhebung;SMONAT;Stichmonat;Apr 23;DINSG;Deutschland insgesamt;DG;Deutschland;KB10A5;Berufsgattungen (KB2010), 5-Steller;KB10-41343;Steuerer Erdöl-, Erdgasraffin.anlagen - Spezialist;7220;6904
62361;Verdiensterhebung;SMONAT;Stichmonat;Apr 23;DINSG;Deutschland insgesamt;DG;Deutschland;KB10A5;Berufsgattungen (KB2010), 5-Steller;KB10-41383;Chemie (ssT) - Spezialist;5408;5264
62361;Verdiensterhebung;SMONAT;Stichmonat;Apr 23;DINSG;Deutschland insgesamt;DG;Deutschland;KB10A5;Berufsgattungen (KB2010), 5-Steller;KB10-41384;Chemie (ssT) - Experte;5468;4919
62361;Verdiensterhebung;SMONAT;Stichmonat;Apr 23;DINSG;Deutschland insgesamt;DG;Deutschland;KB10A5;Berufsgattungen (KB2010), 5-Steller;KB10-41393;Aufsicht - Chemie;6953;6571
62361;Verdiensterhebung;SMONAT;Stichmonat;Apr 23;DINSG;Deutschland insgesamt;DG;Deutschland;KB10A5;Berufsgattungen (KB2010), 5-Steller;KB10-41394;Führung - Chemie;8341;8065
62361;Verdiensterhebung;SMONAT;Stichmonat;Apr 23;DINSG;Deutschland insgesamt;DG;Deutschland;KB10A5;Berufsgattungen (KB2010), 5-Steller;KB10-41403;Physik (oS) - Spezialist;4509;4535
62361;Verdiensterhebung;SMONAT;Stichmonat;Apr 23;DINSG;Deutschland insgesamt;DG;Deutschland;KB10A5;Berufsgattungen (KB2010), 5-Steller;KB10-41404;Physik (oS) - Experte;5992;5870
62361;Verdiensterhebung;SMONAT;Stichmonat;Apr 23;DINSG;Deutschland insgesamt;DG;Deutschland;KB10A5;Berufsgattungen (KB2010), 5-Steller;KB10-41412;Physikalisch-techn. Laboratorium - Fachkraft;4340;4027
62361;Verdiensterhebung;SMONAT;Stichmonat;Apr 23;DINSG;Deutschland insgesamt;DG;Deutschland;KB10A5;Berufsgattungen (KB2010), 5-Steller;KB10-41413;Physikalisch-techn. Laboratorium - Spezialist;5242;4891
62361;Verdiensterhebung;SMONAT;Stichmonat;Apr 23;DINSG;Deutschland insgesamt;DG;Deutschland;KB10A5;Berufsgattungen (KB2010), 5-Steller;KB10-41414;Physikalisch-techn. Laboratorium - Experte;6508;6000
62361;Verdiensterhebung;SMONAT;Stichmonat;Apr 23;DINSG;Deutschland insgesamt;DG;Deutschland;KB10A5;Berufsgattungen (KB2010), 5-Steller;KB10-41422;Werkstofftechnik - Fachkraft;4034;3888
62361;Verdiensterhebung;SMONAT;Stichmonat;Apr 23;DINSG;Deutschland insgesamt;DG;Deutschland;KB10A5;Berufsgattungen (KB2010), 5-Steller;KB10-41423;Werkstofftechnik - Spezialist;5408;5268
62361;Verdiensterhebung;SMONAT;Stichmonat;Apr 23;DINSG;Deutschland insgesamt;DG;Deutschland;KB10A5;Berufsgattungen (KB2010), 5-Steller;KB10-41424;Werkstofftechnik - Experte;6173;6000
62361;Verdiensterhebung;SMONAT;Stichmonat;Apr 23;DINSG;Deutschland insgesamt;DG;Deutschland;KB10A5;Berufsgattungen (KB2010), 5-Steller;KB10-41432;Baustoffprüfung - Fachkraft;3777;3603
62361;Verdiensterhebung;SMONAT;Stichmonat;Apr 23;DINSG;Deutschland insgesamt;DG;Deutschland;KB10A5;Berufsgattungen (KB2010), 5-Steller;KB10-41433;Baustoffprüfung - Spezialist;4758;4723
62361;Verdiensterhebung;SMONAT;Stichmonat;Apr 23;DINSG;Deutschland insgesamt;DG;Deutschland;KB10A5;Berufsgattungen (KB2010), 5-Steller;KB10-41434;Baustoffprüfung - Experte;4852;4409
62361;Verdiensterhebung;SMONAT;Stichmonat;Apr 23;DINSG;Deutschland insgesamt;DG;Deutschland;KB10A5;Berufsgattungen (KB2010), 5-Steller;KB10-41482;Physik (ssT) - Fachkraft;5549;4881
62361;Verdiensterhebung;SMONAT;Stichmonat;Apr 23;DINSG;Deutschland insgesamt;DG;Deutschland;KB10A5;Berufsgattungen (KB2010), 5-Steller;KB10-41483;Physik (ssT) - Spezialist;4297;4311
62361;Verdiensterhebung;SMONAT;Stichmonat;Apr 23;DINSG;Deutschland insgesamt;DG;Deutschland;KB10A5;Berufsgattungen (KB2010), 5-Steller;KB10-41484;Physik (ssT) - Experte;6100;5962
62361;Verdiensterhebung;SMONAT;Stichmonat;Apr 23;DINSG;Deutschland insgesamt;DG;Deutschland;KB10A5;Berufsgattungen (KB2010), 5-Steller;KB10-41493;Aufsicht - Physik;7041;6209
62361;Verdiensterhebung;SMONAT;Stichmonat;Apr 23;DINSG;Deutschland insgesamt;DG;Deutschland;KB10A5;Berufsgattungen (KB2010), 5-Steller;KB10-41494;Führung - Physik;6798;6118
62361;Verdiensterhebung;SMONAT;Stichmonat;Apr 23;DINSG;Deutschland insgesamt;DG;Deutschland;KB10A5;Berufsgattungen (KB2010), 5-Steller;KB10-42112;Geotechnik - Fachkraft;3598;3600
62361;Verdiensterhebung;SMONAT;Stichmonat;Apr 23;DINSG;Deutschland insgesamt;DG;Deutschland;KB10A5;Berufsgattungen (KB2010), 5-Steller;KB10-42113;Geotechnik - Spezialist;4608;4042
62361;Verdiensterhebung;SMONAT;Stichmonat;Apr 23;DINSG;Deutschland insgesamt;DG;Deutschland;KB10A5;Berufsgattungen (KB2010), 5-Steller;KB10-42114;Geotechnik - Experte;6073;5074
62361;Verdiensterhebung;SMONAT;Stichmonat;Apr 23;DINSG;Deutschland insgesamt;DG;Deutschland;KB10A5;Berufsgattungen (KB2010), 5-Steller;KB10-42124;Geologie - Experte;6035;5330
62361;Verdiensterhebung;SMONAT;Stichmonat;Apr 23;DINSG;Deutschland insgesamt;DG;Deutschland;KB10A5;Berufsgattungen (KB2010), 5-Steller;KB10-42134;Geografie - Experte;4646;4350
62361;Verdiensterhebung;SMONAT;Stichmonat;Apr 23;DINSG;Deutschland insgesamt;DG;Deutschland;KB10A5;Berufsgattungen (KB2010), 5-Steller;KB10-42142;Meteorologie - Fachkraft;3648;3554
62361;Verdiensterhebung;SMONAT;Stichmonat;Apr 23;DINSG;Deutschland insgesamt;DG;Deutschland;KB10A5;Berufsgattungen (KB2010), 5-Steller;KB10-42143;Meteorologie - Spezialist;4650;4678
62361;Verdiensterhebung;SMONAT;Stichmonat;Apr 23;DINSG;Deutschland insgesamt;DG;Deutschland;KB10A5;Berufsgattungen (KB2010), 5-Steller;KB10-42144;Meteorologie - Experte;5858;5696
62361;Verdiensterhebung;SMONAT;Stichmonat;Apr 23;DINSG;Deutschland insgesamt;DG;Deutschland;KB10A5;Berufsgattungen (KB2010), 5-Steller;KB10-42202;Umweltschutztechnik (oS) - Fachkraft;4115;3794
62361;Verdiensterhebung;SMONAT;Stichmonat;Apr 23;DINSG;Deutschland insgesamt;DG;Deutschland;KB10A5;Berufsgattungen (KB2010), 5-Steller;KB10-42203;Umweltschutztechnik (oS) - Spezialist;4637;4691
62361;Verdiensterhebung;SMONAT;Stichmonat;Apr 23;DINSG;Deutschland insgesamt;DG;Deutschland;KB10A5;Berufsgattungen (KB2010), 5-Steller;KB10-42204;Umweltschutztechnik (oS) - Experte;5397;5150
62361;Verdiensterhebung;SMONAT;Stichmonat;Apr 23;DINSG;Deutschland insgesamt;DG;Deutschland;KB10A5;Berufsgattungen (KB2010), 5-Steller;KB10-42212;Schornsteinfeger - Fachkraft;3572;3655
62361;Verdiensterhebung;SMONAT;Stichmonat;Apr 23;DINSG;Deutschland insgesamt;DG;Deutschland;KB10A5;Berufsgattungen (KB2010), 5-Steller;KB10-42283;Umweltschutztechnik (ssT) - Spezialist;5008;4567
62361;Verdiensterhebung;SMONAT;Stichmonat;Apr 23;DINSG;Deutschland insgesamt;DG;Deutschland;KB10A5;Berufsgattungen (KB2010), 5-Steller;KB10-42293;Aufsicht - Umweltschutztechnik;6188;6857
62361;Verdiensterhebung;SMONAT;Stichmonat;Apr 23;DINSG;Deutschland insgesamt;DG;Deutschland;KB10A5;Berufsgattungen (KB2010), 5-Steller;KB10-42312;Umweltschutzverwaltung, -beratung - Fachkraft;/;/
62361;Verdiensterhebung;SMONAT;Stichmonat;Apr 23;DINSG;Deutschland insgesamt;DG;Deutschland;KB10A5;Berufsgattungen (KB2010), 5-Steller;KB10-42313;Umweltschutzverwaltung, -beratung - Spezialist;4778;4635
62361;Verdiensterhebung;SMONAT;Stichmonat;Apr 23;DINSG;Deutschland insgesamt;DG;Deutschland;KB10A5;Berufsgattungen (KB2010), 5-Steller;KB10-42314;Umweltschutzverwaltung, -beratung - Experte;5701;5725
62361;Verdiensterhebung;SMONAT;Stichmonat;Apr 23;DINSG;Deutschland insgesamt;DG;Deutschland;KB10A5;Berufsgattungen (KB2010), 5-Steller;KB10-42323;Gewässer-,Immissionssch.-,Abfallbeauf. -Spezialist;/;/
62361;Verdiensterhebung;SMONAT;Stichmonat;Apr 23;DINSG;Deutschland insgesamt;DG;Deutschland;KB10A5;Berufsgattungen (KB2010), 5-Steller;KB10-42324;Gewässer-,Immissionssch.-,Abfallbeauf. -Experte;5115;4913
62361;Verdiensterhebung;SMONAT;Stichmonat;Apr 23;DINSG;Deutschland insgesamt;DG;Deutschland;KB10A5;Berufsgattungen (KB2010), 5-Steller;KB10-42333;Strahlenschutzbeauftragte - Spezialist;4372;3976
62361;Verdiensterhebung;SMONAT;Stichmonat;Apr 23;DINSG;Deutschland insgesamt;DG;Deutschland;KB10A5;Berufsgattungen (KB2010), 5-Steller;KB10-42334;Strahlenschutzbeauftragte - Experte;4798;4344
62361;Verdiensterhebung;SMONAT;Stichmonat;Apr 23;DINSG;Deutschland insgesamt;DG;Deutschland;KB10A5;Berufsgattungen (KB2010), 5-Steller;KB10-42394;Führung - Umweltmanagement und -beratung;10753;10000
62361;Verdiensterhebung;SMONAT;Stichmonat;Apr 23;DINSG;Deutschland insgesamt;DG;Deutschland;KB10A5;Berufsgattungen (KB2010), 5-Steller;KB10-43102;Informatik (oS) - Fachkraft;4997;4545
62361;Verdiensterhebung;SMONAT;Stichmonat;Apr 23;DINSG;Deutschland insgesamt;DG;Deutschland;KB10A5;Berufsgattungen (KB2010), 5-Steller;KB10-43103;Informatik (oS) - Spezialist;6623;6304
62361;Verdiensterhebung;SMONAT;Stichmonat;Apr 23;DINSG;Deutschland insgesamt;DG;Deutschland;KB10A5;Berufsgattungen (KB2010), 5-Steller;KB10-43104;Informatik (oS) - Experte;6334;5998
62361;Verdiensterhebung;SMONAT;Stichmonat;Apr 23;DINSG;Deutschland insgesamt;DG;Deutschland;KB10A5;Berufsgattungen (KB2010), 5-Steller;KB10-43112;Wirtschaftsinformatik - Fachkraft;5158;4441
62361;Verdiensterhebung;SMONAT;Stichmonat;Apr 23;DINSG;Deutschland insgesamt;DG;Deutschland;KB10A5;Berufsgattungen (KB2010), 5-Steller;KB10-43113;Wirtschaftsinformatik - Spezialist;5565;5427
62361;Verdiensterhebung;SMONAT;Stichmonat;Apr 23;DINSG;Deutschland insgesamt;DG;Deutschland;KB10A5;Berufsgattungen (KB2010), 5-Steller;KB10-43114;Wirtschaftsinformatik - Experte;6334;5769
62361;Verdiensterhebung;SMONAT;Stichmonat;Apr 23;DINSG;Deutschland insgesamt;DG;Deutschland;KB10A5;Berufsgattungen (KB2010), 5-Steller;KB10-43122;Technische Informatik - Fachkraft;4968;4695
62361;Verdiensterhebung;SMONAT;Stichmonat;Apr 23;DINSG;Deutschland insgesamt;DG;Deutschland;KB10A5;Berufsgattungen (KB2010), 5-Steller;KB10-43123;Technische Informatik - Spezialist;4590;4170
62361;Verdiensterhebung;SMONAT;Stichmonat;Apr 23;DINSG;Deutschland insgesamt;DG;Deutschland;KB10A5;Berufsgattungen (KB2010), 5-Steller;KB10-43124;Technische Informatik - Experte;5861;5535
62361;Verdiensterhebung;SMONAT;Stichmonat;Apr 23;DINSG;Deutschland insgesamt;DG;Deutschland;KB10A5;Berufsgattungen (KB2010), 5-Steller;KB10-43134;Bio-, Medizininformatik - Experte;5969;5545
62361;Verdiensterhebung;SMONAT;Stichmonat;Apr 23;DINSG;Deutschland insgesamt;DG;Deutschland;KB10A5;Berufsgattungen (KB2010), 5-Steller;KB10-43144;Geoinformatik - Experte;4430;4200
62361;Verdiensterhebung;SMONAT;Stichmonat;Apr 23;DINSG;Deutschland insgesamt;DG;Deutschland;KB10A5;Berufsgattungen (KB2010), 5-Steller;KB10-43152;Medieninformatik - Fachkraft;4093;3769
62361;Verdiensterhebung;SMONAT;Stichmonat;Apr 23;DINSG;Deutschland insgesamt;DG;Deutschland;KB10A5;Berufsgattungen (KB2010), 5-Steller;KB10-43153;Medieninformatik - Spezialist;/;/
62361;Verdiensterhebung;SMONAT;Stichmonat;Apr 23;DINSG;Deutschland insgesamt;DG;Deutschland;KB10A5;Berufsgattungen (KB2010), 5-Steller;KB10-43154;Medieninformatik - Experte;4758;4500
62361;Verdiensterhebung;SMONAT;Stichmonat;Apr 23;DINSG;Deutschland insgesamt;DG;Deutschland;KB10A5;Berufsgattungen (KB2010), 5-Steller;KB10-43194;Führung - Informatik;10336;9575
62361;Verdiensterhebung;SMONAT;Stichmonat;Apr 23;DINSG;Deutschland insgesamt;DG;Deutschland;KB10A5;Berufsgattungen (KB2010), 5-Steller;KB10-43214;IT-Systemanalyse - Experte;6234;6065
62361;Verdiensterhebung;SMONAT;Stichmonat;Apr 23;DINSG;Deutschland insgesamt;DG;Deutschland;KB10A5;Berufsgattungen (KB2010), 5-Steller;KB10-43223;IT-Anwendungsberatung - Spezialist;5833;5427
62361;Verdiensterhebung;SMONAT;Stichmonat;Apr 23;DINSG;Deutschland insgesamt;DG;Deutschland;KB10A5;Berufsgattungen (KB2010), 5-Steller;KB10-43224;IT-Anwendungsberatung - Experte;6037;5708
62361;Verdiensterhebung;SMONAT;Stichmonat;Apr 23;DINSG;Deutschland insgesamt;DG;Deutschland;KB10A5;Berufsgattungen (KB2010), 5-Steller;KB10-43232;IT-Vertrieb - Fachkraft;5098;4410
62361;Verdiensterhebung;SMONAT;Stichmonat;Apr 23;DINSG;Deutschland insgesamt;DG;Deutschland;KB10A5;Berufsgattungen (KB2010), 5-Steller;KB10-43233;IT-Vertrieb - Spezialist;6356;5390
62361;Verdiensterhebung;SMONAT;Stichmonat;Apr 23;DINSG;Deutschland insgesamt;DG;Deutschland;KB10A5;Berufsgattungen (KB2010), 5-Steller;KB10-43294;Führung - IT-Systemanalyse, -Anwendung, -Vertrieb;8686;7898
62361;Verdiensterhebung;SMONAT;Stichmonat;Apr 23;DINSG;Deutschland insgesamt;DG;Deutschland;KB10A5;Berufsgattungen (KB2010), 5-Steller;KB10-43312;IT-Netzwerktechnik - Fachkraft;/;/
62361;Verdiensterhebung;SMONAT;Stichmonat;Apr 23;DINSG;Deutschland insgesamt;DG;Deutschland;KB10A5;Berufsgattungen (KB2010), 5-Steller;KB10-43313;IT-Netzwerktechnik - Spezialist;5646;5427
62361;Verdiensterhebung;SMONAT;Stichmonat;Apr 23;DINSG;Deutschland insgesamt;DG;Deutschland;KB10A5;Berufsgattungen (KB2010), 5-Steller;KB10-43314;IT-Netzwerktechnik - Experte;6228;5452
62361;Verdiensterhebung;SMONAT;Stichmonat;Apr 23;DINSG;Deutschland insgesamt;DG;Deutschland;KB10A5;Berufsgattungen (KB2010), 5-Steller;KB10-43323;IT-Koordination - Spezialist;5517;5333
62361;Verdiensterhebung;SMONAT;Stichmonat;Apr 23;DINSG;Deutschland insgesamt;DG;Deutschland;KB10A5;Berufsgattungen (KB2010), 5-Steller;KB10-43333;IT-Organisation - Spezialist;5697;5359
62361;Verdiensterhebung;SMONAT;Stichmonat;Apr 23;DINSG;Deutschland insgesamt;DG;Deutschland;KB10A5;Berufsgattungen (KB2010), 5-Steller;KB10-43343;IT-Systemadministation - Spezialist;5117;4885
62361;Verdiensterhebung;SMONAT;Stichmonat;Apr 23;DINSG;Deutschland insgesamt;DG;Deutschland;KB10A5;Berufsgattungen (KB2010), 5-Steller;KB10-43353;Datenbankentwicklung, -administration - Spezialist;5828;5483
62361;Verdiensterhebung;SMONAT;Stichmonat;Apr 23;DINSG;Deutschland insgesamt;DG;Deutschland;KB10A5;Berufsgattungen (KB2010), 5-Steller;KB10-43363;Webadministration - Spezialist;5465;5255
62361;Verdiensterhebung;SMONAT;Stichmonat;Apr 23;DINSG;Deutschland insgesamt;DG;Deutschland;KB10A5;Berufsgattungen (KB2010), 5-Steller;KB10-43383;IT-Netzwerk,Koord.,Admin.,Org. (ssT) - Spezialist;6007;5795
62361;Verdiensterhebung;SMONAT;Stichmonat;Apr 23;DINSG;Deutschland insgesamt;DG;Deutschland;KB10A5;Berufsgattungen (KB2010), 5-Steller;KB10-43384;IT-Netzwerk,Koord.,Admin.,Org. (ssT) - Experte;6337;5801
62361;Verdiensterhebung;SMONAT;Stichmonat;Apr 23;DINSG;Deutschland insgesamt;DG;Deutschland;KB10A5;Berufsgattungen (KB2010), 5-Steller;KB10-43394;Führung - IT-Netzwerk,-Koord.,-Admin.,-Org.;7875;7285
62361;Verdiensterhebung;SMONAT;Stichmonat;Apr 23;DINSG;Deutschland insgesamt;DG;Deutschland;KB10A5;Berufsgattungen (KB2010), 5-Steller;KB10-43412;Softwareentwicklung - Fachkraft;4648;4400
62361;Verdiensterhebung;SMONAT;Stichmonat;Apr 23;DINSG;Deutschland insgesamt;DG;Deutschland;KB10A5;Berufsgattungen (KB2010), 5-Steller;KB10-43413;Softwareentwicklung - Spezialist;6025;5808
62361;Verdiensterhebung;SMONAT;Stichmonat;Apr 23;DINSG;Deutschland insgesamt;DG;Deutschland;KB10A5;Berufsgattungen (KB2010), 5-Steller;KB10-43414;Softwareentwicklung - Experte;5881;5635
62361;Verdiensterhebung;SMONAT;Stichmonat;Apr 23;DINSG;Deutschland insgesamt;DG;Deutschland;KB10A5;Berufsgattungen (KB2010), 5-Steller;KB10-43423;Programmierung - Spezialist;5313;4980
62361;Verdiensterhebung;SMONAT;Stichmonat;Apr 23;DINSG;Deutschland insgesamt;DG;Deutschland;KB10A5;Berufsgattungen (KB2010), 5-Steller;KB10-43494;Führung - Softwareentwicklung, Programmierung;8080;7787
62361;Verdiensterhebung;SMONAT;Stichmonat;Apr 23;DINSG;Deutschland insgesamt;DG;Deutschland;KB10A5;Berufsgattungen (KB2010), 5-Steller;KB10-51112;Technischer Eisenbahnbetrieb - Fachkraft;2891;3090
62361;Verdiensterhebung;SMONAT;Stichmonat;Apr 23;DINSG;Deutschland insgesamt;DG;Deutschland;KB10A5;Berufsgattungen (KB2010), 5-Steller;KB10-51113;Technischer Eisenbahnbetrieb - Spezialist;3693;3390
62361;Verdiensterhebung;SMONAT;Stichmonat;Apr 23;DINSG;Deutschland insgesamt;DG;Deutschland;KB10A5;Berufsgattungen (KB2010), 5-Steller;KB10-51122;Technischer Luftverkehrsbetrieb - Fachkraft;4209;3749
62361;Verdiensterhebung;SMONAT;Stichmonat;Apr 23;DINSG;Deutschland insgesamt;DG;Deutschland;KB10A5;Berufsgattungen (KB2010), 5-Steller;KB10-51123;Technischer Luftverkehrsbetrieb - Spezialist;5477;5404
62361;Verdiensterhebung;SMONAT;Stichmonat;Apr 23;DINSG;Deutschland insgesamt;DG;Deutschland;KB10A5;Berufsgattungen (KB2010), 5-Steller;KB10-51132;Technischer Schiffsverkehrsbetrieb - Fachkraft;3539;3460
62361;Verdiensterhebung;SMONAT;Stichmonat;Apr 23;DINSG;Deutschland insgesamt;DG;Deutschland;KB10A5;Berufsgattungen (KB2010), 5-Steller;KB10-51133;Technischer Schiffsverkehrsbetrieb - Spezialist;6602;6318
62361;Verdiensterhebung;SMONAT;Stichmonat;Apr 23;DINSG;Deutschland insgesamt;DG;Deutschland;KB10A5;Berufsgattungen (KB2010), 5-Steller;KB10-51134;Technischer Schiffsverkehrsbetrieb - Experte;6774;6762
62361;Verdiensterhebung;SMONAT;Stichmonat;Apr 23;DINSG;Deutschland insgesamt;DG;Deutschland;KB10A5;Berufsgattungen (KB2010), 5-Steller;KB10-51182;Techn.Bet.Eisenb.,Luft.,Schiffsv.(ssT)- Fachkraft;/;/
62361;Verdiensterhebung;SMONAT;Stichmonat;Apr 23;DINSG;Deutschland insgesamt;DG;Deutschland;KB10A5;Berufsgattungen (KB2010), 5-Steller;KB10-51183;Techn.Bet.Eisenb.,Luft.,Schiffsv.(ssT)- Spezialist;.;.
62361;Verdiensterhebung;SMONAT;Stichmonat;Apr 23;DINSG;Deutschland insgesamt;DG;Deutschland;KB10A5;Berufsgattungen (KB2010), 5-Steller;KB10-51193;Aufsicht - Techn. Betr. Eisenbahn-,Luft-,Schiffsv.;/;/
62361;Verdiensterhebung;SMONAT;Stichmonat;Apr 23;DINSG;Deutschland insgesamt;DG;Deutschland;KB10A5;Berufsgattungen (KB2010), 5-Steller;KB10-51212;Straßen-, Tunnelwärter - Fachkraft;3784;3700
62361;Verdiensterhebung;SMONAT;Stichmonat;Apr 23;DINSG;Deutschland insgesamt;DG;Deutschland;KB10A5;Berufsgattungen (KB2010), 5-Steller;KB10-51222;Wartung Eisenbahninfrastruktur - Fachkraft;3246;3057
62361;Verdiensterhebung;SMONAT;Stichmonat;Apr 23;DINSG;Deutschland insgesamt;DG;Deutschland;KB10A5;Berufsgattungen (KB2010), 5-Steller;KB10-51223;Wartung Eisenbahninfrastruktur - Spezialist;4480;4350
62361;Verdiensterhebung;SMONAT;Stichmonat;Apr 23;DINSG;Deutschland insgesamt;DG;Deutschland;KB10A5;Berufsgattungen (KB2010), 5-Steller;KB10-51224;Wartung Eisenbahninfrastruktur - Experte;5391;4730
62361;Verdiensterhebung;SMONAT;Stichmonat;Apr 23;DINSG;Deutschland insgesamt;DG;Deutschland;KB10A5;Berufsgattungen (KB2010), 5-Steller;KB10-51233;Flugsicherungstechnik - Spezialist;8123;9214
62361;Verdiensterhebung;SMONAT;Stichmonat;Apr 23;DINSG;Deutschland insgesamt;DG;Deutschland;KB10A5;Berufsgattungen (KB2010), 5-Steller;KB10-51234;Flugsicherungstechnik - Experte;8602;8961
62361;Verdiensterhebung;SMONAT;Stichmonat;Apr 23;DINSG;Deutschland insgesamt;DG;Deutschland;KB10A5;Berufsgattungen (KB2010), 5-Steller;KB10-51242;Wasserstraßen-, Brückenwärter - Fachkraft;4401;4632
62361;Verdiensterhebung;SMONAT;Stichmonat;Apr 23;DINSG;Deutschland insgesamt;DG;Deutschland;KB10A5;Berufsgattungen (KB2010), 5-Steller;KB10-51243;Wasserstraßen-, Brückenwärter - Spezialist;4251;4139
62361;Verdiensterhebung;SMONAT;Stichmonat;Apr 23;DINSG;Deutschland insgesamt;DG;Deutschland;KB10A5;Berufsgattungen (KB2010), 5-Steller;KB10-51293;Aufsicht - Überwach.,Wartung Verkehrsinfrastruktur;3963;3686
62361;Verdiensterhebung;SMONAT;Stichmonat;Apr 23;DINSG;Deutschland insgesamt;DG;Deutschland;KB10A5;Berufsgattungen (KB2010), 5-Steller;KB10-51311;Lagerwirtschaft - Helfer;2776;2649
62361;Verdiensterhebung;SMONAT;Stichmonat;Apr 23;DINSG;Deutschland insgesamt;DG;Deutschland;KB10A5;Berufsgattungen (KB2010), 5-Steller;KB10-51312;Lagerwirtschaft - Fachkraft;3160;2981
62361;Verdiensterhebung;SMONAT;Stichmonat;Apr 23;DINSG;Deutschland insgesamt;DG;Deutschland;KB10A5;Berufsgattungen (KB2010), 5-Steller;KB10-51321;Post- und Zustelldienste - Helfer;2914;2659
62361;Verdiensterhebung;SMONAT;Stichmonat;Apr 23;DINSG;Deutschland insgesamt;DG;Deutschland;KB10A5;Berufsgattungen (KB2010), 5-Steller;KB10-51322;Post- und Zustelldienste - Fachkraft;3591;3542
62361;Verdiensterhebung;SMONAT;Stichmonat;Apr 23;DINSG;Deutschland insgesamt;DG;Deutschland;KB10A5;Berufsgattungen (KB2010), 5-Steller;KB10-51332;Güter- und Warenumschlag - Fachkraft;3712;3299
62361;Verdiensterhebung;SMONAT;Stichmonat;Apr 23;DINSG;Deutschland insgesamt;DG;Deutschland;KB10A5;Berufsgattungen (KB2010), 5-Steller;KB10-51393;Aufsicht - Lagerwirt.,Post,Zustellung,Güterumsch.;4279;4011
62361;Verdiensterhebung;SMONAT;Stichmonat;Apr 23;DINSG;Deutschland insgesamt;DG;Deutschland;KB10A5;Berufsgattungen (KB2010), 5-Steller;KB10-51394;Führung - Lagerwirt.,Post,Zustellung,Güterumsch.;4703;4332
62361;Verdiensterhebung;SMONAT;Stichmonat;Apr 23;DINSG;Deutschland insgesamt;DG;Deutschland;KB10A5;Berufsgattungen (KB2010), 5-Steller;KB10-51401;Servicekräfte Personenverkehr (oS) - Helfer;2756;2627
62361;Verdiensterhebung;SMONAT;Stichmonat;Apr 23;DINSG;Deutschland insgesamt;DG;Deutschland;KB10A5;Berufsgattungen (KB2010), 5-Steller;KB10-51412;Servicefachk. Straßen-,Schienenverkehr - Fachkraft;3181;2982
62361;Verdiensterhebung;SMONAT;Stichmonat;Apr 23;DINSG;Deutschland insgesamt;DG;Deutschland;KB10A5;Berufsgattungen (KB2010), 5-Steller;KB10-51422;Servicefachkräfte Luftverkehr - Fachkraft;3740;3474
62361;Verdiensterhebung;SMONAT;Stichmonat;Apr 23;DINSG;Deutschland insgesamt;DG;Deutschland;KB10A5;Berufsgattungen (KB2010), 5-Steller;KB10-51432;Servicefachkräfte Schiffsverkehr - Fachkraft;3825;3601
62361;Verdiensterhebung;SMONAT;Stichmonat;Apr 23;DINSG;Deutschland insgesamt;DG;Deutschland;KB10A5;Berufsgattungen (KB2010), 5-Steller;KB10-51493;Aufsicht - Personenverkehr (Servicebereich);3833;3686
62361;Verdiensterhebung;SMONAT;Stichmonat;Apr 23;DINSG;Deutschland insgesamt;DG;Deutschland;KB10A5;Berufsgattungen (KB2010), 5-Steller;KB10-51503;Überwachung Verkehrsbetrieb (oS) - Spezialist;4380;4320
62361;Verdiensterhebung;SMONAT;Stichmonat;Apr 23;DINSG;Deutschland insgesamt;DG;Deutschland;KB10A5;Berufsgattungen (KB2010), 5-Steller;KB10-51504;Überwachung Verkehrsbetrieb (oS) - Experte;4540;3664
62361;Verdiensterhebung;SMONAT;Stichmonat;Apr 23;DINSG;Deutschland insgesamt;DG;Deutschland;KB10A5;Berufsgattungen (KB2010), 5-Steller;KB10-51511;Überwachung Straßenverkehrsbetrieb - Helfer;.;.
62361;Verdiensterhebung;SMONAT;Stichmonat;Apr 23;DINSG;Deutschland insgesamt;DG;Deutschland;KB10A5;Berufsgattungen (KB2010), 5-Steller;KB10-51512;Überwachung Straßenverkehrsbetrieb - Fachkraft;3779;3831
62361;Verdiensterhebung;SMONAT;Stichmonat;Apr 23;DINSG;Deutschland insgesamt;DG;Deutschland;KB10A5;Berufsgattungen (KB2010), 5-Steller;KB10-51513;Überwachung Straßenverkehrsbetrieb - Spezialist;4796;4407
62361;Verdiensterhebung;SMONAT;Stichmonat;Apr 23;DINSG;Deutschland insgesamt;DG;Deutschland;KB10A5;Berufsgattungen (KB2010), 5-Steller;KB10-51522;Überwachung Eisenbahnverkehrsbetrieb - Fachkraft;3481;3263
62361;Verdiensterhebung;SMONAT;Stichmonat;Apr 23;DINSG;Deutschland insgesamt;DG;Deutschland;KB10A5;Berufsgattungen (KB2010), 5-Steller;KB10-51523;Überwachung Eisenbahnverkehrsbetrieb - Spezialist;5607;4894
62361;Verdiensterhebung;SMONAT;Stichmonat;Apr 23;DINSG;Deutschland insgesamt;DG;Deutschland;KB10A5;Berufsgattungen (KB2010), 5-Steller;KB10-51532;Überwachung Luftverkehrsbetrieb - Fachkraft;3988;3444
62361;Verdiensterhebung;SMONAT;Stichmonat;Apr 23;DINSG;Deutschland insgesamt;DG;Deutschland;KB10A5;Berufsgattungen (KB2010), 5-Steller;KB10-51533;Überwachung Luftverkehrsbetrieb - Spezialist;10380;11716
62361;Verdiensterhebung;SMONAT;Stichmonat;Apr 23;DINSG;Deutschland insgesamt;DG;Deutschland;KB10A5;Berufsgattungen (KB2010), 5-Steller;KB10-51534;Überwachung Luftverkehrsbetrieb - Experte;8582;5870
62361;Verdiensterhebung;SMONAT;Stichmonat;Apr 23;DINSG;Deutschland insgesamt;DG;Deutschland;KB10A5;Berufsgattungen (KB2010), 5-Steller;KB10-51543;Überwachung Schiffsverkehrsbetrieb - Spezialist;3001;2560
62361;Verdiensterhebung;SMONAT;Stichmonat;Apr 23;DINSG;Deutschland insgesamt;DG;Deutschland;KB10A5;Berufsgattungen (KB2010), 5-Steller;KB10-51583;Überwachung Verkehrsbetrieb (ssT) - Spezialist;5223;4860
62361;Verdiensterhebung;SMONAT;Stichmonat;Apr 23;DINSG;Deutschland insgesamt;DG;Deutschland;KB10A5;Berufsgattungen (KB2010), 5-Steller;KB10-51593;Aufsicht - Überwachung Verkehrsbetrieb;3999;3773
62361;Verdiensterhebung;SMONAT;Stichmonat;Apr 23;DINSG;Deutschland insgesamt;DG;Deutschland;KB10A5;Berufsgattungen (KB2010), 5-Steller;KB10-51594;Führung - Überwachung Verkehrsbetrieb;5946;5273
62361;Verdiensterhebung;SMONAT;Stichmonat;Apr 23;DINSG;Deutschland insgesamt;DG;Deutschland;KB10A5;Berufsgattungen (KB2010), 5-Steller;KB10-51613;Verkehrskaufleute - Spezialist;/;/
62361;Verdiensterhebung;SMONAT;Stichmonat;Apr 23;DINSG;Deutschland insgesamt;DG;Deutschland;KB10A5;Berufsgattungen (KB2010), 5-Steller;KB10-51614;Verkehrskaufleute - Experte;6153;6126
62361;Verdiensterhebung;SMONAT;Stichmonat;Apr 23;DINSG;Deutschland insgesamt;DG;Deutschland;KB10A5;Berufsgattungen (KB2010), 5-Steller;KB10-51622;Speditions-, Logistikkaufleute - Fachkraft;3887;3518
62361;Verdiensterhebung;SMONAT;Stichmonat;Apr 23;DINSG;Deutschland insgesamt;DG;Deutschland;KB10A5;Berufsgattungen (KB2010), 5-Steller;KB10-51623;Speditions-, Logistikkaufleute - Spezialist;4269;3888
62361;Verdiensterhebung;SMONAT;Stichmonat;Apr 23;DINSG;Deutschland insgesamt;DG;Deutschland;KB10A5;Berufsgattungen (KB2010), 5-Steller;KB10-51624;Speditions-, Logistikkaufleute - Experte;4274;3447
62361;Verdiensterhebung;SMONAT;Stichmonat;Apr 23;DINSG;Deutschland insgesamt;DG;Deutschland;KB10A5;Berufsgattungen (KB2010), 5-Steller;KB10-51632;Straßen-, Schienenverkehrskaufleute - Fachkraft;4041;3775
62361;Verdiensterhebung;SMONAT;Stichmonat;Apr 23;DINSG;Deutschland insgesamt;DG;Deutschland;KB10A5;Berufsgattungen (KB2010), 5-Steller;KB10-51633;Straßen-, Schienenverkehrskaufleute - Spezialist;.;.
62361;Verdiensterhebung;SMONAT;Stichmonat;Apr 23;DINSG;Deutschland insgesamt;DG;Deutschland;KB10A5;Berufsgattungen (KB2010), 5-Steller;KB10-51642;Luftverkehrskaufleute - Fachkraft;4049;3900
62361;Verdiensterhebung;SMONAT;Stichmonat;Apr 23;DINSG;Deutschland insgesamt;DG;Deutschland;KB10A5;Berufsgattungen (KB2010), 5-Steller;KB10-51643;Luftverkehrskaufleute - Spezialist;4201;3800
62361;Verdiensterhebung;SMONAT;Stichmonat;Apr 23;DINSG;Deutschland insgesamt;DG;Deutschland;KB10A5;Berufsgattungen (KB2010), 5-Steller;KB10-51652;Schifffahrtskaufleute - Fachkraft;5528;5000
62361;Verdiensterhebung;SMONAT;Stichmonat;Apr 23;DINSG;Deutschland insgesamt;DG;Deutschland;KB10A5;Berufsgattungen (KB2010), 5-Steller;KB10-51653;Schifffahrtskaufleute - Spezialist;6497;5806
62361;Verdiensterhebung;SMONAT;Stichmonat;Apr 23;DINSG;Deutschland insgesamt;DG;Deutschland;KB10A5;Berufsgattungen (KB2010), 5-Steller;KB10-51662;Kurier-,Express-,Postdienstl.kaufl. - Fachkraft;4333;4416
62361;Verdiensterhebung;SMONAT;Stichmonat;Apr 23;DINSG;Deutschland insgesamt;DG;Deutschland;KB10A5;Berufsgattungen (KB2010), 5-Steller;KB10-51663;Kurier-,Express-,Postdienstl.kaufl. - Spezialist;7723;6559
62361;Verdiensterhebung;SMONAT;Stichmonat;Apr 23;DINSG;Deutschland insgesamt;DG;Deutschland;KB10A5;Berufsgattungen (KB2010), 5-Steller;KB10-51694;Führung - Verkehr, Logistik (kaufm. Bereich);6445;5620
62361;Verdiensterhebung;SMONAT;Stichmonat;Apr 23;DINSG;Deutschland insgesamt;DG;Deutschland;KB10A5;Berufsgattungen (KB2010), 5-Steller;KB10-52112;Berufskraftfahrer (Personentr./Pkw) - Fachkraft;2276;2201
62361;Verdiensterhebung;SMONAT;Stichmonat;Apr 23;DINSG;Deutschland insgesamt;DG;Deutschland;KB10A5;Berufsgattungen (KB2010), 5-Steller;KB10-52122;Berufskraftfahrer (Güterverkehr/Lkw) - Fachkraft;3088;3000
62361;Verdiensterhebung;SMONAT;Stichmonat;Apr 23;DINSG;Deutschland insgesamt;DG;Deutschland;KB10A5;Berufsgattungen (KB2010), 5-Steller;KB10-52132;Bus-, Straßenbahnfahrer - Fachkraft;3189;3162
62361;Verdiensterhebung;SMONAT;Stichmonat;Apr 23;DINSG;Deutschland insgesamt;DG;Deutschland;KB10A5;Berufsgattungen (KB2010), 5-Steller;KB10-52182;Fahrzeugführer Straßenverkehr (ssT) - Fachkraft;2594;2478
62361;Verdiensterhebung;SMONAT;Stichmonat;Apr 23;DINSG;Deutschland insgesamt;DG;Deutschland;KB10A5;Berufsgattungen (KB2010), 5-Steller;KB10-52202;Triebfahrzeugführer Eisenbahn (oS) - Fachkraft;3862;3758
62361;Verdiensterhebung;SMONAT;Stichmonat;Apr 23;DINSG;Deutschland insgesamt;DG;Deutschland;KB10A5;Berufsgattungen (KB2010), 5-Steller;KB10-52313;Piloten, Verkehrsflugzeugführer - Spezialist;11093;11050
62361;Verdiensterhebung;SMONAT;Stichmonat;Apr 23;DINSG;Deutschland insgesamt;DG;Deutschland;KB10A5;Berufsgattungen (KB2010), 5-Steller;KB10-52314;Piloten, Verkehrsflugzeugführer - Experte;14449;14120
62361;Verdiensterhebung;SMONAT;Stichmonat;Apr 23;DINSG;Deutschland insgesamt;DG;Deutschland;KB10A5;Berufsgattungen (KB2010), 5-Steller;KB10-52383;Fahrzeugführer Flugverkehr (ssT) - Spezialist;3583;2500
62361;Verdiensterhebung;SMONAT;Stichmonat;Apr 23;DINSG;Deutschland insgesamt;DG;Deutschland;KB10A5;Berufsgattungen (KB2010), 5-Steller;KB10-52384;Fahrzeugführer Flugverkehr (ssT) - Experte;25340;25630
62361;Verdiensterhebung;SMONAT;Stichmonat;Apr 23;DINSG;Deutschland insgesamt;DG;Deutschland;KB10A5;Berufsgattungen (KB2010), 5-Steller;KB10-52413;Nautische Schiffsoffiziere, Kapitäne - Spezialist;5389;5460
62361;Verdiensterhebung;SMONAT;Stichmonat;Apr 23;DINSG;Deutschland insgesamt;DG;Deutschland;KB10A5;Berufsgattungen (KB2010), 5-Steller;KB10-52414;Nautische Schiffsoffiziere, Kapitäne - Experte;6427;5911
62361;Verdiensterhebung;SMONAT;Stichmonat;Apr 23;DINSG;Deutschland insgesamt;DG;Deutschland;KB10A5;Berufsgattungen (KB2010), 5-Steller;KB10-52422;Schiffsführer Binnensch.-, Hafenverk. - Fachkraft;3301;3278
62361;Verdiensterhebung;SMONAT;Stichmonat;Apr 23;DINSG;Deutschland insgesamt;DG;Deutschland;KB10A5;Berufsgattungen (KB2010), 5-Steller;KB10-52423;Schiffsführer Binnensch.-, Hafenverk. - Spezialist;/;/
62361;Verdiensterhebung;SMONAT;Stichmonat;Apr 23;DINSG;Deutschland insgesamt;DG;Deutschland;KB10A5;Berufsgattungen (KB2010), 5-Steller;KB10-52512;Führer land-, forstw. Maschinen - Fachkraft;2955;2865
62361;Verdiensterhebung;SMONAT;Stichmonat;Apr 23;DINSG;Deutschland insgesamt;DG;Deutschland;KB10A5;Berufsgattungen (KB2010), 5-Steller;KB10-52522;Führer Erdbewegungs-, verw. Maschinen - Fachkraft;3539;3445
62361;Verdiensterhebung;SMONAT;Stichmonat;Apr 23;DINSG;Deutschland insgesamt;DG;Deutschland;KB10A5;Berufsgattungen (KB2010), 5-Steller;KB10-52531;Kranführer, Bediener Hebeeinrichtungen - Helfer;2935;2863
62361;Verdiensterhebung;SMONAT;Stichmonat;Apr 23;DINSG;Deutschland insgesamt;DG;Deutschland;KB10A5;Berufsgattungen (KB2010), 5-Steller;KB10-52532;Kranführer, Bediener Hebeeinrichtungen - Fachkraft;3865;3654
62361;Verdiensterhebung;SMONAT;Stichmonat;Apr 23;DINSG;Deutschland insgesamt;DG;Deutschland;KB10A5;Berufsgattungen (KB2010), 5-Steller;KB10-52593;Aufsicht - Bau-, Transportgeräteführung;4728;4590
62361;Verdiensterhebung;SMONAT;Stichmonat;Apr 23;DINSG;Deutschland insgesamt;DG;Deutschland;KB10A5;Berufsgattungen (KB2010), 5-Steller;KB10-53111;Objekt-, Werte-, Personenschutz - Helfer;2854;2711
62361;Verdiensterhebung;SMONAT;Stichmonat;Apr 23;DINSG;Deutschland insgesamt;DG;Deutschland;KB10A5;Berufsgattungen (KB2010), 5-Steller;KB10-53112;Objekt-, Werte-, Personenschutz - Fachkraft;3378;3260
62361;Verdiensterhebung;SMONAT;Stichmonat;Apr 23;DINSG;Deutschland insgesamt;DG;Deutschland;KB10A5;Berufsgattungen (KB2010), 5-Steller;KB10-53122;Arbeitssicherheit, Sicherheitstechnik - Fachkraft;5087;5198
62361;Verdiensterhebung;SMONAT;Stichmonat;Apr 23;DINSG;Deutschland insgesamt;DG;Deutschland;KB10A5;Berufsgattungen (KB2010), 5-Steller;KB10-53123;Arbeitssicherheit, Sicherheitstechnik - Spezialist;4604;4349
62361;Verdiensterhebung;SMONAT;Stichmonat;Apr 23;DINSG;Deutschland insgesamt;DG;Deutschland;KB10A5;Berufsgattungen (KB2010), 5-Steller;KB10-53124;Arbeitssicherheit, Sicherheitstechnik - Experte;5721;5311
62361;Verdiensterhebung;SMONAT;Stichmonat;Apr 23;DINSG;Deutschland insgesamt;DG;Deutschland;KB10A5;Berufsgattungen (KB2010), 5-Steller;KB10-53132;Brandschutz - Fachkraft;4005;3746
62361;Verdiensterhebung;SMONAT;Stichmonat;Apr 23;DINSG;Deutschland insgesamt;DG;Deutschland;KB10A5;Berufsgattungen (KB2010), 5-Steller;KB10-53133;Brandschutz - Spezialist;4461;4390
62361;Verdiensterhebung;SMONAT;Stichmonat;Apr 23;DINSG;Deutschland insgesamt;DG;Deutschland;KB10A5;Berufsgattungen (KB2010), 5-Steller;KB10-53134;Brandschutz - Experte;6142;6032
62361;Verdiensterhebung;SMONAT;Stichmonat;Apr 23;DINSG;Deutschland insgesamt;DG;Deutschland;KB10A5;Berufsgattungen (KB2010), 5-Steller;KB10-53142;Badeaufsicht - Fachkraft;3219;3139
62361;Verdiensterhebung;SMONAT;Stichmonat;Apr 23;DINSG;Deutschland insgesamt;DG;Deutschland;KB10A5;Berufsgattungen (KB2010), 5-Steller;KB10-53152;Detektive - Fachkraft;/;/
62361;Verdiensterhebung;SMONAT;Stichmonat;Apr 23;DINSG;Deutschland insgesamt;DG;Deutschland;KB10A5;Berufsgattungen (KB2010), 5-Steller;KB10-53162;Inkassobeauftragte - Fachkraft;3921;3816
62361;Verdiensterhebung;SMONAT;Stichmonat;Apr 23;DINSG;Deutschland insgesamt;DG;Deutschland;KB10A5;Berufsgattungen (KB2010), 5-Steller;KB10-53182;Objekt-, Personen-, Brandschutz (ssT) - Fachkraft;4509;3752
62361;Verdiensterhebung;SMONAT;Stichmonat;Apr 23;DINSG;Deutschland insgesamt;DG;Deutschland;KB10A5;Berufsgattungen (KB2010), 5-Steller;KB10-53183;Objekt-, Personen-, Brandschutz (ssT) - Spezialist;3810;3529
62361;Verdiensterhebung;SMONAT;Stichmonat;Apr 23;DINSG;Deutschland insgesamt;DG;Deutschland;KB10A5;Berufsgattungen (KB2010), 5-Steller;KB10-53184;Objekt-, Personen-, Brandschutz (ssT) - Experte;6198;5678
62361;Verdiensterhebung;SMONAT;Stichmonat;Apr 23;DINSG;Deutschland insgesamt;DG;Deutschland;KB10A5;Berufsgattungen (KB2010), 5-Steller;KB10-53193;Aufsicht - Objekt-, Brandschutz, Arbeitssicherheit;4904;4685
62361;Verdiensterhebung;SMONAT;Stichmonat;Apr 23;DINSG;Deutschland insgesamt;DG;Deutschland;KB10A5;Berufsgattungen (KB2010), 5-Steller;KB10-53194;Führung - Objekt-, Brandschutz, Arbeitssicherheit;6641;6015
62361;Verdiensterhebung;SMONAT;Stichmonat;Apr 23;DINSG;Deutschland insgesamt;DG;Deutschland;KB10A5;Berufsgattungen (KB2010), 5-Steller;KB10-53212;Polizeivollzugsdienst - Fachkraft;3276;3231
62361;Verdiensterhebung;SMONAT;Stichmonat;Apr 23;DINSG;Deutschland insgesamt;DG;Deutschland;KB10A5;Berufsgattungen (KB2010), 5-Steller;KB10-53213;Polizeivollzugsdienst - Spezialist;4457;4483
62361;Verdiensterhebung;SMONAT;Stichmonat;Apr 23;DINSG;Deutschland insgesamt;DG;Deutschland;KB10A5;Berufsgattungen (KB2010), 5-Steller;KB10-53214;Polizeivollzugsdienst - Experte;6315;6185
62361;Verdiensterhebung;SMONAT;Stichmonat;Apr 23;DINSG;Deutschland insgesamt;DG;Deutschland;KB10A5;Berufsgattungen (KB2010), 5-Steller;KB10-53222;Kriminaldienst - Fachkraft;.;.
62361;Verdiensterhebung;SMONAT;Stichmonat;Apr 23;DINSG;Deutschland insgesamt;DG;Deutschland;KB10A5;Berufsgattungen (KB2010), 5-Steller;KB10-53223;Kriminaldienst - Spezialist;.;.
62361;Verdiensterhebung;SMONAT;Stichmonat;Apr 23;DINSG;Deutschland insgesamt;DG;Deutschland;KB10A5;Berufsgattungen (KB2010), 5-Steller;KB10-53224;Kriminaldienst - Experte;3531;3599
62361;Verdiensterhebung;SMONAT;Stichmonat;Apr 23;DINSG;Deutschland insgesamt;DG;Deutschland;KB10A5;Berufsgattungen (KB2010), 5-Steller;KB10-53232;Gerichtsvollzug - Fachkraft;.;.
62361;Verdiensterhebung;SMONAT;Stichmonat;Apr 23;DINSG;Deutschland insgesamt;DG;Deutschland;KB10A5;Berufsgattungen (KB2010), 5-Steller;KB10-53233;Gerichtsvollzug - Spezialist;.;.
62361;Verdiensterhebung;SMONAT;Stichmonat;Apr 23;DINSG;Deutschland insgesamt;DG;Deutschland;KB10A5;Berufsgattungen (KB2010), 5-Steller;KB10-53241;Justizvollzugsdienst - Helfer;2673;2623
62361;Verdiensterhebung;SMONAT;Stichmonat;Apr 23;DINSG;Deutschland insgesamt;DG;Deutschland;KB10A5;Berufsgattungen (KB2010), 5-Steller;KB10-53242;Justizvollzugsdienst - Fachkraft;3638;3668
62361;Verdiensterhebung;SMONAT;Stichmonat;Apr 23;DINSG;Deutschland insgesamt;DG;Deutschland;KB10A5;Berufsgattungen (KB2010), 5-Steller;KB10-53243;Justizvollzugsdienst - Spezialist;4333;4291
62361;Verdiensterhebung;SMONAT;Stichmonat;Apr 23;DINSG;Deutschland insgesamt;DG;Deutschland;KB10A5;Berufsgattungen (KB2010), 5-Steller;KB10-53244;Justizvollzugsdienst - Experte;6278;6140
62361;Verdiensterhebung;SMONAT;Stichmonat;Apr 23;DINSG;Deutschland insgesamt;DG;Deutschland;KB10A5;Berufsgattungen (KB2010), 5-Steller;KB10-53312;Gewerbeaufsicht - Fachkraft;3385;3351
62361;Verdiensterhebung;SMONAT;Stichmonat;Apr 23;DINSG;Deutschland insgesamt;DG;Deutschland;KB10A5;Berufsgattungen (KB2010), 5-Steller;KB10-53313;Gewerbeaufsicht - Spezialist;4378;4364
62361;Verdiensterhebung;SMONAT;Stichmonat;Apr 23;DINSG;Deutschland insgesamt;DG;Deutschland;KB10A5;Berufsgattungen (KB2010), 5-Steller;KB10-53314;Gewerbeaufsicht - Experte;6299;6186
62361;Verdiensterhebung;SMONAT;Stichmonat;Apr 23;DINSG;Deutschland insgesamt;DG;Deutschland;KB10A5;Berufsgattungen (KB2010), 5-Steller;KB10-53322;Gesundheitsaufsicht, Hygieneüberwach. - Fachkraft;4309;4227
62361;Verdiensterhebung;SMONAT;Stichmonat;Apr 23;DINSG;Deutschland insgesamt;DG;Deutschland;KB10A5;Berufsgattungen (KB2010), 5-Steller;KB10-53323;Gesundheitsaufsicht, Hygieneüberwach. - Spezialist;4387;4250
62361;Verdiensterhebung;SMONAT;Stichmonat;Apr 23;DINSG;Deutschland insgesamt;DG;Deutschland;KB10A5;Berufsgattungen (KB2010), 5-Steller;KB10-53332;Lebensmittelkontrolle - Fachkraft;3642;3335
62361;Verdiensterhebung;SMONAT;Stichmonat;Apr 23;DINSG;Deutschland insgesamt;DG;Deutschland;KB10A5;Berufsgattungen (KB2010), 5-Steller;KB10-53333;Lebensmittelkontrolle - Spezialist;4112;3778
62361;Verdiensterhebung;SMONAT;Stichmonat;Apr 23;DINSG;Deutschland insgesamt;DG;Deutschland;KB10A5;Berufsgattungen (KB2010), 5-Steller;KB10-53342;Desinfektion, Schädlingsbekämpfung - Fachkraft;3566;3327
62361;Verdiensterhebung;SMONAT;Stichmonat;Apr 23;DINSG;Deutschland insgesamt;DG;Deutschland;KB10A5;Berufsgattungen (KB2010), 5-Steller;KB10-53393;Aufsicht - Gewerbe-, Gesundheitsaufsicht;.;.
62361;Verdiensterhebung;SMONAT;Stichmonat;Apr 23;DINSG;Deutschland insgesamt;DG;Deutschland;KB10A5;Berufsgattungen (KB2010), 5-Steller;KB10-53394;Führung - Gewerbe-, Gesundheitsaufsicht;.;.
62361;Verdiensterhebung;SMONAT;Stichmonat;Apr 23;DINSG;Deutschland insgesamt;DG;Deutschland;KB10A5;Berufsgattungen (KB2010), 5-Steller;KB10-54101;Reinigung (oS) - Helfer;2464;2388
62361;Verdiensterhebung;SMONAT;Stichmonat;Apr 23;DINSG;Deutschland insgesamt;DG;Deutschland;KB10A5;Berufsgattungen (KB2010), 5-Steller;KB10-54112;Gebäudereinigung - Fachkraft;2573;2520
62361;Verdiensterhebung;SMONAT;Stichmonat;Apr 23;DINSG;Deutschland insgesamt;DG;Deutschland;KB10A5;Berufsgattungen (KB2010), 5-Steller;KB10-54113;Gebäudereinigung - Spezialist;3695;3656
62361;Verdiensterhebung;SMONAT;Stichmonat;Apr 23;DINSG;Deutschland insgesamt;DG;Deutschland;KB10A5;Berufsgattungen (KB2010), 5-Steller;KB10-54122;Glas-, Fensterreinigung - Fachkraft;2997;3222
62361;Verdiensterhebung;SMONAT;Stichmonat;Apr 23;DINSG;Deutschland insgesamt;DG;Deutschland;KB10A5;Berufsgattungen (KB2010), 5-Steller;KB10-54132;Textilreinigung - Fachkraft;2426;2280
62361;Verdiensterhebung;SMONAT;Stichmonat;Apr 23;DINSG;Deutschland insgesamt;DG;Deutschland;KB10A5;Berufsgattungen (KB2010), 5-Steller;KB10-54142;Maschinen-, Anlagenreinigung - Fachkraft;3583;3378
62361;Verdiensterhebung;SMONAT;Stichmonat;Apr 23;DINSG;Deutschland insgesamt;DG;Deutschland;KB10A5;Berufsgattungen (KB2010), 5-Steller;KB10-54152;Fahrzeugreinigung - Fachkraft;2717;2531
62361;Verdiensterhebung;SMONAT;Stichmonat;Apr 23;DINSG;Deutschland insgesamt;DG;Deutschland;KB10A5;Berufsgattungen (KB2010), 5-Steller;KB10-54182;Reinigung (ssT) - Fachkraft;2956;2871
62361;Verdiensterhebung;SMONAT;Stichmonat;Apr 23;DINSG;Deutschland insgesamt;DG;Deutschland;KB10A5;Berufsgattungen (KB2010), 5-Steller;KB10-54193;Aufsicht - Reinigung;3994;3748
62361;Verdiensterhebung;SMONAT;Stichmonat;Apr 23;DINSG;Deutschland insgesamt;DG;Deutschland;KB10A5;Berufsgattungen (KB2010), 5-Steller;KB10-61112;Einkauf - Fachkraft;4357;3956
62361;Verdiensterhebung;SMONAT;Stichmonat;Apr 23;DINSG;Deutschland insgesamt;DG;Deutschland;KB10A5;Berufsgattungen (KB2010), 5-Steller;KB10-61113;Einkauf - Spezialist;5279;4813
62361;Verdiensterhebung;SMONAT;Stichmonat;Apr 23;DINSG;Deutschland insgesamt;DG;Deutschland;KB10A5;Berufsgattungen (KB2010), 5-Steller;KB10-61122;Vertrieb (außer IKT) - Fachkraft;4544;4002
62361;Verdiensterhebung;SMONAT;Stichmonat;Apr 23;DINSG;Deutschland insgesamt;DG;Deutschland;KB10A5;Berufsgattungen (KB2010), 5-Steller;KB10-61123;Vertrieb (außer IKT) - Spezialist;5660;5174
62361;Verdiensterhebung;SMONAT;Stichmonat;Apr 23;DINSG;Deutschland insgesamt;DG;Deutschland;KB10A5;Berufsgattungen (KB2010), 5-Steller;KB10-61124;Vertrieb (außer IKT) - Experte;6997;6462
62361;Verdiensterhebung;SMONAT;Stichmonat;Apr 23;DINSG;Deutschland insgesamt;DG;Deutschland;KB10A5;Berufsgattungen (KB2010), 5-Steller;KB10-61132;Handelsmakler, Auktionatoren - Fachkraft;/;/
62361;Verdiensterhebung;SMONAT;Stichmonat;Apr 23;DINSG;Deutschland insgesamt;DG;Deutschland;KB10A5;Berufsgattungen (KB2010), 5-Steller;KB10-61133;Handelsmakler, Auktionatoren - Spezialist;/;/
62361;Verdiensterhebung;SMONAT;Stichmonat;Apr 23;DINSG;Deutschland insgesamt;DG;Deutschland;KB10A5;Berufsgattungen (KB2010), 5-Steller;KB10-61142;Kaufleute Automatenservice - Fachkraft;2603;2416
62361;Verdiensterhebung;SMONAT;Stichmonat;Apr 23;DINSG;Deutschland insgesamt;DG;Deutschland;KB10A5;Berufsgattungen (KB2010), 5-Steller;KB10-61152;Geld- und Pfandverleih - Fachkraft;.;.
62361;Verdiensterhebung;SMONAT;Stichmonat;Apr 23;DINSG;Deutschland insgesamt;DG;Deutschland;KB10A5;Berufsgattungen (KB2010), 5-Steller;KB10-61162;Verleih (außer Geld und Pfand) - Fachkraft;3195;3000
62361;Verdiensterhebung;SMONAT;Stichmonat;Apr 23;DINSG;Deutschland insgesamt;DG;Deutschland;KB10A5;Berufsgattungen (KB2010), 5-Steller;KB10-61194;Führung - Einkauf und Vertrieb;7857;7143
62361;Verdiensterhebung;SMONAT;Stichmonat;Apr 23;DINSG;Deutschland insgesamt;DG;Deutschland;KB10A5;Berufsgattungen (KB2010), 5-Steller;KB10-61203;Kaufleute im Handel (oS) - Spezialist;5252;5252
62361;Verdiensterhebung;SMONAT;Stichmonat;Apr 23;DINSG;Deutschland insgesamt;DG;Deutschland;KB10A5;Berufsgattungen (KB2010), 5-Steller;KB10-61204;Kaufleute im Handel (oS) - Experte;/;/
62361;Verdiensterhebung;SMONAT;Stichmonat;Apr 23;DINSG;Deutschland insgesamt;DG;Deutschland;KB10A5;Berufsgattungen (KB2010), 5-Steller;KB10-61212;Kaufleute Groß-, Außenhandel - Fachkraft;3910;3426
62361;Verdiensterhebung;SMONAT;Stichmonat;Apr 23;DINSG;Deutschland insgesamt;DG;Deutschland;KB10A5;Berufsgattungen (KB2010), 5-Steller;KB10-61213;Kaufleute Groß-, Außenhandel - Spezialist;6186;5486
62361;Verdiensterhebung;SMONAT;Stichmonat;Apr 23;DINSG;Deutschland insgesamt;DG;Deutschland;KB10A5;Berufsgattungen (KB2010), 5-Steller;KB10-61214;Kaufleute Groß-, Außenhandel - Experte;6768;5859
62361;Verdiensterhebung;SMONAT;Stichmonat;Apr 23;DINSG;Deutschland insgesamt;DG;Deutschland;KB10A5;Berufsgattungen (KB2010), 5-Steller;KB10-61282;Kaufleute im Handel (ssT) - Fachkraft;4664;3927
62361;Verdiensterhebung;SMONAT;Stichmonat;Apr 23;DINSG;Deutschland insgesamt;DG;Deutschland;KB10A5;Berufsgattungen (KB2010), 5-Steller;KB10-61283;Kaufleute im Handel (ssT) - Spezialist;5269;4571
62361;Verdiensterhebung;SMONAT;Stichmonat;Apr 23;DINSG;Deutschland insgesamt;DG;Deutschland;KB10A5;Berufsgattungen (KB2010), 5-Steller;KB10-61284;Kaufleute im Handel (ssT) - Experte;7688;6380
62361;Verdiensterhebung;SMONAT;Stichmonat;Apr 23;DINSG;Deutschland insgesamt;DG;Deutschland;KB10A5;Berufsgattungen (KB2010), 5-Steller;KB10-61294;Führung - Handel;/;/
62361;Verdiensterhebung;SMONAT;Stichmonat;Apr 23;DINSG;Deutschland insgesamt;DG;Deutschland;KB10A5;Berufsgattungen (KB2010), 5-Steller;KB10-61312;Immobilienvermarktung, -verwaltung - Fachkraft;4201;3810
62361;Verdiensterhebung;SMONAT;Stichmonat;Apr 23;DINSG;Deutschland insgesamt;DG;Deutschland;KB10A5;Berufsgattungen (KB2010), 5-Steller;KB10-61313;Immobilienvermarktung, -verwaltung - Spezialist;4646;3730
62361;Verdiensterhebung;SMONAT;Stichmonat;Apr 23;DINSG;Deutschland insgesamt;DG;Deutschland;KB10A5;Berufsgattungen (KB2010), 5-Steller;KB10-61314;Immobilienvermarktung, -verwaltung - Experte;6775;6872
62361;Verdiensterhebung;SMONAT;Stichmonat;Apr 23;DINSG;Deutschland insgesamt;DG;Deutschland;KB10A5;Berufsgattungen (KB2010), 5-Steller;KB10-61323;Facility-Management - Spezialist;4529;4000
62361;Verdiensterhebung;SMONAT;Stichmonat;Apr 23;DINSG;Deutschland insgesamt;DG;Deutschland;KB10A5;Berufsgattungen (KB2010), 5-Steller;KB10-61394;Führung - Immobilienwirtschaft, Facility-Managem.;5465;5265
62361;Verdiensterhebung;SMONAT;Stichmonat;Apr 23;DINSG;Deutschland insgesamt;DG;Deutschland;KB10A5;Berufsgattungen (KB2010), 5-Steller;KB10-62101;Verkauf (ohne Produktspezialisierung) - Helfer;2199;2273
62361;Verdiensterhebung;SMONAT;Stichmonat;Apr 23;DINSG;Deutschland insgesamt;DG;Deutschland;KB10A5;Berufsgattungen (KB2010), 5-Steller;KB10-62102;Verkauf (ohne Produktspezialisierung) - Fachkraft;3076;2776
62361;Verdiensterhebung;SMONAT;Stichmonat;Apr 23;DINSG;Deutschland insgesamt;DG;Deutschland;KB10A5;Berufsgattungen (KB2010), 5-Steller;KB10-62103;Verkauf (ohne Produktspezialisierung) - Spezialist;4109;3865
62361;Verdiensterhebung;SMONAT;Stichmonat;Apr 23;DINSG;Deutschland insgesamt;DG;Deutschland;KB10A5;Berufsgattungen (KB2010), 5-Steller;KB10-62112;Kassierer, Kartenverkäufer - Fachkraft;2760;2603
62361;Verdiensterhebung;SMONAT;Stichmonat;Apr 23;DINSG;Deutschland insgesamt;DG;Deutschland;KB10A5;Berufsgattungen (KB2010), 5-Steller;KB10-62122;Verkaufsstand-, Marktverkäufer - Fachkraft;3288;3312
62361;Verdiensterhebung;SMONAT;Stichmonat;Apr 23;DINSG;Deutschland insgesamt;DG;Deutschland;KB10A5;Berufsgattungen (KB2010), 5-Steller;KB10-62182;Verkauf (ohne Produktspezial.) (ssT) - Fachkraft;4422;3826
62361;Verdiensterhebung;SMONAT;Stichmonat;Apr 23;DINSG;Deutschland insgesamt;DG;Deutschland;KB10A5;Berufsgattungen (KB2010), 5-Steller;KB10-62183;Verkauf (ohne Produktspezial.) (ssT) - Spezialist;3765;3500
62361;Verdiensterhebung;SMONAT;Stichmonat;Apr 23;DINSG;Deutschland insgesamt;DG;Deutschland;KB10A5;Berufsgattungen (KB2010), 5-Steller;KB10-62193;Aufsicht - Verkauf;4381;3967
62361;Verdiensterhebung;SMONAT;Stichmonat;Apr 23;DINSG;Deutschland insgesamt;DG;Deutschland;KB10A5;Berufsgattungen (KB2010), 5-Steller;KB10-62194;Führung - Verkauf;5237;4500
62361;Verdiensterhebung;SMONAT;Stichmonat;Apr 23;DINSG;Deutschland insgesamt;DG;Deutschland;KB10A5;Berufsgattungen (KB2010), 5-Steller;KB10-62212;Verkauf Bekleidung, Lederwaren, Sport - Fachkraft;2382;2380
62361;Verdiensterhebung;SMONAT;Stichmonat;Apr 23;DINSG;Deutschland insgesamt;DG;Deutschland;KB10A5;Berufsgattungen (KB2010), 5-Steller;KB10-62222;Verkauf Schmuck, Uhren - Fachkraft;/;/
62361;Verdiensterhebung;SMONAT;Stichmonat;Apr 23;DINSG;Deutschland insgesamt;DG;Deutschland;KB10A5;Berufsgattungen (KB2010), 5-Steller;KB10-62232;Verkauf Büro-, Geschenk-, Spielwaren - Fachkraft;2507;2145
62361;Verdiensterhebung;SMONAT;Stichmonat;Apr 23;DINSG;Deutschland insgesamt;DG;Deutschland;KB10A5;Berufsgattungen (KB2010), 5-Steller;KB10-62242;Verkauf Elektro-, Haushaltswaren - Fachkraft;3052;2755
62361;Verdiensterhebung;SMONAT;Stichmonat;Apr 23;DINSG;Deutschland insgesamt;DG;Deutschland;KB10A5;Berufsgattungen (KB2010), 5-Steller;KB10-62252;Verkauf Möbel, Einrichtungsgegenstände - Fachkraft;3654;3198
62361;Verdiensterhebung;SMONAT;Stichmonat;Apr 23;DINSG;Deutschland insgesamt;DG;Deutschland;KB10A5;Berufsgattungen (KB2010), 5-Steller;KB10-62262;Verkauf Garten-,Heimwerker-,Tierbedarf - Fachkraft;2959;2834
62361;Verdiensterhebung;SMONAT;Stichmonat;Apr 23;DINSG;Deutschland insgesamt;DG;Deutschland;KB10A5;Berufsgattungen (KB2010), 5-Steller;KB10-62272;Verkauf Kfz, Zweiräder, Zubehör - Fachkraft;4742;3875
62361;Verdiensterhebung;SMONAT;Stichmonat;Apr 23;DINSG;Deutschland insgesamt;DG;Deutschland;KB10A5;Berufsgattungen (KB2010), 5-Steller;KB10-62282;Verkauf (ssT) - Fachkraft;2752;2358
62361;Verdiensterhebung;SMONAT;Stichmonat;Apr 23;DINSG;Deutschland insgesamt;DG;Deutschland;KB10A5;Berufsgattungen (KB2010), 5-Steller;KB10-62301;Verkauf Lebensmittel (oS) - Helfer;/;/
62361;Verdiensterhebung;SMONAT;Stichmonat;Apr 23;DINSG;Deutschland insgesamt;DG;Deutschland;KB10A5;Berufsgattungen (KB2010), 5-Steller;KB10-62302;Verkauf Lebensmittel (oS) - Fachkraft;2739;2657
62361;Verdiensterhebung;SMONAT;Stichmonat;Apr 23;DINSG;Deutschland insgesamt;DG;Deutschland;KB10A5;Berufsgattungen (KB2010), 5-Steller;KB10-62312;Verkauf Back-, Konditoreiwaren - Fachkraft;2451;2349
62361;Verdiensterhebung;SMONAT;Stichmonat;Apr 23;DINSG;Deutschland insgesamt;DG;Deutschland;KB10A5;Berufsgattungen (KB2010), 5-Steller;KB10-62322;Verkauf Fleischwaren - Fachkraft;2421;2369
62361;Verdiensterhebung;SMONAT;Stichmonat;Apr 23;DINSG;Deutschland insgesamt;DG;Deutschland;KB10A5;Berufsgattungen (KB2010), 5-Steller;KB10-62382;Verkauf Lebensmittel (ssT) - Fachkraft;/;/
62361;Verdiensterhebung;SMONAT;Stichmonat;Apr 23;DINSG;Deutschland insgesamt;DG;Deutschland;KB10A5;Berufsgattungen (KB2010), 5-Steller;KB10-62412;Verkauf drogerie-, apotheken. Waren - Fachkraft;2888;2782
62361;Verdiensterhebung;SMONAT;Stichmonat;Apr 23;DINSG;Deutschland insgesamt;DG;Deutschland;KB10A5;Berufsgattungen (KB2010), 5-Steller;KB10-62422;Verkauf Sanitäts-, Medizinbedarf - Fachkraft;/;/
62361;Verdiensterhebung;SMONAT;Stichmonat;Apr 23;DINSG;Deutschland insgesamt;DG;Deutschland;KB10A5;Berufsgattungen (KB2010), 5-Steller;KB10-62512;Buchhandel - Fachkraft;2385;2233
62361;Verdiensterhebung;SMONAT;Stichmonat;Apr 23;DINSG;Deutschland insgesamt;DG;Deutschland;KB10A5;Berufsgattungen (KB2010), 5-Steller;KB10-62513;Buchhandel - Spezialist;.;.
62361;Verdiensterhebung;SMONAT;Stichmonat;Apr 23;DINSG;Deutschland insgesamt;DG;Deutschland;KB10A5;Berufsgattungen (KB2010), 5-Steller;KB10-62514;Buchhandel - Experte;.;.
62361;Verdiensterhebung;SMONAT;Stichmonat;Apr 23;DINSG;Deutschland insgesamt;DG;Deutschland;KB10A5;Berufsgattungen (KB2010), 5-Steller;KB10-62522;Kunst-, Antiquitätenhandel - Fachkraft;.;.
62361;Verdiensterhebung;SMONAT;Stichmonat;Apr 23;DINSG;Deutschland insgesamt;DG;Deutschland;KB10A5;Berufsgattungen (KB2010), 5-Steller;KB10-62532;Musikfachhandel - Fachkraft;.;.
62361;Verdiensterhebung;SMONAT;Stichmonat;Apr 23;DINSG;Deutschland insgesamt;DG;Deutschland;KB10A5;Berufsgattungen (KB2010), 5-Steller;KB10-63112;Tourismuskaufleute - Fachkraft;3153;2939
62361;Verdiensterhebung;SMONAT;Stichmonat;Apr 23;DINSG;Deutschland insgesamt;DG;Deutschland;KB10A5;Berufsgattungen (KB2010), 5-Steller;KB10-63113;Tourismuskaufleute - Spezialist;4294;4150
62361;Verdiensterhebung;SMONAT;Stichmonat;Apr 23;DINSG;Deutschland insgesamt;DG;Deutschland;KB10A5;Berufsgattungen (KB2010), 5-Steller;KB10-63114;Tourismuskaufleute - Experte;5529;5000
62361;Verdiensterhebung;SMONAT;Stichmonat;Apr 23;DINSG;Deutschland insgesamt;DG;Deutschland;KB10A5;Berufsgattungen (KB2010), 5-Steller;KB10-63122;Sport-,Fitnesskaufleute,Sportmanager - Fachkraft;2860;2472
62361;Verdiensterhebung;SMONAT;Stichmonat;Apr 23;DINSG;Deutschland insgesamt;DG;Deutschland;KB10A5;Berufsgattungen (KB2010), 5-Steller;KB10-63123;Sport-,Fitnesskaufleute,Sportmanager - Spezialist;3710;3027
62361;Verdiensterhebung;SMONAT;Stichmonat;Apr 23;DINSG;Deutschland insgesamt;DG;Deutschland;KB10A5;Berufsgattungen (KB2010), 5-Steller;KB10-63124;Sport-,Fitnesskaufleute,Sportmanager - Experte;/;/
62361;Verdiensterhebung;SMONAT;Stichmonat;Apr 23;DINSG;Deutschland insgesamt;DG;Deutschland;KB10A5;Berufsgattungen (KB2010), 5-Steller;KB10-63132;Animateure und Gästebetreuer - Fachkraft;2874;2800
62361;Verdiensterhebung;SMONAT;Stichmonat;Apr 23;DINSG;Deutschland insgesamt;DG;Deutschland;KB10A5;Berufsgattungen (KB2010), 5-Steller;KB10-63142;Reiseleiter, Fremdenführer - Fachkraft;3117;2821
62361;Verdiensterhebung;SMONAT;Stichmonat;Apr 23;DINSG;Deutschland insgesamt;DG;Deutschland;KB10A5;Berufsgattungen (KB2010), 5-Steller;KB10-63143;Reiseleiter, Fremdenführer - Spezialist;/;/
62361;Verdiensterhebung;SMONAT;Stichmonat;Apr 23;DINSG;Deutschland insgesamt;DG;Deutschland;KB10A5;Berufsgattungen (KB2010), 5-Steller;KB10-63194;Führung - Tourismus und Sport;4297;3832
62361;Verdiensterhebung;SMONAT;Stichmonat;Apr 23;DINSG;Deutschland insgesamt;DG;Deutschland;KB10A5;Berufsgattungen (KB2010), 5-Steller;KB10-63212;Hotelkaufleute - Fachkraft;3499;3209
62361;Verdiensterhebung;SMONAT;Stichmonat;Apr 23;DINSG;Deutschland insgesamt;DG;Deutschland;KB10A5;Berufsgattungen (KB2010), 5-Steller;KB10-63213;Hotelkaufleute - Spezialist;4880;5228
62361;Verdiensterhebung;SMONAT;Stichmonat;Apr 23;DINSG;Deutschland insgesamt;DG;Deutschland;KB10A5;Berufsgattungen (KB2010), 5-Steller;KB10-63221;Hotelservice - Helfer;2495;2439
62361;Verdiensterhebung;SMONAT;Stichmonat;Apr 23;DINSG;Deutschland insgesamt;DG;Deutschland;KB10A5;Berufsgattungen (KB2010), 5-Steller;KB10-63222;Hotelservice - Fachkraft;2790;2719
62361;Verdiensterhebung;SMONAT;Stichmonat;Apr 23;DINSG;Deutschland insgesamt;DG;Deutschland;KB10A5;Berufsgattungen (KB2010), 5-Steller;KB10-63293;Aufsicht - Hotellerie;3282;2943
62361;Verdiensterhebung;SMONAT;Stichmonat;Apr 23;DINSG;Deutschland insgesamt;DG;Deutschland;KB10A5;Berufsgattungen (KB2010), 5-Steller;KB10-63294;Führung - Hotellerie;4818;4121
62361;Verdiensterhebung;SMONAT;Stichmonat;Apr 23;DINSG;Deutschland insgesamt;DG;Deutschland;KB10A5;Berufsgattungen (KB2010), 5-Steller;KB10-63301;Gastronomieservice (oS) - Helfer;2508;2412
62361;Verdiensterhebung;SMONAT;Stichmonat;Apr 23;DINSG;Deutschland insgesamt;DG;Deutschland;KB10A5;Berufsgattungen (KB2010), 5-Steller;KB10-63302;Gastronomieservice (oS) - Fachkraft;2678;2510
62361;Verdiensterhebung;SMONAT;Stichmonat;Apr 23;DINSG;Deutschland insgesamt;DG;Deutschland;KB10A5;Berufsgattungen (KB2010), 5-Steller;KB10-63303;Gastronomieservice (oS) - Spezialist;2914;2815
62361;Verdiensterhebung;SMONAT;Stichmonat;Apr 23;DINSG;Deutschland insgesamt;DG;Deutschland;KB10A5;Berufsgattungen (KB2010), 5-Steller;KB10-63312;Systemgastronomie - Fachkraft;2765;2617
62361;Verdiensterhebung;SMONAT;Stichmonat;Apr 23;DINSG;Deutschland insgesamt;DG;Deutschland;KB10A5;Berufsgattungen (KB2010), 5-Steller;KB10-63313;Systemgastronomie - Spezialist;4907;4858
62361;Verdiensterhebung;SMONAT;Stichmonat;Apr 23;DINSG;Deutschland insgesamt;DG;Deutschland;KB10A5;Berufsgattungen (KB2010), 5-Steller;KB10-63322;Barkeeper - Fachkraft;/;/
62361;Verdiensterhebung;SMONAT;Stichmonat;Apr 23;DINSG;Deutschland insgesamt;DG;Deutschland;KB10A5;Berufsgattungen (KB2010), 5-Steller;KB10-63382;Gastronomie (ssT) - Fachkraft;2817;2711
62361;Verdiensterhebung;SMONAT;Stichmonat;Apr 23;DINSG;Deutschland insgesamt;DG;Deutschland;KB10A5;Berufsgattungen (KB2010), 5-Steller;KB10-63383;Gastronomie (ssT) - Spezialist;3331;3050
62361;Verdiensterhebung;SMONAT;Stichmonat;Apr 23;DINSG;Deutschland insgesamt;DG;Deutschland;KB10A5;Berufsgattungen (KB2010), 5-Steller;KB10-63393;Aufsicht - Gastronomie;2752;2676
62361;Verdiensterhebung;SMONAT;Stichmonat;Apr 23;DINSG;Deutschland insgesamt;DG;Deutschland;KB10A5;Berufsgattungen (KB2010), 5-Steller;KB10-63394;Führung - Gastronomie;4118;3914
62361;Verdiensterhebung;SMONAT;Stichmonat;Apr 23;DINSG;Deutschland insgesamt;DG;Deutschland;KB10A5;Berufsgattungen (KB2010), 5-Steller;KB10-63401;Veranstaltungsservice, -management - Helfer;2777;2610
62361;Verdiensterhebung;SMONAT;Stichmonat;Apr 23;DINSG;Deutschland insgesamt;DG;Deutschland;KB10A5;Berufsgattungen (KB2010), 5-Steller;KB10-63402;Veranstaltungsservice, -management - Fachkraft;3543;3273
62361;Verdiensterhebung;SMONAT;Stichmonat;Apr 23;DINSG;Deutschland insgesamt;DG;Deutschland;KB10A5;Berufsgattungen (KB2010), 5-Steller;KB10-63403;Veranstaltungsservice, -management - Spezialist;4194;3792
62361;Verdiensterhebung;SMONAT;Stichmonat;Apr 23;DINSG;Deutschland insgesamt;DG;Deutschland;KB10A5;Berufsgattungen (KB2010), 5-Steller;KB10-63404;Veranstaltungsservice, -management - Experte;4750;4361
62361;Verdiensterhebung;SMONAT;Stichmonat;Apr 23;DINSG;Deutschland insgesamt;DG;Deutschland;KB10A5;Berufsgattungen (KB2010), 5-Steller;KB10-71104;Geschäftsführer und Vorstände - Experte;9132;7500
62361;Verdiensterhebung;SMONAT;Stichmonat;Apr 23;DINSG;Deutschland insgesamt;DG;Deutschland;KB10A5;Berufsgattungen (KB2010), 5-Steller;KB10-71214;Angehörige gesetzgebender Körperschaften - Experte;.;.
62361;Verdiensterhebung;SMONAT;Stichmonat;Apr 23;DINSG;Deutschland insgesamt;DG;Deutschland;KB10A5;Berufsgattungen (KB2010), 5-Steller;KB10-71224;Leitende Bedienstete von Interessenorg. - Experte;6542;6307
62361;Verdiensterhebung;SMONAT;Stichmonat;Apr 23;DINSG;Deutschland insgesamt;DG;Deutschland;KB10A5;Berufsgattungen (KB2010), 5-Steller;KB10-71234;Betriebsinterne Wahlämter - Experte;5501;5101
62361;Verdiensterhebung;SMONAT;Stichmonat;Apr 23;DINSG;Deutschland insgesamt;DG;Deutschland;KB10A5;Berufsgattungen (KB2010), 5-Steller;KB10-71302;Kaufmänn.,techn. Betriebswirt. (oS) - Fachkraft;4491;3982
62361;Verdiensterhebung;SMONAT;Stichmonat;Apr 23;DINSG;Deutschland insgesamt;DG;Deutschland;KB10A5;Berufsgattungen (KB2010), 5-Steller;KB10-71303;Kaufmänn.,techn. Betriebswirt. (oS) - Spezialist;5508;5070
62361;Verdiensterhebung;SMONAT;Stichmonat;Apr 23;DINSG;Deutschland insgesamt;DG;Deutschland;KB10A5;Berufsgattungen (KB2010), 5-Steller;KB10-71304;Kaufmänn.,techn. Betriebswirt. (oS) - Experte;7412;7021
62361;Verdiensterhebung;SMONAT;Stichmonat;Apr 23;DINSG;Deutschland insgesamt;DG;Deutschland;KB10A5;Berufsgattungen (KB2010), 5-Steller;KB10-71314;Unternehmensorganisation, -planung - Experte;5724;5439
62361;Verdiensterhebung;SMONAT;Stichmonat;Apr 23;DINSG;Deutschland insgesamt;DG;Deutschland;KB10A5;Berufsgattungen (KB2010), 5-Steller;KB10-71324;Unternehmensberatung - Experte;7525;6461
62361;Verdiensterhebung;SMONAT;Stichmonat;Apr 23;DINSG;Deutschland insgesamt;DG;Deutschland;KB10A5;Berufsgattungen (KB2010), 5-Steller;KB10-71333;Wirtschaftsförderung - Spezialist;5127;4590
62361;Verdiensterhebung;SMONAT;Stichmonat;Apr 23;DINSG;Deutschland insgesamt;DG;Deutschland;KB10A5;Berufsgattungen (KB2010), 5-Steller;KB10-71382;Unternehmensorg., -strategie (ssT) - Fachkraft;5312;4434
62361;Verdiensterhebung;SMONAT;Stichmonat;Apr 23;DINSG;Deutschland insgesamt;DG;Deutschland;KB10A5;Berufsgattungen (KB2010), 5-Steller;KB10-71383;Unternehmensorg., -strategie (ssT) - Spezialist;7438;6834
62361;Verdiensterhebung;SMONAT;Stichmonat;Apr 23;DINSG;Deutschland insgesamt;DG;Deutschland;KB10A5;Berufsgattungen (KB2010), 5-Steller;KB10-71384;Unternehmensorg., -strategie (ssT) - Experte;7472;6641
62361;Verdiensterhebung;SMONAT;Stichmonat;Apr 23;DINSG;Deutschland insgesamt;DG;Deutschland;KB10A5;Berufsgattungen (KB2010), 5-Steller;KB10-71393;Aufsicht - Unternehmensorg., -strategie;6325;5805
62361;Verdiensterhebung;SMONAT;Stichmonat;Apr 23;DINSG;Deutschland insgesamt;DG;Deutschland;KB10A5;Berufsgattungen (KB2010), 5-Steller;KB10-71394;Führung - Unternehmensorg., -strategie;8427;7591
62361;Verdiensterhebung;SMONAT;Stichmonat;Apr 23;DINSG;Deutschland insgesamt;DG;Deutschland;KB10A5;Berufsgattungen (KB2010), 5-Steller;KB10-71401;Büro-, Sekretariatskräfte (oS) - Helfer;3062;2663
62361;Verdiensterhebung;SMONAT;Stichmonat;Apr 23;DINSG;Deutschland insgesamt;DG;Deutschland;KB10A5;Berufsgattungen (KB2010), 5-Steller;KB10-71402;Büro-, Sekretariatskräfte (oS) - Fachkraft;3895;3455
62361;Verdiensterhebung;SMONAT;Stichmonat;Apr 23;DINSG;Deutschland insgesamt;DG;Deutschland;KB10A5;Berufsgattungen (KB2010), 5-Steller;KB10-71403;Büro-, Sekretariatskräfte (oS) - Spezialist;4695;4329
62361;Verdiensterhebung;SMONAT;Stichmonat;Apr 23;DINSG;Deutschland insgesamt;DG;Deutschland;KB10A5;Berufsgattungen (KB2010), 5-Steller;KB10-71412;Fremdsprachensekr., -korrespondenten - Fachkraft;/;/
62361;Verdiensterhebung;SMONAT;Stichmonat;Apr 23;DINSG;Deutschland insgesamt;DG;Deutschland;KB10A5;Berufsgattungen (KB2010), 5-Steller;KB10-71413;Fremdsprachensekr., -korrespondenten - Spezialist;4090;3625
62361;Verdiensterhebung;SMONAT;Stichmonat;Apr 23;DINSG;Deutschland insgesamt;DG;Deutschland;KB10A5;Berufsgattungen (KB2010), 5-Steller;KB10-71423;Dolmetscher, Übersetzer - Spezialist;3572;3122
62361;Verdiensterhebung;SMONAT;Stichmonat;Apr 23;DINSG;Deutschland insgesamt;DG;Deutschland;KB10A5;Berufsgattungen (KB2010), 5-Steller;KB10-71424;Dolmetscher, Übersetzer - Experte;3590;3290
62361;Verdiensterhebung;SMONAT;Stichmonat;Apr 23;DINSG;Deutschland insgesamt;DG;Deutschland;KB10A5;Berufsgattungen (KB2010), 5-Steller;KB10-71432;Steno-, Phonotypisten - Fachkraft;3856;3446
62361;Verdiensterhebung;SMONAT;Stichmonat;Apr 23;DINSG;Deutschland insgesamt;DG;Deutschland;KB10A5;Berufsgattungen (KB2010), 5-Steller;KB10-71433;Steno-, Phonotypisten - Spezialist;.;.
62361;Verdiensterhebung;SMONAT;Stichmonat;Apr 23;DINSG;Deutschland insgesamt;DG;Deutschland;KB10A5;Berufsgattungen (KB2010), 5-Steller;KB10-71442;Kodierer, Korrekturleser - Fachkraft;4040;3838
62361;Verdiensterhebung;SMONAT;Stichmonat;Apr 23;DINSG;Deutschland insgesamt;DG;Deutschland;KB10A5;Berufsgattungen (KB2010), 5-Steller;KB10-71452;Auskunft, Kundeninformation - Fachkraft;3245;3000
62361;Verdiensterhebung;SMONAT;Stichmonat;Apr 23;DINSG;Deutschland insgesamt;DG;Deutschland;KB10A5;Berufsgattungen (KB2010), 5-Steller;KB10-71493;Aufsicht - Büro und Sekretariat;4568;4000
62361;Verdiensterhebung;SMONAT;Stichmonat;Apr 23;DINSG;Deutschland insgesamt;DG;Deutschland;KB10A5;Berufsgattungen (KB2010), 5-Steller;KB10-71512;Personalentwicklung, -sachbearbeitung - Fachkraft;4416;4143
62361;Verdiensterhebung;SMONAT;Stichmonat;Apr 23;DINSG;Deutschland insgesamt;DG;Deutschland;KB10A5;Berufsgattungen (KB2010), 5-Steller;KB10-71513;Personalentwicklung, -sachbearbeitung - Spezialist;5335;4968
62361;Verdiensterhebung;SMONAT;Stichmonat;Apr 23;DINSG;Deutschland insgesamt;DG;Deutschland;KB10A5;Berufsgattungen (KB2010), 5-Steller;KB10-71514;Personalentwicklung, -sachbearbeitung - Experte;5909;5250
62361;Verdiensterhebung;SMONAT;Stichmonat;Apr 23;DINSG;Deutschland insgesamt;DG;Deutschland;KB10A5;Berufsgattungen (KB2010), 5-Steller;KB10-71522;Personaldienstleistung - Fachkraft;3935;3524
62361;Verdiensterhebung;SMONAT;Stichmonat;Apr 23;DINSG;Deutschland insgesamt;DG;Deutschland;KB10A5;Berufsgattungen (KB2010), 5-Steller;KB10-71523;Personaldienstleistung - Spezialist;4703;4260
62361;Verdiensterhebung;SMONAT;Stichmonat;Apr 23;DINSG;Deutschland insgesamt;DG;Deutschland;KB10A5;Berufsgattungen (KB2010), 5-Steller;KB10-71524;Personaldienstleistung - Experte;5197;4731
62361;Verdiensterhebung;SMONAT;Stichmonat;Apr 23;DINSG;Deutschland insgesamt;DG;Deutschland;KB10A5;Berufsgattungen (KB2010), 5-Steller;KB10-71594;Führung - Personalwesen, -dienstleistung;8858;7870
62361;Verdiensterhebung;SMONAT;Stichmonat;Apr 23;DINSG;Deutschland insgesamt;DG;Deutschland;KB10A5;Berufsgattungen (KB2010), 5-Steller;KB10-72112;Bankkaufleute - Fachkraft;5541;4869
62361;Verdiensterhebung;SMONAT;Stichmonat;Apr 23;DINSG;Deutschland insgesamt;DG;Deutschland;KB10A5;Berufsgattungen (KB2010), 5-Steller;KB10-72113;Bankkaufleute - Spezialist;6191;5537
62361;Verdiensterhebung;SMONAT;Stichmonat;Apr 23;DINSG;Deutschland insgesamt;DG;Deutschland;KB10A5;Berufsgattungen (KB2010), 5-Steller;KB10-72122;Anlageberater, Finanzdienstleist. - Fachkraft;5392;4902
62361;Verdiensterhebung;SMONAT;Stichmonat;Apr 23;DINSG;Deutschland insgesamt;DG;Deutschland;KB10A5;Berufsgattungen (KB2010), 5-Steller;KB10-72123;Anlageberater, Finanzdienstleist. - Spezialist;7550;6396
62361;Verdiensterhebung;SMONAT;Stichmonat;Apr 23;DINSG;Deutschland insgesamt;DG;Deutschland;KB10A5;Berufsgattungen (KB2010), 5-Steller;KB10-72124;Anlageberater, Finanzdienstleist. - Experte;8614;7000
62361;Verdiensterhebung;SMONAT;Stichmonat;Apr 23;DINSG;Deutschland insgesamt;DG;Deutschland;KB10A5;Berufsgattungen (KB2010), 5-Steller;KB10-72132;Versicherungskaufleute - Fachkraft;4750;4477
62361;Verdiensterhebung;SMONAT;Stichmonat;Apr 23;DINSG;Deutschland insgesamt;DG;Deutschland;KB10A5;Berufsgattungen (KB2010), 5-Steller;KB10-72133;Versicherungskaufleute - Spezialist;5420;4922
62361;Verdiensterhebung;SMONAT;Stichmonat;Apr 23;DINSG;Deutschland insgesamt;DG;Deutschland;KB10A5;Berufsgattungen (KB2010), 5-Steller;KB10-72134;Versicherungskaufleute - Experte;7004;6473
62361;Verdiensterhebung;SMONAT;Stichmonat;Apr 23;DINSG;Deutschland insgesamt;DG;Deutschland;KB10A5;Berufsgattungen (KB2010), 5-Steller;KB10-72144;Finanzanalysten - Experte;7022;6399
62361;Verdiensterhebung;SMONAT;Stichmonat;Apr 23;DINSG;Deutschland insgesamt;DG;Deutschland;KB10A5;Berufsgattungen (KB2010), 5-Steller;KB10-72182;Versicherungs-, Finanzdienstl. (ssT) - Fachkraft;4792;4456
62361;Verdiensterhebung;SMONAT;Stichmonat;Apr 23;DINSG;Deutschland insgesamt;DG;Deutschland;KB10A5;Berufsgattungen (KB2010), 5-Steller;KB10-72183;Versicherungs-, Finanzdienstl. (ssT) - Spezialist;4892;4542
62361;Verdiensterhebung;SMONAT;Stichmonat;Apr 23;DINSG;Deutschland insgesamt;DG;Deutschland;KB10A5;Berufsgattungen (KB2010), 5-Steller;KB10-72184;Versicherungs-, Finanzdienstl. (ssT) - Experte;8539;7422
62361;Verdiensterhebung;SMONAT;Stichmonat;Apr 23;DINSG;Deutschland insgesamt;DG;Deutschland;KB10A5;Berufsgattungen (KB2010), 5-Steller;KB10-72194;Führung - Versicherungs-, Finanzdienstleistungen;8502;6808
62361;Verdiensterhebung;SMONAT;Stichmonat;Apr 23;DINSG;Deutschland insgesamt;DG;Deutschland;KB10A5;Berufsgattungen (KB2010), 5-Steller;KB10-72212;Buchhaltung - Fachkraft;3863;3520
62361;Verdiensterhebung;SMONAT;Stichmonat;Apr 23;DINSG;Deutschland insgesamt;DG;Deutschland;KB10A5;Berufsgattungen (KB2010), 5-Steller;KB10-72213;Buchhaltung - Spezialist;4304;3959
62361;Verdiensterhebung;SMONAT;Stichmonat;Apr 23;DINSG;Deutschland insgesamt;DG;Deutschland;KB10A5;Berufsgattungen (KB2010), 5-Steller;KB10-72214;Buchhaltung - Experte;7367;6438
62361;Verdiensterhebung;SMONAT;Stichmonat;Apr 23;DINSG;Deutschland insgesamt;DG;Deutschland;KB10A5;Berufsgattungen (KB2010), 5-Steller;KB10-72223;Kostenrechnung, Kalkulation - Spezialist;5040;4584
62361;Verdiensterhebung;SMONAT;Stichmonat;Apr 23;DINSG;Deutschland insgesamt;DG;Deutschland;KB10A5;Berufsgattungen (KB2010), 5-Steller;KB10-72224;Kostenrechnung, Kalkulation - Experte;6441;5733
62361;Verdiensterhebung;SMONAT;Stichmonat;Apr 23;DINSG;Deutschland insgesamt;DG;Deutschland;KB10A5;Berufsgattungen (KB2010), 5-Steller;KB10-72233;Controlling - Spezialist;5618;5236
62361;Verdiensterhebung;SMONAT;Stichmonat;Apr 23;DINSG;Deutschland insgesamt;DG;Deutschland;KB10A5;Berufsgattungen (KB2010), 5-Steller;KB10-72234;Controlling - Experte;6201;5724
62361;Verdiensterhebung;SMONAT;Stichmonat;Apr 23;DINSG;Deutschland insgesamt;DG;Deutschland;KB10A5;Berufsgattungen (KB2010), 5-Steller;KB10-72243;Wirtschaftsprüfung - Spezialist;4885;4375
62361;Verdiensterhebung;SMONAT;Stichmonat;Apr 23;DINSG;Deutschland insgesamt;DG;Deutschland;KB10A5;Berufsgattungen (KB2010), 5-Steller;KB10-72244;Wirtschaftsprüfung - Experte;7632;6440
62361;Verdiensterhebung;SMONAT;Stichmonat;Apr 23;DINSG;Deutschland insgesamt;DG;Deutschland;KB10A5;Berufsgattungen (KB2010), 5-Steller;KB10-72294;Führung - Rechnungswesen, Controlling, Revision;9135;7988
62361;Verdiensterhebung;SMONAT;Stichmonat;Apr 23;DINSG;Deutschland insgesamt;DG;Deutschland;KB10A5;Berufsgattungen (KB2010), 5-Steller;KB10-72302;Steuerberatung - Fachkraft;3545;3350
62361;Verdiensterhebung;SMONAT;Stichmonat;Apr 23;DINSG;Deutschland insgesamt;DG;Deutschland;KB10A5;Berufsgattungen (KB2010), 5-Steller;KB10-72303;Steuerberatung - Spezialist;4703;4167
62361;Verdiensterhebung;SMONAT;Stichmonat;Apr 23;DINSG;Deutschland insgesamt;DG;Deutschland;KB10A5;Berufsgattungen (KB2010), 5-Steller;KB10-72304;Steuerberatung - Experte;7679;6838
62361;Verdiensterhebung;SMONAT;Stichmonat;Apr 23;DINSG;Deutschland insgesamt;DG;Deutschland;KB10A5;Berufsgattungen (KB2010), 5-Steller;KB10-73104;Rechtsberatung, -sprechung (oS) - Experte;7675;7015
62361;Verdiensterhebung;SMONAT;Stichmonat;Apr 23;DINSG;Deutschland insgesamt;DG;Deutschland;KB10A5;Berufsgattungen (KB2010), 5-Steller;KB10-73112;Assistenz Rechtsanwalt., Notariat - Fachkraft;3223;3050
62361;Verdiensterhebung;SMONAT;Stichmonat;Apr 23;DINSG;Deutschland insgesamt;DG;Deutschland;KB10A5;Berufsgattungen (KB2010), 5-Steller;KB10-73113;Assistenz Rechtsanwalt., Notariat - Spezialist;4792;4800
62361;Verdiensterhebung;SMONAT;Stichmonat;Apr 23;DINSG;Deutschland insgesamt;DG;Deutschland;KB10A5;Berufsgattungen (KB2010), 5-Steller;KB10-73124;Notare - Experte;8764;7529
62361;Verdiensterhebung;SMONAT;Stichmonat;Apr 23;DINSG;Deutschland insgesamt;DG;Deutschland;KB10A5;Berufsgattungen (KB2010), 5-Steller;KB10-73134;Rechtsanwälte - Experte;8513;7638
62361;Verdiensterhebung;SMONAT;Stichmonat;Apr 23;DINSG;Deutschland insgesamt;DG;Deutschland;KB10A5;Berufsgattungen (KB2010), 5-Steller;KB10-73144;Staatsanwälte - Experte;6967;7350
62361;Verdiensterhebung;SMONAT;Stichmonat;Apr 23;DINSG;Deutschland insgesamt;DG;Deutschland;KB10A5;Berufsgattungen (KB2010), 5-Steller;KB10-73154;Richter - Experte;7188;7419
62361;Verdiensterhebung;SMONAT;Stichmonat;Apr 23;DINSG;Deutschland insgesamt;DG;Deutschland;KB10A5;Berufsgattungen (KB2010), 5-Steller;KB10-73162;Verfassungsschutz - Fachkraft;3595;3533
62361;Verdiensterhebung;SMONAT;Stichmonat;Apr 23;DINSG;Deutschland insgesamt;DG;Deutschland;KB10A5;Berufsgattungen (KB2010), 5-Steller;KB10-73163;Verfassungsschutz - Spezialist;4662;4601
62361;Verdiensterhebung;SMONAT;Stichmonat;Apr 23;DINSG;Deutschland insgesamt;DG;Deutschland;KB10A5;Berufsgattungen (KB2010), 5-Steller;KB10-73164;Verfassungsschutz - Experte;6347;6159
62361;Verdiensterhebung;SMONAT;Stichmonat;Apr 23;DINSG;Deutschland insgesamt;DG;Deutschland;KB10A5;Berufsgattungen (KB2010), 5-Steller;KB10-73183;Rechtsberatung,-sprechung,-ordn.(ssT) - Spezialist;6039;5218
62361;Verdiensterhebung;SMONAT;Stichmonat;Apr 23;DINSG;Deutschland insgesamt;DG;Deutschland;KB10A5;Berufsgattungen (KB2010), 5-Steller;KB10-73184;Rechtsberatung,-sprechung,-ordn.(ssT) - Experte;7339;6698
62361;Verdiensterhebung;SMONAT;Stichmonat;Apr 23;DINSG;Deutschland insgesamt;DG;Deutschland;KB10A5;Berufsgattungen (KB2010), 5-Steller;KB10-73194;Führung - Rechtsberatung, -sprechung, -ordnung;11361;10266
62361;Verdiensterhebung;SMONAT;Stichmonat;Apr 23;DINSG;Deutschland insgesamt;DG;Deutschland;KB10A5;Berufsgattungen (KB2010), 5-Steller;KB10-73201;Öffentliche Verwaltung (oS) - Helfer;2990;2934
62361;Verdiensterhebung;SMONAT;Stichmonat;Apr 23;DINSG;Deutschland insgesamt;DG;Deutschland;KB10A5;Berufsgattungen (KB2010), 5-Steller;KB10-73202;Öffentliche Verwaltung (oS) - Fachkraft;3489;3375
62361;Verdiensterhebung;SMONAT;Stichmonat;Apr 23;DINSG;Deutschland insgesamt;DG;Deutschland;KB10A5;Berufsgattungen (KB2010), 5-Steller;KB10-73203;Öffentliche Verwaltung (oS) - Spezialist;4600;4559
62361;Verdiensterhebung;SMONAT;Stichmonat;Apr 23;DINSG;Deutschland insgesamt;DG;Deutschland;KB10A5;Berufsgattungen (KB2010), 5-Steller;KB10-73204;Öffentliche Verwaltung (oS) - Experte;6325;6218
62361;Verdiensterhebung;SMONAT;Stichmonat;Apr 23;DINSG;Deutschland insgesamt;DG;Deutschland;KB10A5;Berufsgattungen (KB2010), 5-Steller;KB10-73212;Sozialverwaltung, -versicherung - Fachkraft;3578;3519
62361;Verdiensterhebung;SMONAT;Stichmonat;Apr 23;DINSG;Deutschland insgesamt;DG;Deutschland;KB10A5;Berufsgattungen (KB2010), 5-Steller;KB10-73213;Sozialverwaltung, -versicherung - Spezialist;4629;4606
62361;Verdiensterhebung;SMONAT;Stichmonat;Apr 23;DINSG;Deutschland insgesamt;DG;Deutschland;KB10A5;Berufsgattungen (KB2010), 5-Steller;KB10-73214;Sozialverwaltung, -versicherung - Experte;6863;6569
62361;Verdiensterhebung;SMONAT;Stichmonat;Apr 23;DINSG;Deutschland insgesamt;DG;Deutschland;KB10A5;Berufsgattungen (KB2010), 5-Steller;KB10-73222;Verwaltung Sozial-, Gesundheitswesen - Fachkraft;3383;3246
62361;Verdiensterhebung;SMONAT;Stichmonat;Apr 23;DINSG;Deutschland insgesamt;DG;Deutschland;KB10A5;Berufsgattungen (KB2010), 5-Steller;KB10-73223;Verwaltung Sozial-, Gesundheitswesen - Spezialist;4059;3759
62361;Verdiensterhebung;SMONAT;Stichmonat;Apr 23;DINSG;Deutschland insgesamt;DG;Deutschland;KB10A5;Berufsgattungen (KB2010), 5-Steller;KB10-73224;Verwaltung Sozial-, Gesundheitswesen - Experte;5537;4758
62361;Verdiensterhebung;SMONAT;Stichmonat;Apr 23;DINSG;Deutschland insgesamt;DG;Deutschland;KB10A5;Berufsgattungen (KB2010), 5-Steller;KB10-73231;Steuerverwaltung - Helfer;2901;2848
62361;Verdiensterhebung;SMONAT;Stichmonat;Apr 23;DINSG;Deutschland insgesamt;DG;Deutschland;KB10A5;Berufsgattungen (KB2010), 5-Steller;KB10-73232;Steuerverwaltung - Fachkraft;3308;3359
62361;Verdiensterhebung;SMONAT;Stichmonat;Apr 23;DINSG;Deutschland insgesamt;DG;Deutschland;KB10A5;Berufsgattungen (KB2010), 5-Steller;KB10-73233;Steuerverwaltung - Spezialist;4353;4320
62361;Verdiensterhebung;SMONAT;Stichmonat;Apr 23;DINSG;Deutschland insgesamt;DG;Deutschland;KB10A5;Berufsgattungen (KB2010), 5-Steller;KB10-73234;Steuerverwaltung - Experte;6157;6020
62361;Verdiensterhebung;SMONAT;Stichmonat;Apr 23;DINSG;Deutschland insgesamt;DG;Deutschland;KB10A5;Berufsgattungen (KB2010), 5-Steller;KB10-73241;Zolldienst - Helfer;.;.
62361;Verdiensterhebung;SMONAT;Stichmonat;Apr 23;DINSG;Deutschland insgesamt;DG;Deutschland;KB10A5;Berufsgattungen (KB2010), 5-Steller;KB10-73242;Zolldienst - Fachkraft;4295;3904
62361;Verdiensterhebung;SMONAT;Stichmonat;Apr 23;DINSG;Deutschland insgesamt;DG;Deutschland;KB10A5;Berufsgattungen (KB2010), 5-Steller;KB10-73243;Zolldienst - Spezialist;.;.
62361;Verdiensterhebung;SMONAT;Stichmonat;Apr 23;DINSG;Deutschland insgesamt;DG;Deutschland;KB10A5;Berufsgattungen (KB2010), 5-Steller;KB10-73244;Zolldienst - Experte;5254;4771
62361;Verdiensterhebung;SMONAT;Stichmonat;Apr 23;DINSG;Deutschland insgesamt;DG;Deutschland;KB10A5;Berufsgattungen (KB2010), 5-Steller;KB10-73252;Justizverwaltung - Fachkraft;3306;3367
62361;Verdiensterhebung;SMONAT;Stichmonat;Apr 23;DINSG;Deutschland insgesamt;DG;Deutschland;KB10A5;Berufsgattungen (KB2010), 5-Steller;KB10-73253;Justizverwaltung - Spezialist;4262;4150
62361;Verdiensterhebung;SMONAT;Stichmonat;Apr 23;DINSG;Deutschland insgesamt;DG;Deutschland;KB10A5;Berufsgattungen (KB2010), 5-Steller;KB10-73254;Justizverwaltung - Experte;6185;5937
62361;Verdiensterhebung;SMONAT;Stichmonat;Apr 23;DINSG;Deutschland insgesamt;DG;Deutschland;KB10A5;Berufsgattungen (KB2010), 5-Steller;KB10-73282;Öffentliche Verwaltung (ssT) - Fachkraft;3692;3540
62361;Verdiensterhebung;SMONAT;Stichmonat;Apr 23;DINSG;Deutschland insgesamt;DG;Deutschland;KB10A5;Berufsgattungen (KB2010), 5-Steller;KB10-73283;Öffentliche Verwaltung (ssT) - Spezialist;4466;4519
62361;Verdiensterhebung;SMONAT;Stichmonat;Apr 23;DINSG;Deutschland insgesamt;DG;Deutschland;KB10A5;Berufsgattungen (KB2010), 5-Steller;KB10-73284;Öffentliche Verwaltung (ssT) - Experte;6489;6227
62361;Verdiensterhebung;SMONAT;Stichmonat;Apr 23;DINSG;Deutschland insgesamt;DG;Deutschland;KB10A5;Berufsgattungen (KB2010), 5-Steller;KB10-73293;Aufsicht - Verwaltung;6525;6419
62361;Verdiensterhebung;SMONAT;Stichmonat;Apr 23;DINSG;Deutschland insgesamt;DG;Deutschland;KB10A5;Berufsgattungen (KB2010), 5-Steller;KB10-73294;Führung - Verwaltung;8570;8746
62361;Verdiensterhebung;SMONAT;Stichmonat;Apr 23;DINSG;Deutschland insgesamt;DG;Deutschland;KB10A5;Berufsgattungen (KB2010), 5-Steller;KB10-73312;Archivwesen - Fachkraft;3764;3498
62361;Verdiensterhebung;SMONAT;Stichmonat;Apr 23;DINSG;Deutschland insgesamt;DG;Deutschland;KB10A5;Berufsgattungen (KB2010), 5-Steller;KB10-73313;Archivwesen - Spezialist;4502;4087
62361;Verdiensterhebung;SMONAT;Stichmonat;Apr 23;DINSG;Deutschland insgesamt;DG;Deutschland;KB10A5;Berufsgattungen (KB2010), 5-Steller;KB10-73314;Archivwesen - Experte;3404;3180
62361;Verdiensterhebung;SMONAT;Stichmonat;Apr 23;DINSG;Deutschland insgesamt;DG;Deutschland;KB10A5;Berufsgattungen (KB2010), 5-Steller;KB10-73322;Bibliothekswesen - Fachkraft;3586;3361
62361;Verdiensterhebung;SMONAT;Stichmonat;Apr 23;DINSG;Deutschland insgesamt;DG;Deutschland;KB10A5;Berufsgattungen (KB2010), 5-Steller;KB10-73323;Bibliothekswesen - Spezialist;4753;4286
62361;Verdiensterhebung;SMONAT;Stichmonat;Apr 23;DINSG;Deutschland insgesamt;DG;Deutschland;KB10A5;Berufsgattungen (KB2010), 5-Steller;KB10-73324;Bibliothekswesen - Experte;4665;4424
62361;Verdiensterhebung;SMONAT;Stichmonat;Apr 23;DINSG;Deutschland insgesamt;DG;Deutschland;KB10A5;Berufsgattungen (KB2010), 5-Steller;KB10-73332;Dokumentations-, Informationsdienst - Fachkraft;4353;4050
62361;Verdiensterhebung;SMONAT;Stichmonat;Apr 23;DINSG;Deutschland insgesamt;DG;Deutschland;KB10A5;Berufsgattungen (KB2010), 5-Steller;KB10-73333;Dokumentations-, Informationsdienst - Spezialist;4449;3473
62361;Verdiensterhebung;SMONAT;Stichmonat;Apr 23;DINSG;Deutschland insgesamt;DG;Deutschland;KB10A5;Berufsgattungen (KB2010), 5-Steller;KB10-73334;Dokumentations-, Informationsdienst - Experte;4212;4026
62361;Verdiensterhebung;SMONAT;Stichmonat;Apr 23;DINSG;Deutschland insgesamt;DG;Deutschland;KB10A5;Berufsgattungen (KB2010), 5-Steller;KB10-73342;Medizinische Dokumentation - Fachkraft;4640;4168
62361;Verdiensterhebung;SMONAT;Stichmonat;Apr 23;DINSG;Deutschland insgesamt;DG;Deutschland;KB10A5;Berufsgattungen (KB2010), 5-Steller;KB10-73394;Führung - Medien-, Dokument.-, Informationsdienst;6362;5440
62361;Verdiensterhebung;SMONAT;Stichmonat;Apr 23;DINSG;Deutschland insgesamt;DG;Deutschland;KB10A5;Berufsgattungen (KB2010), 5-Steller;KB10-81102;Medizinische Fachangestellte (oS) - Fachkraft;2861;2828
62361;Verdiensterhebung;SMONAT;Stichmonat;Apr 23;DINSG;Deutschland insgesamt;DG;Deutschland;KB10A5;Berufsgattungen (KB2010), 5-Steller;KB10-81103;Medizinische Fachangestellte (oS) - Spezialist;2859;2815
62361;Verdiensterhebung;SMONAT;Stichmonat;Apr 23;DINSG;Deutschland insgesamt;DG;Deutschland;KB10A5;Berufsgattungen (KB2010), 5-Steller;KB10-81112;Zahnmedizinische Fachangestellte - Fachkraft;2660;2600
62361;Verdiensterhebung;SMONAT;Stichmonat;Apr 23;DINSG;Deutschland insgesamt;DG;Deutschland;KB10A5;Berufsgattungen (KB2010), 5-Steller;KB10-81113;Zahnmedizinische Fachangestellte - Spezialist;3058;3050
62361;Verdiensterhebung;SMONAT;Stichmonat;Apr 23;DINSG;Deutschland insgesamt;DG;Deutschland;KB10A5;Berufsgattungen (KB2010), 5-Steller;KB10-81132;Orthoptisten - Fachkraft;3637;3624
62361;Verdiensterhebung;SMONAT;Stichmonat;Apr 23;DINSG;Deutschland insgesamt;DG;Deutschland;KB10A5;Berufsgattungen (KB2010), 5-Steller;KB10-81142;Tiermedizinische Fachangestellte - Fachkraft;2661;2585
62361;Verdiensterhebung;SMONAT;Stichmonat;Apr 23;DINSG;Deutschland insgesamt;DG;Deutschland;KB10A5;Berufsgattungen (KB2010), 5-Steller;KB10-81143;Tiermedizinische Fachangestellte - Spezialist;3432;3374
62361;Verdiensterhebung;SMONAT;Stichmonat;Apr 23;DINSG;Deutschland insgesamt;DG;Deutschland;KB10A5;Berufsgattungen (KB2010), 5-Steller;KB10-81182;Medizinische Fachangestellte (ssT) - Fachkraft;3082;2951
62361;Verdiensterhebung;SMONAT;Stichmonat;Apr 23;DINSG;Deutschland insgesamt;DG;Deutschland;KB10A5;Berufsgattungen (KB2010), 5-Steller;KB10-81183;Medizinische Fachangestellte (ssT) - Spezialist;3488;3308
62361;Verdiensterhebung;SMONAT;Stichmonat;Apr 23;DINSG;Deutschland insgesamt;DG;Deutschland;KB10A5;Berufsgattungen (KB2010), 5-Steller;KB10-81212;Med.-tech. Berufe Laboratorium - Fachkraft;3747;3640
62361;Verdiensterhebung;SMONAT;Stichmonat;Apr 23;DINSG;Deutschland insgesamt;DG;Deutschland;KB10A5;Berufsgattungen (KB2010), 5-Steller;KB10-81213;Med.-tech. Berufe Laboratorium - Spezialist;/;/
62361;Verdiensterhebung;SMONAT;Stichmonat;Apr 23;DINSG;Deutschland insgesamt;DG;Deutschland;KB10A5;Berufsgattungen (KB2010), 5-Steller;KB10-81214;Med.-tech. Berufe Laboratorium - Experte;10599;10000
62361;Verdiensterhebung;SMONAT;Stichmonat;Apr 23;DINSG;Deutschland insgesamt;DG;Deutschland;KB10A5;Berufsgattungen (KB2010), 5-Steller;KB10-81222;Med.-tech. Berufe Funktionsdiagnostik - Fachkraft;3901;3637
62361;Verdiensterhebung;SMONAT;Stichmonat;Apr 23;DINSG;Deutschland insgesamt;DG;Deutschland;KB10A5;Berufsgattungen (KB2010), 5-Steller;KB10-81223;Med.-tech. Berufe Funktionsdiagnostik - Spezialist;5826;5797
62361;Verdiensterhebung;SMONAT;Stichmonat;Apr 23;DINSG;Deutschland insgesamt;DG;Deutschland;KB10A5;Berufsgattungen (KB2010), 5-Steller;KB10-81224;Med.-tech. Berufe Funktionsdiagnostik - Experte;6169;5766
62361;Verdiensterhebung;SMONAT;Stichmonat;Apr 23;DINSG;Deutschland insgesamt;DG;Deutschland;KB10A5;Berufsgattungen (KB2010), 5-Steller;KB10-81232;Med.-tech. Berufe Radiologie - Fachkraft;4037;4056
62361;Verdiensterhebung;SMONAT;Stichmonat;Apr 23;DINSG;Deutschland insgesamt;DG;Deutschland;KB10A5;Berufsgattungen (KB2010), 5-Steller;KB10-81233;Med.-tech. Berufe Radiologie - Spezialist;/;/
62361;Verdiensterhebung;SMONAT;Stichmonat;Apr 23;DINSG;Deutschland insgesamt;DG;Deutschland;KB10A5;Berufsgattungen (KB2010), 5-Steller;KB10-81234;Med.-tech. Berufe Radiologie - Experte;11276;10859
62361;Verdiensterhebung;SMONAT;Stichmonat;Apr 23;DINSG;Deutschland insgesamt;DG;Deutschland;KB10A5;Berufsgattungen (KB2010), 5-Steller;KB10-81242;Med.-tech. Berufe Veterinärmedizin - Fachkraft;3905;3636
62361;Verdiensterhebung;SMONAT;Stichmonat;Apr 23;DINSG;Deutschland insgesamt;DG;Deutschland;KB10A5;Berufsgattungen (KB2010), 5-Steller;KB10-81243;Med.-tech. Berufe Veterinärmedizin - Spezialist;/;/
62361;Verdiensterhebung;SMONAT;Stichmonat;Apr 23;DINSG;Deutschland insgesamt;DG;Deutschland;KB10A5;Berufsgattungen (KB2010), 5-Steller;KB10-81294;Führung - Medizinisches Laboratorium;/;/
62361;Verdiensterhebung;SMONAT;Stichmonat;Apr 23;DINSG;Deutschland insgesamt;DG;Deutschland;KB10A5;Berufsgattungen (KB2010), 5-Steller;KB10-81301;Gesundheits-, Krankenpflege (oS) - Helfer;3201;3063
62361;Verdiensterhebung;SMONAT;Stichmonat;Apr 23;DINSG;Deutschland insgesamt;DG;Deutschland;KB10A5;Berufsgattungen (KB2010), 5-Steller;KB10-81302;Gesundheits-, Krankenpflege (oS) - Fachkraft;4067;3988
62361;Verdiensterhebung;SMONAT;Stichmonat;Apr 23;DINSG;Deutschland insgesamt;DG;Deutschland;KB10A5;Berufsgattungen (KB2010), 5-Steller;KB10-81313;Fachkrankenpflege - Spezialist;4570;4435
62361;Verdiensterhebung;SMONAT;Stichmonat;Apr 23;DINSG;Deutschland insgesamt;DG;Deutschland;KB10A5;Berufsgattungen (KB2010), 5-Steller;KB10-81323;Fachkinderkrankenpflege - Spezialist;4566;4438
62361;Verdiensterhebung;SMONAT;Stichmonat;Apr 23;DINSG;Deutschland insgesamt;DG;Deutschland;KB10A5;Berufsgattungen (KB2010), 5-Steller;KB10-81332;Operationstechnische Assistenz - Fachkraft;4261;4182
62361;Verdiensterhebung;SMONAT;Stichmonat;Apr 23;DINSG;Deutschland insgesamt;DG;Deutschland;KB10A5;Berufsgattungen (KB2010), 5-Steller;KB10-81333;Operationstechnische Assistenz - Spezialist;4377;4152
62361;Verdiensterhebung;SMONAT;Stichmonat;Apr 23;DINSG;Deutschland insgesamt;DG;Deutschland;KB10A5;Berufsgattungen (KB2010), 5-Steller;KB10-81341;Rettungsdienst - Helfer;2841;2756
62361;Verdiensterhebung;SMONAT;Stichmonat;Apr 23;DINSG;Deutschland insgesamt;DG;Deutschland;KB10A5;Berufsgattungen (KB2010), 5-Steller;KB10-81342;Rettungsdienst - Fachkraft;3782;3717
62361;Verdiensterhebung;SMONAT;Stichmonat;Apr 23;DINSG;Deutschland insgesamt;DG;Deutschland;KB10A5;Berufsgattungen (KB2010), 5-Steller;KB10-81343;Rettungsdienst - Spezialist;4193;4013
62361;Verdiensterhebung;SMONAT;Stichmonat;Apr 23;DINSG;Deutschland insgesamt;DG;Deutschland;KB10A5;Berufsgattungen (KB2010), 5-Steller;KB10-81352;Geburtshilfe, Entbindungspflege - Fachkraft;3535;3751
62361;Verdiensterhebung;SMONAT;Stichmonat;Apr 23;DINSG;Deutschland insgesamt;DG;Deutschland;KB10A5;Berufsgattungen (KB2010), 5-Steller;KB10-81353;Geburtshilfe, Entbindungspflege - Spezialist;4048;4042
62361;Verdiensterhebung;SMONAT;Stichmonat;Apr 23;DINSG;Deutschland insgesamt;DG;Deutschland;KB10A5;Berufsgattungen (KB2010), 5-Steller;KB10-81382;Gesundheits-, Krankenpflege (ssT) - Fachkraft;4037;3912
62361;Verdiensterhebung;SMONAT;Stichmonat;Apr 23;DINSG;Deutschland insgesamt;DG;Deutschland;KB10A5;Berufsgattungen (KB2010), 5-Steller;KB10-81383;Gesundheits-, Krankenpflege (ssT) - Spezialist;/;/
62361;Verdiensterhebung;SMONAT;Stichmonat;Apr 23;DINSG;Deutschland insgesamt;DG;Deutschland;KB10A5;Berufsgattungen (KB2010), 5-Steller;KB10-81393;Aufsicht - Krankenpflege, Rettungsd., Geburtshilfe;5007;4954
62361;Verdiensterhebung;SMONAT;Stichmonat;Apr 23;DINSG;Deutschland insgesamt;DG;Deutschland;KB10A5;Berufsgattungen (KB2010), 5-Steller;KB10-81394;Führung - Krankenpflege, Rettungsd., Geburtshilfe;5416;4953
62361;Verdiensterhebung;SMONAT;Stichmonat;Apr 23;DINSG;Deutschland insgesamt;DG;Deutschland;KB10A5;Berufsgattungen (KB2010), 5-Steller;KB10-81404;Ärzte (oS) - Experte;7983;7022
62361;Verdiensterhebung;SMONAT;Stichmonat;Apr 23;DINSG;Deutschland insgesamt;DG;Deutschland;KB10A5;Berufsgattungen (KB2010), 5-Steller;KB10-81414;Fachärzte Kinder-, Jugendmedizin - Experte;7897;7259
62361;Verdiensterhebung;SMONAT;Stichmonat;Apr 23;DINSG;Deutschland insgesamt;DG;Deutschland;KB10A5;Berufsgattungen (KB2010), 5-Steller;KB10-81424;Fachärzte Innere Medizin - Experte;9291;8231
62361;Verdiensterhebung;SMONAT;Stichmonat;Apr 23;DINSG;Deutschland insgesamt;DG;Deutschland;KB10A5;Berufsgattungen (KB2010), 5-Steller;KB10-81434;Fachärzte Chirurgie - Experte;10636;9256
62361;Verdiensterhebung;SMONAT;Stichmonat;Apr 23;DINSG;Deutschland insgesamt;DG;Deutschland;KB10A5;Berufsgattungen (KB2010), 5-Steller;KB10-81444;Fachärzte Sinnes-, Geschlechtsorgane - Experte;9882;8427
62361;Verdiensterhebung;SMONAT;Stichmonat;Apr 23;DINSG;Deutschland insgesamt;DG;Deutschland;KB10A5;Berufsgattungen (KB2010), 5-Steller;KB10-81454;Fachärzte Anästhesiologie - Experte;9387;8748
62361;Verdiensterhebung;SMONAT;Stichmonat;Apr 23;DINSG;Deutschland insgesamt;DG;Deutschland;KB10A5;Berufsgattungen (KB2010), 5-Steller;KB10-81464;Fachärzte Psychiatrie, Psychotherapie - Experte;8460;7958
62361;Verdiensterhebung;SMONAT;Stichmonat;Apr 23;DINSG;Deutschland insgesamt;DG;Deutschland;KB10A5;Berufsgattungen (KB2010), 5-Steller;KB10-81474;Zahnärzte, Kieferorthopäden - Experte;6719;5289
62361;Verdiensterhebung;SMONAT;Stichmonat;Apr 23;DINSG;Deutschland insgesamt;DG;Deutschland;KB10A5;Berufsgattungen (KB2010), 5-Steller;KB10-81484;Ärzte (ssT) - Experte;8355;7727
62361;Verdiensterhebung;SMONAT;Stichmonat;Apr 23;DINSG;Deutschland insgesamt;DG;Deutschland;KB10A5;Berufsgattungen (KB2010), 5-Steller;KB10-81494;Führung - Human- und Zahnmedizin;14852;13095
62361;Verdiensterhebung;SMONAT;Stichmonat;Apr 23;DINSG;Deutschland insgesamt;DG;Deutschland;KB10A5;Berufsgattungen (KB2010), 5-Steller;KB10-81504;Tierärzte (oS) - Experte;5349;4725
62361;Verdiensterhebung;SMONAT;Stichmonat;Apr 23;DINSG;Deutschland insgesamt;DG;Deutschland;KB10A5;Berufsgattungen (KB2010), 5-Steller;KB10-81514;Tierärzte für Groß-, Nutztiere - Experte;3664;3316
62361;Verdiensterhebung;SMONAT;Stichmonat;Apr 23;DINSG;Deutschland insgesamt;DG;Deutschland;KB10A5;Berufsgattungen (KB2010), 5-Steller;KB10-81524;Tierärzte für Haus-, Heimtiere - Experte;5248;4690
62361;Verdiensterhebung;SMONAT;Stichmonat;Apr 23;DINSG;Deutschland insgesamt;DG;Deutschland;KB10A5;Berufsgattungen (KB2010), 5-Steller;KB10-81532;Tierheilpraktiker - Fachkraft;.;.
62361;Verdiensterhebung;SMONAT;Stichmonat;Apr 23;DINSG;Deutschland insgesamt;DG;Deutschland;KB10A5;Berufsgattungen (KB2010), 5-Steller;KB10-81584;Tiermedizin, Tierheilkunde (ssT) - Experte;.;.
62361;Verdiensterhebung;SMONAT;Stichmonat;Apr 23;DINSG;Deutschland insgesamt;DG;Deutschland;KB10A5;Berufsgattungen (KB2010), 5-Steller;KB10-81594;Führung - Tiermedizin und Tierheilkunde;.;.
62361;Verdiensterhebung;SMONAT;Stichmonat;Apr 23;DINSG;Deutschland insgesamt;DG;Deutschland;KB10A5;Berufsgattungen (KB2010), 5-Steller;KB10-81614;Nicht klinische Psychologie - Experte;4825;4911
62361;Verdiensterhebung;SMONAT;Stichmonat;Apr 23;DINSG;Deutschland insgesamt;DG;Deutschland;KB10A5;Berufsgattungen (KB2010), 5-Steller;KB10-81623;Klinische Psychologie - Spezialist;/;/
62361;Verdiensterhebung;SMONAT;Stichmonat;Apr 23;DINSG;Deutschland insgesamt;DG;Deutschland;KB10A5;Berufsgattungen (KB2010), 5-Steller;KB10-81624;Klinische Psychologie - Experte;4776;4784
62361;Verdiensterhebung;SMONAT;Stichmonat;Apr 23;DINSG;Deutschland insgesamt;DG;Deutschland;KB10A5;Berufsgattungen (KB2010), 5-Steller;KB10-81634;Nicht ärztliche Psychotherapie - Experte;4403;4681
62361;Verdiensterhebung;SMONAT;Stichmonat;Apr 23;DINSG;Deutschland insgesamt;DG;Deutschland;KB10A5;Berufsgattungen (KB2010), 5-Steller;KB10-81712;Physiotherapie - Fachkraft;2961;2903
62361;Verdiensterhebung;SMONAT;Stichmonat;Apr 23;DINSG;Deutschland insgesamt;DG;Deutschland;KB10A5;Berufsgattungen (KB2010), 5-Steller;KB10-81713;Physiotherapie - Spezialist;3052;3040
62361;Verdiensterhebung;SMONAT;Stichmonat;Apr 23;DINSG;Deutschland insgesamt;DG;Deutschland;KB10A5;Berufsgattungen (KB2010), 5-Steller;KB10-81714;Physiotherapie - Experte;2674;2713
62361;Verdiensterhebung;SMONAT;Stichmonat;Apr 23;DINSG;Deutschland insgesamt;DG;Deutschland;KB10A5;Berufsgattungen (KB2010), 5-Steller;KB10-81722;Ergotherapie - Fachkraft;/;/
62361;Verdiensterhebung;SMONAT;Stichmonat;Apr 23;DINSG;Deutschland insgesamt;DG;Deutschland;KB10A5;Berufsgattungen (KB2010), 5-Steller;KB10-81723;Ergotherapie - Spezialist;3205;3200
62361;Verdiensterhebung;SMONAT;Stichmonat;Apr 23;DINSG;Deutschland insgesamt;DG;Deutschland;KB10A5;Berufsgattungen (KB2010), 5-Steller;KB10-81724;Ergotherapie - Experte;3518;3455
62361;Verdiensterhebung;SMONAT;Stichmonat;Apr 23;DINSG;Deutschland insgesamt;DG;Deutschland;KB10A5;Berufsgattungen (KB2010), 5-Steller;KB10-81733;Sprachtherapie - Spezialist;3283;3200
62361;Verdiensterhebung;SMONAT;Stichmonat;Apr 23;DINSG;Deutschland insgesamt;DG;Deutschland;KB10A5;Berufsgattungen (KB2010), 5-Steller;KB10-81734;Sprachtherapie - Experte;3930;3800
62361;Verdiensterhebung;SMONAT;Stichmonat;Apr 23;DINSG;Deutschland insgesamt;DG;Deutschland;KB10A5;Berufsgattungen (KB2010), 5-Steller;KB10-81743;Musik- und Kunsttherapie - Spezialist;3584;3603
62361;Verdiensterhebung;SMONAT;Stichmonat;Apr 23;DINSG;Deutschland insgesamt;DG;Deutschland;KB10A5;Berufsgattungen (KB2010), 5-Steller;KB10-81744;Musik- und Kunsttherapie - Experte;3415;3791
62361;Verdiensterhebung;SMONAT;Stichmonat;Apr 23;DINSG;Deutschland insgesamt;DG;Deutschland;KB10A5;Berufsgattungen (KB2010), 5-Steller;KB10-81752;Heilkunde und Homöopathie - Fachkraft;3770;3618
62361;Verdiensterhebung;SMONAT;Stichmonat;Apr 23;DINSG;Deutschland insgesamt;DG;Deutschland;KB10A5;Berufsgattungen (KB2010), 5-Steller;KB10-81753;Heilkunde und Homöopathie - Spezialist;2584;2895
62361;Verdiensterhebung;SMONAT;Stichmonat;Apr 23;DINSG;Deutschland insgesamt;DG;Deutschland;KB10A5;Berufsgattungen (KB2010), 5-Steller;KB10-81762;Diät- und Ernährungstherapie - Fachkraft;3346;3315
62361;Verdiensterhebung;SMONAT;Stichmonat;Apr 23;DINSG;Deutschland insgesamt;DG;Deutschland;KB10A5;Berufsgattungen (KB2010), 5-Steller;KB10-81763;Diät- und Ernährungstherapie - Spezialist;3850;3823
62361;Verdiensterhebung;SMONAT;Stichmonat;Apr 23;DINSG;Deutschland insgesamt;DG;Deutschland;KB10A5;Berufsgattungen (KB2010), 5-Steller;KB10-81764;Diät- und Ernährungstherapie - Experte;.;.
62361;Verdiensterhebung;SMONAT;Stichmonat;Apr 23;DINSG;Deutschland insgesamt;DG;Deutschland;KB10A5;Berufsgattungen (KB2010), 5-Steller;KB10-81772;Podologen - Fachkraft;/;/
62361;Verdiensterhebung;SMONAT;Stichmonat;Apr 23;DINSG;Deutschland insgesamt;DG;Deutschland;KB10A5;Berufsgattungen (KB2010), 5-Steller;KB10-81782;Nichtärztl. Therapie, Heilkunde (ssT) - Fachkraft;3138;3163
62361;Verdiensterhebung;SMONAT;Stichmonat;Apr 23;DINSG;Deutschland insgesamt;DG;Deutschland;KB10A5;Berufsgattungen (KB2010), 5-Steller;KB10-81783;Nichtärztl. Therapie, Heilkunde (ssT) - Spezialist;3434;3219
62361;Verdiensterhebung;SMONAT;Stichmonat;Apr 23;DINSG;Deutschland insgesamt;DG;Deutschland;KB10A5;Berufsgattungen (KB2010), 5-Steller;KB10-81784;Nichtärztl. Therapie, Heilkunde (ssT) - Experte;5436;5619
62361;Verdiensterhebung;SMONAT;Stichmonat;Apr 23;DINSG;Deutschland insgesamt;DG;Deutschland;KB10A5;Berufsgattungen (KB2010), 5-Steller;KB10-81794;Führung - Nichtärztliche Therapie, Heilkunde;5017;4697
62361;Verdiensterhebung;SMONAT;Stichmonat;Apr 23;DINSG;Deutschland insgesamt;DG;Deutschland;KB10A5;Berufsgattungen (KB2010), 5-Steller;KB10-81804;Apotheker, Pharmazeuten - Experte;5342;5129
62361;Verdiensterhebung;SMONAT;Stichmonat;Apr 23;DINSG;Deutschland insgesamt;DG;Deutschland;KB10A5;Berufsgattungen (KB2010), 5-Steller;KB10-81814;Fachärzte in der Pharmakologie - Experte;8692;7173
62361;Verdiensterhebung;SMONAT;Stichmonat;Apr 23;DINSG;Deutschland insgesamt;DG;Deutschland;KB10A5;Berufsgattungen (KB2010), 5-Steller;KB10-81822;Pharmazeutisch-technische Assistenz - Fachkraft;3105;2997
62361;Verdiensterhebung;SMONAT;Stichmonat;Apr 23;DINSG;Deutschland insgesamt;DG;Deutschland;KB10A5;Berufsgattungen (KB2010), 5-Steller;KB10-81883;Pharmazie (ssT) - Spezialist;6845;6651
62361;Verdiensterhebung;SMONAT;Stichmonat;Apr 23;DINSG;Deutschland insgesamt;DG;Deutschland;KB10A5;Berufsgattungen (KB2010), 5-Steller;KB10-81884;Pharmazie (ssT) - Experte;6844;6242
62361;Verdiensterhebung;SMONAT;Stichmonat;Apr 23;DINSG;Deutschland insgesamt;DG;Deutschland;KB10A5;Berufsgattungen (KB2010), 5-Steller;KB10-81894;Führung - Pharmazie;10220;9573
62361;Verdiensterhebung;SMONAT;Stichmonat;Apr 23;DINSG;Deutschland insgesamt;DG;Deutschland;KB10A5;Berufsgattungen (KB2010), 5-Steller;KB10-82101;Altenpflege (oS) - Helfer;3054;2913
62361;Verdiensterhebung;SMONAT;Stichmonat;Apr 23;DINSG;Deutschland insgesamt;DG;Deutschland;KB10A5;Berufsgattungen (KB2010), 5-Steller;KB10-82102;Altenpflege (oS) - Fachkraft;3920;3888
62361;Verdiensterhebung;SMONAT;Stichmonat;Apr 23;DINSG;Deutschland insgesamt;DG;Deutschland;KB10A5;Berufsgattungen (KB2010), 5-Steller;KB10-82103;Altenpflege (oS) - Spezialist;4226;3938
62361;Verdiensterhebung;SMONAT;Stichmonat;Apr 23;DINSG;Deutschland insgesamt;DG;Deutschland;KB10A5;Berufsgattungen (KB2010), 5-Steller;KB10-82182;Altenpflege (ssT) - Fachkraft;/;/
62361;Verdiensterhebung;SMONAT;Stichmonat;Apr 23;DINSG;Deutschland insgesamt;DG;Deutschland;KB10A5;Berufsgattungen (KB2010), 5-Steller;KB10-82183;Altenpflege (ssT) - Spezialist;3703;3735
62361;Verdiensterhebung;SMONAT;Stichmonat;Apr 23;DINSG;Deutschland insgesamt;DG;Deutschland;KB10A5;Berufsgattungen (KB2010), 5-Steller;KB10-82194;Führung - Altenpflege;5980;5781
62361;Verdiensterhebung;SMONAT;Stichmonat;Apr 23;DINSG;Deutschland insgesamt;DG;Deutschland;KB10A5;Berufsgattungen (KB2010), 5-Steller;KB10-82212;Gesundheitsberatung - Fachkraft;/;/
62361;Verdiensterhebung;SMONAT;Stichmonat;Apr 23;DINSG;Deutschland insgesamt;DG;Deutschland;KB10A5;Berufsgattungen (KB2010), 5-Steller;KB10-82213;Gesundheitsberatung - Spezialist;/;/
62361;Verdiensterhebung;SMONAT;Stichmonat;Apr 23;DINSG;Deutschland insgesamt;DG;Deutschland;KB10A5;Berufsgattungen (KB2010), 5-Steller;KB10-82214;Gesundheitsberatung - Experte;5618;5356
62361;Verdiensterhebung;SMONAT;Stichmonat;Apr 23;DINSG;Deutschland insgesamt;DG;Deutschland;KB10A5;Berufsgattungen (KB2010), 5-Steller;KB10-82222;Wellness - Fachkraft;2954;2731
62361;Verdiensterhebung;SMONAT;Stichmonat;Apr 23;DINSG;Deutschland insgesamt;DG;Deutschland;KB10A5;Berufsgattungen (KB2010), 5-Steller;KB10-82223;Wellness - Spezialist;2909;2638
62361;Verdiensterhebung;SMONAT;Stichmonat;Apr 23;DINSG;Deutschland insgesamt;DG;Deutschland;KB10A5;Berufsgattungen (KB2010), 5-Steller;KB10-82232;Ernährungsberatung - Fachkraft;/;/
62361;Verdiensterhebung;SMONAT;Stichmonat;Apr 23;DINSG;Deutschland insgesamt;DG;Deutschland;KB10A5;Berufsgattungen (KB2010), 5-Steller;KB10-82233;Ernährungsberatung - Spezialist;3125;2820
62361;Verdiensterhebung;SMONAT;Stichmonat;Apr 23;DINSG;Deutschland insgesamt;DG;Deutschland;KB10A5;Berufsgattungen (KB2010), 5-Steller;KB10-82243;Qualitätsbeauftragte Gesundheitswesen - Spezialist;4487;4188
62361;Verdiensterhebung;SMONAT;Stichmonat;Apr 23;DINSG;Deutschland insgesamt;DG;Deutschland;KB10A5;Berufsgattungen (KB2010), 5-Steller;KB10-82283;Ernährungs-, Gesundheitsberat. (ssT) - Spezialist;3812;3623
62361;Verdiensterhebung;SMONAT;Stichmonat;Apr 23;DINSG;Deutschland insgesamt;DG;Deutschland;KB10A5;Berufsgattungen (KB2010), 5-Steller;KB10-82284;Ernährungs-, Gesundheitsberat. (ssT) - Experte;4476;3881
62361;Verdiensterhebung;SMONAT;Stichmonat;Apr 23;DINSG;Deutschland insgesamt;DG;Deutschland;KB10A5;Berufsgattungen (KB2010), 5-Steller;KB10-82311;Friseurgewerbe - Helfer;1974;1890
62361;Verdiensterhebung;SMONAT;Stichmonat;Apr 23;DINSG;Deutschland insgesamt;DG;Deutschland;KB10A5;Berufsgattungen (KB2010), 5-Steller;KB10-82312;Friseurgewerbe - Fachkraft;2047;2080
62361;Verdiensterhebung;SMONAT;Stichmonat;Apr 23;DINSG;Deutschland insgesamt;DG;Deutschland;KB10A5;Berufsgattungen (KB2010), 5-Steller;KB10-82322;Kosmetik - Fachkraft;2514;2427
62361;Verdiensterhebung;SMONAT;Stichmonat;Apr 23;DINSG;Deutschland insgesamt;DG;Deutschland;KB10A5;Berufsgattungen (KB2010), 5-Steller;KB10-82332;Tätowierer, Piercer - Fachkraft;.;.
62361;Verdiensterhebung;SMONAT;Stichmonat;Apr 23;DINSG;Deutschland insgesamt;DG;Deutschland;KB10A5;Berufsgattungen (KB2010), 5-Steller;KB10-82342;Maskenbildnerei - Fachkraft;3488;3201
62361;Verdiensterhebung;SMONAT;Stichmonat;Apr 23;DINSG;Deutschland insgesamt;DG;Deutschland;KB10A5;Berufsgattungen (KB2010), 5-Steller;KB10-82343;Maskenbildnerei - Spezialist;3896;3547
62361;Verdiensterhebung;SMONAT;Stichmonat;Apr 23;DINSG;Deutschland insgesamt;DG;Deutschland;KB10A5;Berufsgattungen (KB2010), 5-Steller;KB10-82393;Aufsicht - Körperpflege;2462;2332
62361;Verdiensterhebung;SMONAT;Stichmonat;Apr 23;DINSG;Deutschland insgesamt;DG;Deutschland;KB10A5;Berufsgattungen (KB2010), 5-Steller;KB10-82401;Bestattungswesen - Helfer;3637;3340
62361;Verdiensterhebung;SMONAT;Stichmonat;Apr 23;DINSG;Deutschland insgesamt;DG;Deutschland;KB10A5;Berufsgattungen (KB2010), 5-Steller;KB10-82402;Bestattungswesen - Fachkraft;3285;3200
62361;Verdiensterhebung;SMONAT;Stichmonat;Apr 23;DINSG;Deutschland insgesamt;DG;Deutschland;KB10A5;Berufsgattungen (KB2010), 5-Steller;KB10-82403;Bestattungswesen - Spezialist;3703;3351
62361;Verdiensterhebung;SMONAT;Stichmonat;Apr 23;DINSG;Deutschland insgesamt;DG;Deutschland;KB10A5;Berufsgattungen (KB2010), 5-Steller;KB10-82493;Aufsicht - Bestattungswesen;.;.
62361;Verdiensterhebung;SMONAT;Stichmonat;Apr 23;DINSG;Deutschland insgesamt;DG;Deutschland;KB10A5;Berufsgattungen (KB2010), 5-Steller;KB10-82494;Führung - Bestattungswesen;.;.
62361;Verdiensterhebung;SMONAT;Stichmonat;Apr 23;DINSG;Deutschland insgesamt;DG;Deutschland;KB10A5;Berufsgattungen (KB2010), 5-Steller;KB10-82502;Medizintechnik (oS) - Fachkraft;3630;3524
62361;Verdiensterhebung;SMONAT;Stichmonat;Apr 23;DINSG;Deutschland insgesamt;DG;Deutschland;KB10A5;Berufsgattungen (KB2010), 5-Steller;KB10-82503;Medizintechnik (oS) - Spezialist;4895;4582
62361;Verdiensterhebung;SMONAT;Stichmonat;Apr 23;DINSG;Deutschland insgesamt;DG;Deutschland;KB10A5;Berufsgattungen (KB2010), 5-Steller;KB10-82504;Medizintechnik (oS) - Experte;5998;5546
62361;Verdiensterhebung;SMONAT;Stichmonat;Apr 23;DINSG;Deutschland insgesamt;DG;Deutschland;KB10A5;Berufsgattungen (KB2010), 5-Steller;KB10-82512;Orthopädie- und Rehatechnik - Fachkraft;2694;2350
62361;Verdiensterhebung;SMONAT;Stichmonat;Apr 23;DINSG;Deutschland insgesamt;DG;Deutschland;KB10A5;Berufsgattungen (KB2010), 5-Steller;KB10-82513;Orthopädie- und Rehatechnik - Spezialist;3264;3140
62361;Verdiensterhebung;SMONAT;Stichmonat;Apr 23;DINSG;Deutschland insgesamt;DG;Deutschland;KB10A5;Berufsgattungen (KB2010), 5-Steller;KB10-82514;Orthopädie- und Rehatechnik - Experte;/;/
62361;Verdiensterhebung;SMONAT;Stichmonat;Apr 23;DINSG;Deutschland insgesamt;DG;Deutschland;KB10A5;Berufsgattungen (KB2010), 5-Steller;KB10-82522;Augenoptik - Fachkraft;2697;2500
62361;Verdiensterhebung;SMONAT;Stichmonat;Apr 23;DINSG;Deutschland insgesamt;DG;Deutschland;KB10A5;Berufsgattungen (KB2010), 5-Steller;KB10-82523;Augenoptik - Spezialist;/;/
62361;Verdiensterhebung;SMONAT;Stichmonat;Apr 23;DINSG;Deutschland insgesamt;DG;Deutschland;KB10A5;Berufsgattungen (KB2010), 5-Steller;KB10-82524;Augenoptik - Experte;7027;5744
62361;Verdiensterhebung;SMONAT;Stichmonat;Apr 23;DINSG;Deutschland insgesamt;DG;Deutschland;KB10A5;Berufsgattungen (KB2010), 5-Steller;KB10-82532;Hörgeräteakustik - Fachkraft;3224;2827
62361;Verdiensterhebung;SMONAT;Stichmonat;Apr 23;DINSG;Deutschland insgesamt;DG;Deutschland;KB10A5;Berufsgattungen (KB2010), 5-Steller;KB10-82533;Hörgeräteakustik - Spezialist;.;.
62361;Verdiensterhebung;SMONAT;Stichmonat;Apr 23;DINSG;Deutschland insgesamt;DG;Deutschland;KB10A5;Berufsgattungen (KB2010), 5-Steller;KB10-82534;Hörgeräteakustik - Experte;/;/
62361;Verdiensterhebung;SMONAT;Stichmonat;Apr 23;DINSG;Deutschland insgesamt;DG;Deutschland;KB10A5;Berufsgattungen (KB2010), 5-Steller;KB10-82542;Zahntechnik - Fachkraft;3362;3018
62361;Verdiensterhebung;SMONAT;Stichmonat;Apr 23;DINSG;Deutschland insgesamt;DG;Deutschland;KB10A5;Berufsgattungen (KB2010), 5-Steller;KB10-82593;Aufsicht - Medizin-, Orthopädie- und Rehatechnik;4350;4000
62361;Verdiensterhebung;SMONAT;Stichmonat;Apr 23;DINSG;Deutschland insgesamt;DG;Deutschland;KB10A5;Berufsgattungen (KB2010), 5-Steller;KB10-82594;Führung - Medizin-, Orthopädie- und Rehatechnik;6003;6500
62361;Verdiensterhebung;SMONAT;Stichmonat;Apr 23;DINSG;Deutschland insgesamt;DG;Deutschland;KB10A5;Berufsgattungen (KB2010), 5-Steller;KB10-83111;Kinderbetreuung und -erziehung - Helfer;2839;2871
62361;Verdiensterhebung;SMONAT;Stichmonat;Apr 23;DINSG;Deutschland insgesamt;DG;Deutschland;KB10A5;Berufsgattungen (KB2010), 5-Steller;KB10-83112;Kinderbetreuung und -erziehung - Fachkraft;3494;3432
62361;Verdiensterhebung;SMONAT;Stichmonat;Apr 23;DINSG;Deutschland insgesamt;DG;Deutschland;KB10A5;Berufsgattungen (KB2010), 5-Steller;KB10-83113;Kinderbetreuung und -erziehung - Spezialist;3579;3526
62361;Verdiensterhebung;SMONAT;Stichmonat;Apr 23;DINSG;Deutschland insgesamt;DG;Deutschland;KB10A5;Berufsgattungen (KB2010), 5-Steller;KB10-83122;Sozialarbeit, Sozialpädagogik - Fachkraft;3222;3204
62361;Verdiensterhebung;SMONAT;Stichmonat;Apr 23;DINSG;Deutschland insgesamt;DG;Deutschland;KB10A5;Berufsgattungen (KB2010), 5-Steller;KB10-83123;Sozialarbeit, Sozialpädagogik - Spezialist;4392;4443
62361;Verdiensterhebung;SMONAT;Stichmonat;Apr 23;DINSG;Deutschland insgesamt;DG;Deutschland;KB10A5;Berufsgattungen (KB2010), 5-Steller;KB10-83124;Sozialarbeit, Sozialpädagogik - Experte;4178;4076
62361;Verdiensterhebung;SMONAT;Stichmonat;Apr 23;DINSG;Deutschland insgesamt;DG;Deutschland;KB10A5;Berufsgattungen (KB2010), 5-Steller;KB10-83131;Heilerziehungspflege, Sonderpädagogik - Helfer;2991;2976
62361;Verdiensterhebung;SMONAT;Stichmonat;Apr 23;DINSG;Deutschland insgesamt;DG;Deutschland;KB10A5;Berufsgattungen (KB2010), 5-Steller;KB10-83132;Heilerziehungspflege, Sonderpädagogik - Fachkraft;3977;3964
62361;Verdiensterhebung;SMONAT;Stichmonat;Apr 23;DINSG;Deutschland insgesamt;DG;Deutschland;KB10A5;Berufsgattungen (KB2010), 5-Steller;KB10-83133;Heilerziehungspflege, Sonderpädagogik - Spezialist;3862;3821
62361;Verdiensterhebung;SMONAT;Stichmonat;Apr 23;DINSG;Deutschland insgesamt;DG;Deutschland;KB10A5;Berufsgattungen (KB2010), 5-Steller;KB10-83134;Heilerziehungspflege, Sonderpädagogik - Experte;4197;4064
62361;Verdiensterhebung;SMONAT;Stichmonat;Apr 23;DINSG;Deutschland insgesamt;DG;Deutschland;KB10A5;Berufsgattungen (KB2010), 5-Steller;KB10-83141;Haus- und Familienpflege - Helfer;3084;2995
62361;Verdiensterhebung;SMONAT;Stichmonat;Apr 23;DINSG;Deutschland insgesamt;DG;Deutschland;KB10A5;Berufsgattungen (KB2010), 5-Steller;KB10-83142;Haus- und Familienpflege - Fachkraft;3156;3029
62361;Verdiensterhebung;SMONAT;Stichmonat;Apr 23;DINSG;Deutschland insgesamt;DG;Deutschland;KB10A5;Berufsgattungen (KB2010), 5-Steller;KB10-83143;Haus- und Familienpflege - Spezialist;3075;3023
62361;Verdiensterhebung;SMONAT;Stichmonat;Apr 23;DINSG;Deutschland insgesamt;DG;Deutschland;KB10A5;Berufsgattungen (KB2010), 5-Steller;KB10-83154;Sozial-, Erziehungs-, Suchtberatung - Experte;4302;4183
62361;Verdiensterhebung;SMONAT;Stichmonat;Apr 23;DINSG;Deutschland insgesamt;DG;Deutschland;KB10A5;Berufsgattungen (KB2010), 5-Steller;KB10-83193;Aufsicht - Erziehung, Sozialarbeit, Heilerzieh.;4584;4642
62361;Verdiensterhebung;SMONAT;Stichmonat;Apr 23;DINSG;Deutschland insgesamt;DG;Deutschland;KB10A5;Berufsgattungen (KB2010), 5-Steller;KB10-83194;Führung - Erziehung, Sozialarbeit, Heilerzieh.;5241;5044
62361;Verdiensterhebung;SMONAT;Stichmonat;Apr 23;DINSG;Deutschland insgesamt;DG;Deutschland;KB10A5;Berufsgattungen (KB2010), 5-Steller;KB10-83211;Hauswirtschaft - Helfer;2652;2554
62361;Verdiensterhebung;SMONAT;Stichmonat;Apr 23;DINSG;Deutschland insgesamt;DG;Deutschland;KB10A5;Berufsgattungen (KB2010), 5-Steller;KB10-83212;Hauswirtschaft - Fachkraft;2571;2439
62361;Verdiensterhebung;SMONAT;Stichmonat;Apr 23;DINSG;Deutschland insgesamt;DG;Deutschland;KB10A5;Berufsgattungen (KB2010), 5-Steller;KB10-83213;Hauswirtschaft - Spezialist;3149;2974
62361;Verdiensterhebung;SMONAT;Stichmonat;Apr 23;DINSG;Deutschland insgesamt;DG;Deutschland;KB10A5;Berufsgattungen (KB2010), 5-Steller;KB10-83223;Verbraucherberatung - Spezialist;4458;4302
62361;Verdiensterhebung;SMONAT;Stichmonat;Apr 23;DINSG;Deutschland insgesamt;DG;Deutschland;KB10A5;Berufsgattungen (KB2010), 5-Steller;KB10-83293;Aufsicht - Hauswirtschaft, Verbraucherberatung;3868;3660
62361;Verdiensterhebung;SMONAT;Stichmonat;Apr 23;DINSG;Deutschland insgesamt;DG;Deutschland;KB10A5;Berufsgattungen (KB2010), 5-Steller;KB10-83314;Theologie - Experte;5202;4911
62361;Verdiensterhebung;SMONAT;Stichmonat;Apr 23;DINSG;Deutschland insgesamt;DG;Deutschland;KB10A5;Berufsgattungen (KB2010), 5-Steller;KB10-83322;Gemeindearbeit - Fachkraft;/;/
62361;Verdiensterhebung;SMONAT;Stichmonat;Apr 23;DINSG;Deutschland insgesamt;DG;Deutschland;KB10A5;Berufsgattungen (KB2010), 5-Steller;KB10-83323;Gemeindearbeit - Spezialist;5284;5464
62361;Verdiensterhebung;SMONAT;Stichmonat;Apr 23;DINSG;Deutschland insgesamt;DG;Deutschland;KB10A5;Berufsgattungen (KB2010), 5-Steller;KB10-83332;Angeh. geistl. Orden u. Mutterhäuser - Fachkraft;3257;3515
62361;Verdiensterhebung;SMONAT;Stichmonat;Apr 23;DINSG;Deutschland insgesamt;DG;Deutschland;KB10A5;Berufsgattungen (KB2010), 5-Steller;KB10-83333;Angeh. geistl. Orden u. Mutterhäuser - Spezialist;9346;8456
62361;Verdiensterhebung;SMONAT;Stichmonat;Apr 23;DINSG;Deutschland insgesamt;DG;Deutschland;KB10A5;Berufsgattungen (KB2010), 5-Steller;KB10-83382;Theologie, Gemeindearbeit (ssT) - Fachkraft;3352;3322
62361;Verdiensterhebung;SMONAT;Stichmonat;Apr 23;DINSG;Deutschland insgesamt;DG;Deutschland;KB10A5;Berufsgattungen (KB2010), 5-Steller;KB10-83383;Theologie, Gemeindearbeit (ssT) - Spezialist;.;.
62361;Verdiensterhebung;SMONAT;Stichmonat;Apr 23;DINSG;Deutschland insgesamt;DG;Deutschland;KB10A5;Berufsgattungen (KB2010), 5-Steller;KB10-83384;Theologie, Gemeindearbeit (ssT) - Experte;3995;3683
62361;Verdiensterhebung;SMONAT;Stichmonat;Apr 23;DINSG;Deutschland insgesamt;DG;Deutschland;KB10A5;Berufsgattungen (KB2010), 5-Steller;KB10-83394;Führung - Theologie und Gemeindearbeit;7386;7285
62361;Verdiensterhebung;SMONAT;Stichmonat;Apr 23;DINSG;Deutschland insgesamt;DG;Deutschland;KB10A5;Berufsgattungen (KB2010), 5-Steller;KB10-84114;Lehrkräfte in der Primarstufe - Experte;4886;4965
62361;Verdiensterhebung;SMONAT;Stichmonat;Apr 23;DINSG;Deutschland insgesamt;DG;Deutschland;KB10A5;Berufsgattungen (KB2010), 5-Steller;KB10-84124;Lehrkräfte in der Sekundarstufe - Experte;5322;5358
62361;Verdiensterhebung;SMONAT;Stichmonat;Apr 23;DINSG;Deutschland insgesamt;DG;Deutschland;KB10A5;Berufsgattungen (KB2010), 5-Steller;KB10-84134;Lehrkräfte an Förderschulen - Experte;5132;5223
62361;Verdiensterhebung;SMONAT;Stichmonat;Apr 23;DINSG;Deutschland insgesamt;DG;Deutschland;KB10A5;Berufsgattungen (KB2010), 5-Steller;KB10-84144;Lehrerausbildung - Experte;6092;6344
62361;Verdiensterhebung;SMONAT;Stichmonat;Apr 23;DINSG;Deutschland insgesamt;DG;Deutschland;KB10A5;Berufsgattungen (KB2010), 5-Steller;KB10-84183;Lehrkräfte allgem.bild. Schule (ssT) - Spezialist;3729;3476
62361;Verdiensterhebung;SMONAT;Stichmonat;Apr 23;DINSG;Deutschland insgesamt;DG;Deutschland;KB10A5;Berufsgattungen (KB2010), 5-Steller;KB10-84184;Lehrkräfte allgem.bild. Schule (ssT) - Experte;6156;5409
62361;Verdiensterhebung;SMONAT;Stichmonat;Apr 23;DINSG;Deutschland insgesamt;DG;Deutschland;KB10A5;Berufsgattungen (KB2010), 5-Steller;KB10-84194;Führung - Allgemeinbildende Schulen;7078;7135
62361;Verdiensterhebung;SMONAT;Stichmonat;Apr 23;DINSG;Deutschland insgesamt;DG;Deutschland;KB10A5;Berufsgattungen (KB2010), 5-Steller;KB10-84213;Lehrkräfte berufsbildende Fächer - Spezialist;4619;4600
62361;Verdiensterhebung;SMONAT;Stichmonat;Apr 23;DINSG;Deutschland insgesamt;DG;Deutschland;KB10A5;Berufsgattungen (KB2010), 5-Steller;KB10-84214;Lehrkräfte berufsbildende Fächer - Experte;5624;5802
62361;Verdiensterhebung;SMONAT;Stichmonat;Apr 23;DINSG;Deutschland insgesamt;DG;Deutschland;KB10A5;Berufsgattungen (KB2010), 5-Steller;KB10-84223;Betriebl. Ausbild., Betriebspädagogik - Spezialist;4287;3988
62361;Verdiensterhebung;SMONAT;Stichmonat;Apr 23;DINSG;Deutschland insgesamt;DG;Deutschland;KB10A5;Berufsgattungen (KB2010), 5-Steller;KB10-84224;Betriebl. Ausbild., Betriebspädagogik - Experte;4864;4148
62361;Verdiensterhebung;SMONAT;Stichmonat;Apr 23;DINSG;Deutschland insgesamt;DG;Deutschland;KB10A5;Berufsgattungen (KB2010), 5-Steller;KB10-84294;Führung - Berufsschulen,betr.Ausbild.,Betriebspäd.;7186;7215
62361;Verdiensterhebung;SMONAT;Stichmonat;Apr 23;DINSG;Deutschland insgesamt;DG;Deutschland;KB10A5;Berufsgattungen (KB2010), 5-Steller;KB10-84304;Hochschullehre und -forschung - Experte;6045;5598
62361;Verdiensterhebung;SMONAT;Stichmonat;Apr 23;DINSG;Deutschland insgesamt;DG;Deutschland;KB10A5;Berufsgattungen (KB2010), 5-Steller;KB10-84394;Führung - Hochschullehre und -forschung;11217;10132
62361;Verdiensterhebung;SMONAT;Stichmonat;Apr 23;DINSG;Deutschland insgesamt;DG;Deutschland;KB10A5;Berufsgattungen (KB2010), 5-Steller;KB10-84404;Erwachsenenbildung (oS) - Experte;4076;3599
62361;Verdiensterhebung;SMONAT;Stichmonat;Apr 23;DINSG;Deutschland insgesamt;DG;Deutschland;KB10A5;Berufsgattungen (KB2010), 5-Steller;KB10-84412;Musikpädagogik - Fachkraft;4127;4053
62361;Verdiensterhebung;SMONAT;Stichmonat;Apr 23;DINSG;Deutschland insgesamt;DG;Deutschland;KB10A5;Berufsgattungen (KB2010), 5-Steller;KB10-84413;Musikpädagogik - Spezialist;.;.
62361;Verdiensterhebung;SMONAT;Stichmonat;Apr 23;DINSG;Deutschland insgesamt;DG;Deutschland;KB10A5;Berufsgattungen (KB2010), 5-Steller;KB10-84414;Musikpädagogik - Experte;3724;3797
62361;Verdiensterhebung;SMONAT;Stichmonat;Apr 23;DINSG;Deutschland insgesamt;DG;Deutschland;KB10A5;Berufsgattungen (KB2010), 5-Steller;KB10-84424;Religionspädagogik - Experte;5172;4865
62361;Verdiensterhebung;SMONAT;Stichmonat;Apr 23;DINSG;Deutschland insgesamt;DG;Deutschland;KB10A5;Berufsgattungen (KB2010), 5-Steller;KB10-84434;Kunst-, Theaterpädagogik - Experte;3815;3700
62361;Verdiensterhebung;SMONAT;Stichmonat;Apr 23;DINSG;Deutschland insgesamt;DG;Deutschland;KB10A5;Berufsgattungen (KB2010), 5-Steller;KB10-84444;IT-Anwendungstraining - Experte;4646;4486
62361;Verdiensterhebung;SMONAT;Stichmonat;Apr 23;DINSG;Deutschland insgesamt;DG;Deutschland;KB10A5;Berufsgattungen (KB2010), 5-Steller;KB10-84454;(Fremd-)Sprachenlehrer - Experte;4056;3618
62361;Verdiensterhebung;SMONAT;Stichmonat;Apr 23;DINSG;Deutschland insgesamt;DG;Deutschland;KB10A5;Berufsgattungen (KB2010), 5-Steller;KB10-84483;Lehrkräfte außerschul.Bild.einr.(ssT) - Spezialist;5079;5084
62361;Verdiensterhebung;SMONAT;Stichmonat;Apr 23;DINSG;Deutschland insgesamt;DG;Deutschland;KB10A5;Berufsgattungen (KB2010), 5-Steller;KB10-84484;Lehrkräfte außerschul.Bild.einr.(ssT) - Experte;5197;5050
62361;Verdiensterhebung;SMONAT;Stichmonat;Apr 23;DINSG;Deutschland insgesamt;DG;Deutschland;KB10A5;Berufsgattungen (KB2010), 5-Steller;KB10-84494;Führung - Außerschulische Bildungseinrichtungen;5244;5500
62361;Verdiensterhebung;SMONAT;Stichmonat;Apr 23;DINSG;Deutschland insgesamt;DG;Deutschland;KB10A5;Berufsgattungen (KB2010), 5-Steller;KB10-84503;Sportlehrer (oS) - Spezialist;/;/
62361;Verdiensterhebung;SMONAT;Stichmonat;Apr 23;DINSG;Deutschland insgesamt;DG;Deutschland;KB10A5;Berufsgattungen (KB2010), 5-Steller;KB10-84504;Sportlehrer (oS) - Experte;3965;3257
62361;Verdiensterhebung;SMONAT;Stichmonat;Apr 23;DINSG;Deutschland insgesamt;DG;Deutschland;KB10A5;Berufsgattungen (KB2010), 5-Steller;KB10-84513;Fahrlehrer - Spezialist;3610;3608
62361;Verdiensterhebung;SMONAT;Stichmonat;Apr 23;DINSG;Deutschland insgesamt;DG;Deutschland;KB10A5;Berufsgattungen (KB2010), 5-Steller;KB10-84523;Fluglehrer - Spezialist;/;/
62361;Verdiensterhebung;SMONAT;Stichmonat;Apr 23;DINSG;Deutschland insgesamt;DG;Deutschland;KB10A5;Berufsgattungen (KB2010), 5-Steller;KB10-84533;Tanzlehrer - Spezialist;/;/
62361;Verdiensterhebung;SMONAT;Stichmonat;Apr 23;DINSG;Deutschland insgesamt;DG;Deutschland;KB10A5;Berufsgattungen (KB2010), 5-Steller;KB10-84543;Trainer - Ballsportarten - Spezialist;11023;4888
62361;Verdiensterhebung;SMONAT;Stichmonat;Apr 23;DINSG;Deutschland insgesamt;DG;Deutschland;KB10A5;Berufsgattungen (KB2010), 5-Steller;KB10-84553;Trainer - Fitness, Gymnastik - Spezialist;2685;2600
62361;Verdiensterhebung;SMONAT;Stichmonat;Apr 23;DINSG;Deutschland insgesamt;DG;Deutschland;KB10A5;Berufsgattungen (KB2010), 5-Steller;KB10-84583;Sportlehrer (ssT) - Spezialist;3065;3120
62361;Verdiensterhebung;SMONAT;Stichmonat;Apr 23;DINSG;Deutschland insgesamt;DG;Deutschland;KB10A5;Berufsgattungen (KB2010), 5-Steller;KB10-91104;Sprach-, Literaturwissenschaften (oS) - Experte;4985;4911
62361;Verdiensterhebung;SMONAT;Stichmonat;Apr 23;DINSG;Deutschland insgesamt;DG;Deutschland;KB10A5;Berufsgattungen (KB2010), 5-Steller;KB10-91114;Germanistik - Experte;4557;4511
62361;Verdiensterhebung;SMONAT;Stichmonat;Apr 23;DINSG;Deutschland insgesamt;DG;Deutschland;KB10A5;Berufsgattungen (KB2010), 5-Steller;KB10-91124;Anglistik, Amerikanistik - Experte;.;.
62361;Verdiensterhebung;SMONAT;Stichmonat;Apr 23;DINSG;Deutschland insgesamt;DG;Deutschland;KB10A5;Berufsgattungen (KB2010), 5-Steller;KB10-91134;Romanistik - Experte;.;.
62361;Verdiensterhebung;SMONAT;Stichmonat;Apr 23;DINSG;Deutschland insgesamt;DG;Deutschland;KB10A5;Berufsgattungen (KB2010), 5-Steller;KB10-91144;Slawistik, verwandte Bereiche - Experte;.;.
62361;Verdiensterhebung;SMONAT;Stichmonat;Apr 23;DINSG;Deutschland insgesamt;DG;Deutschland;KB10A5;Berufsgattungen (KB2010), 5-Steller;KB10-91154;Arabistik, Orientalistik - Experte;.;.
62361;Verdiensterhebung;SMONAT;Stichmonat;Apr 23;DINSG;Deutschland insgesamt;DG;Deutschland;KB10A5;Berufsgattungen (KB2010), 5-Steller;KB10-91164;Sprach-, Literaturwiss. asiat. Raum - Experte;5082;4967
62361;Verdiensterhebung;SMONAT;Stichmonat;Apr 23;DINSG;Deutschland insgesamt;DG;Deutschland;KB10A5;Berufsgattungen (KB2010), 5-Steller;KB10-91174;Altphilologie - Experte;.;.
62361;Verdiensterhebung;SMONAT;Stichmonat;Apr 23;DINSG;Deutschland insgesamt;DG;Deutschland;KB10A5;Berufsgattungen (KB2010), 5-Steller;KB10-91184;Sprach-, Literaturwissenschaften (ssT) - Experte;4258;4000
62361;Verdiensterhebung;SMONAT;Stichmonat;Apr 23;DINSG;Deutschland insgesamt;DG;Deutschland;KB10A5;Berufsgattungen (KB2010), 5-Steller;KB10-91214;Philosophie, Religion, Ethik - Experte;6489;6246
62361;Verdiensterhebung;SMONAT;Stichmonat;Apr 23;DINSG;Deutschland insgesamt;DG;Deutschland;KB10A5;Berufsgattungen (KB2010), 5-Steller;KB10-91224;Geschichtswissenschaften - Experte;4802;4911
62361;Verdiensterhebung;SMONAT;Stichmonat;Apr 23;DINSG;Deutschland insgesamt;DG;Deutschland;KB10A5;Berufsgattungen (KB2010), 5-Steller;KB10-91233;Archäologie - Spezialist;3409;3087
62361;Verdiensterhebung;SMONAT;Stichmonat;Apr 23;DINSG;Deutschland insgesamt;DG;Deutschland;KB10A5;Berufsgattungen (KB2010), 5-Steller;KB10-91234;Archäologie - Experte;4386;4166
62361;Verdiensterhebung;SMONAT;Stichmonat;Apr 23;DINSG;Deutschland insgesamt;DG;Deutschland;KB10A5;Berufsgattungen (KB2010), 5-Steller;KB10-91244;Medien-, Theaterwissenschaft - Experte;/;/
62361;Verdiensterhebung;SMONAT;Stichmonat;Apr 23;DINSG;Deutschland insgesamt;DG;Deutschland;KB10A5;Berufsgattungen (KB2010), 5-Steller;KB10-91254;Regionalwissenschaft - Experte;6412;5330
62361;Verdiensterhebung;SMONAT;Stichmonat;Apr 23;DINSG;Deutschland insgesamt;DG;Deutschland;KB10A5;Berufsgattungen (KB2010), 5-Steller;KB10-91264;Anthropologie, Ethnologie - Experte;4137;3757
62361;Verdiensterhebung;SMONAT;Stichmonat;Apr 23;DINSG;Deutschland insgesamt;DG;Deutschland;KB10A5;Berufsgattungen (KB2010), 5-Steller;KB10-91314;Politologie - Experte;6154;5578
62361;Verdiensterhebung;SMONAT;Stichmonat;Apr 23;DINSG;Deutschland insgesamt;DG;Deutschland;KB10A5;Berufsgattungen (KB2010), 5-Steller;KB10-91324;Soziologie - Experte;4633;4530
62361;Verdiensterhebung;SMONAT;Stichmonat;Apr 23;DINSG;Deutschland insgesamt;DG;Deutschland;KB10A5;Berufsgattungen (KB2010), 5-Steller;KB10-91334;Erziehungswissenschaft - Experte;3664;3500
62361;Verdiensterhebung;SMONAT;Stichmonat;Apr 23;DINSG;Deutschland insgesamt;DG;Deutschland;KB10A5;Berufsgattungen (KB2010), 5-Steller;KB10-91341;Markt-, Meinungsforschung - Helfer;4275;3943
62361;Verdiensterhebung;SMONAT;Stichmonat;Apr 23;DINSG;Deutschland insgesamt;DG;Deutschland;KB10A5;Berufsgattungen (KB2010), 5-Steller;KB10-91342;Markt-, Meinungsforschung - Fachkraft;4333;4212
62361;Verdiensterhebung;SMONAT;Stichmonat;Apr 23;DINSG;Deutschland insgesamt;DG;Deutschland;KB10A5;Berufsgattungen (KB2010), 5-Steller;KB10-91343;Markt-, Meinungsforschung - Spezialist;6217;5868
62361;Verdiensterhebung;SMONAT;Stichmonat;Apr 23;DINSG;Deutschland insgesamt;DG;Deutschland;KB10A5;Berufsgattungen (KB2010), 5-Steller;KB10-91344;Markt-, Meinungsforschung - Experte;6328;5999
62361;Verdiensterhebung;SMONAT;Stichmonat;Apr 23;DINSG;Deutschland insgesamt;DG;Deutschland;KB10A5;Berufsgattungen (KB2010), 5-Steller;KB10-91354;Demografie - Experte;.;.
62361;Verdiensterhebung;SMONAT;Stichmonat;Apr 23;DINSG;Deutschland insgesamt;DG;Deutschland;KB10A5;Berufsgattungen (KB2010), 5-Steller;KB10-91384;Gesellschaftswissenschaften (ssT) - Experte;5498;4911
62361;Verdiensterhebung;SMONAT;Stichmonat;Apr 23;DINSG;Deutschland insgesamt;DG;Deutschland;KB10A5;Berufsgattungen (KB2010), 5-Steller;KB10-91404;Wirtschaftswissenschaften (oS) - Experte;6620;5837
62361;Verdiensterhebung;SMONAT;Stichmonat;Apr 23;DINSG;Deutschland insgesamt;DG;Deutschland;KB10A5;Berufsgattungen (KB2010), 5-Steller;KB10-91484;Wirtschaftswissenschaften (ssT) - Experte;4235;3759
62361;Verdiensterhebung;SMONAT;Stichmonat;Apr 23;DINSG;Deutschland insgesamt;DG;Deutschland;KB10A5;Berufsgattungen (KB2010), 5-Steller;KB10-92112;Werbung und Marketing - Fachkraft;4407;3999
62361;Verdiensterhebung;SMONAT;Stichmonat;Apr 23;DINSG;Deutschland insgesamt;DG;Deutschland;KB10A5;Berufsgattungen (KB2010), 5-Steller;KB10-92113;Werbung und Marketing - Spezialist;5734;5184
62361;Verdiensterhebung;SMONAT;Stichmonat;Apr 23;DINSG;Deutschland insgesamt;DG;Deutschland;KB10A5;Berufsgattungen (KB2010), 5-Steller;KB10-92114;Werbung und Marketing - Experte;6309;5734
62361;Verdiensterhebung;SMONAT;Stichmonat;Apr 23;DINSG;Deutschland insgesamt;DG;Deutschland;KB10A5;Berufsgattungen (KB2010), 5-Steller;KB10-92122;Dialogmarketing - Fachkraft;2932;2579
62361;Verdiensterhebung;SMONAT;Stichmonat;Apr 23;DINSG;Deutschland insgesamt;DG;Deutschland;KB10A5;Berufsgattungen (KB2010), 5-Steller;KB10-92123;Dialogmarketing - Spezialist;4159;3682
62361;Verdiensterhebung;SMONAT;Stichmonat;Apr 23;DINSG;Deutschland insgesamt;DG;Deutschland;KB10A5;Berufsgattungen (KB2010), 5-Steller;KB10-92133;Kundenmanagement - Spezialist;5963;5430
62361;Verdiensterhebung;SMONAT;Stichmonat;Apr 23;DINSG;Deutschland insgesamt;DG;Deutschland;KB10A5;Berufsgattungen (KB2010), 5-Steller;KB10-92193;Aufsicht - Werbung und Marketing;3742;3341
62361;Verdiensterhebung;SMONAT;Stichmonat;Apr 23;DINSG;Deutschland insgesamt;DG;Deutschland;KB10A5;Berufsgattungen (KB2010), 5-Steller;KB10-92194;Führung - Werbung und Marketing;8412;7750
62361;Verdiensterhebung;SMONAT;Stichmonat;Apr 23;DINSG;Deutschland insgesamt;DG;Deutschland;KB10A5;Berufsgattungen (KB2010), 5-Steller;KB10-92203;Öffentlichkeitsarbeit - Spezialist;5532;5063
62361;Verdiensterhebung;SMONAT;Stichmonat;Apr 23;DINSG;Deutschland insgesamt;DG;Deutschland;KB10A5;Berufsgattungen (KB2010), 5-Steller;KB10-92204;Öffentlichkeitsarbeit - Experte;7092;6211
62361;Verdiensterhebung;SMONAT;Stichmonat;Apr 23;DINSG;Deutschland insgesamt;DG;Deutschland;KB10A5;Berufsgattungen (KB2010), 5-Steller;KB10-92294;Führung - Öffentlichkeitsarbeit;8342;7384
62361;Verdiensterhebung;SMONAT;Stichmonat;Apr 23;DINSG;Deutschland insgesamt;DG;Deutschland;KB10A5;Berufsgattungen (KB2010), 5-Steller;KB10-92302;Verlags-, Medienkaufleute (oS) - Fachkraft;4114;3717
62361;Verdiensterhebung;SMONAT;Stichmonat;Apr 23;DINSG;Deutschland insgesamt;DG;Deutschland;KB10A5;Berufsgattungen (KB2010), 5-Steller;KB10-92303;Verlags-, Medienkaufleute (oS) - Spezialist;/;/
62361;Verdiensterhebung;SMONAT;Stichmonat;Apr 23;DINSG;Deutschland insgesamt;DG;Deutschland;KB10A5;Berufsgattungen (KB2010), 5-Steller;KB10-92304;Verlags-, Medienkaufleute (oS) - Experte;5634;4900
62361;Verdiensterhebung;SMONAT;Stichmonat;Apr 23;DINSG;Deutschland insgesamt;DG;Deutschland;KB10A5;Berufsgattungen (KB2010), 5-Steller;KB10-92382;Verlags-, Medienkaufleute (ssT) - Fachkraft;4116;3556
62361;Verdiensterhebung;SMONAT;Stichmonat;Apr 23;DINSG;Deutschland insgesamt;DG;Deutschland;KB10A5;Berufsgattungen (KB2010), 5-Steller;KB10-92383;Verlags-, Medienkaufleute (ssT) - Spezialist;4804;4167
62361;Verdiensterhebung;SMONAT;Stichmonat;Apr 23;DINSG;Deutschland insgesamt;DG;Deutschland;KB10A5;Berufsgattungen (KB2010), 5-Steller;KB10-92384;Verlags-, Medienkaufleute (ssT) - Experte;3869;3550
62361;Verdiensterhebung;SMONAT;Stichmonat;Apr 23;DINSG;Deutschland insgesamt;DG;Deutschland;KB10A5;Berufsgattungen (KB2010), 5-Steller;KB10-92394;Führung - Verlags- und Medienwirtschaft;9093;8065
62361;Verdiensterhebung;SMONAT;Stichmonat;Apr 23;DINSG;Deutschland insgesamt;DG;Deutschland;KB10A5;Berufsgattungen (KB2010), 5-Steller;KB10-92412;Redakteure, Journalisten - Fachkraft;3723;3500
62361;Verdiensterhebung;SMONAT;Stichmonat;Apr 23;DINSG;Deutschland insgesamt;DG;Deutschland;KB10A5;Berufsgattungen (KB2010), 5-Steller;KB10-92413;Redakteure, Journalisten - Spezialist;4907;4636
62361;Verdiensterhebung;SMONAT;Stichmonat;Apr 23;DINSG;Deutschland insgesamt;DG;Deutschland;KB10A5;Berufsgattungen (KB2010), 5-Steller;KB10-92414;Redakteure, Journalisten - Experte;5461;5324
62361;Verdiensterhebung;SMONAT;Stichmonat;Apr 23;DINSG;Deutschland insgesamt;DG;Deutschland;KB10A5;Berufsgattungen (KB2010), 5-Steller;KB10-92424;Lektoren - Experte;3763;3102
62361;Verdiensterhebung;SMONAT;Stichmonat;Apr 23;DINSG;Deutschland insgesamt;DG;Deutschland;KB10A5;Berufsgattungen (KB2010), 5-Steller;KB10-92434;Autoren, Schriftsteller - Experte;5281;4800
62361;Verdiensterhebung;SMONAT;Stichmonat;Apr 23;DINSG;Deutschland insgesamt;DG;Deutschland;KB10A5;Berufsgattungen (KB2010), 5-Steller;KB10-92494;Führung - Redaktion und Journalismus;7194;6723
62361;Verdiensterhebung;SMONAT;Stichmonat;Apr 23;DINSG;Deutschland insgesamt;DG;Deutschland;KB10A5;Berufsgattungen (KB2010), 5-Steller;KB10-93102;Produkt-, Industriedesign - Fachkraft;4819;4525
62361;Verdiensterhebung;SMONAT;Stichmonat;Apr 23;DINSG;Deutschland insgesamt;DG;Deutschland;KB10A5;Berufsgattungen (KB2010), 5-Steller;KB10-93103;Produkt-, Industriedesign - Spezialist;/;/
62361;Verdiensterhebung;SMONAT;Stichmonat;Apr 23;DINSG;Deutschland insgesamt;DG;Deutschland;KB10A5;Berufsgattungen (KB2010), 5-Steller;KB10-93104;Produkt-, Industriedesign - Experte;5915;5598
62361;Verdiensterhebung;SMONAT;Stichmonat;Apr 23;DINSG;Deutschland insgesamt;DG;Deutschland;KB10A5;Berufsgattungen (KB2010), 5-Steller;KB10-93212;Innenarchitektur - Fachkraft;/;/
62361;Verdiensterhebung;SMONAT;Stichmonat;Apr 23;DINSG;Deutschland insgesamt;DG;Deutschland;KB10A5;Berufsgattungen (KB2010), 5-Steller;KB10-93213;Innenarchitektur - Spezialist;4020;3875
62361;Verdiensterhebung;SMONAT;Stichmonat;Apr 23;DINSG;Deutschland insgesamt;DG;Deutschland;KB10A5;Berufsgattungen (KB2010), 5-Steller;KB10-93214;Innenarchitektur - Experte;4131;3779
62361;Verdiensterhebung;SMONAT;Stichmonat;Apr 23;DINSG;Deutschland insgesamt;DG;Deutschland;KB10A5;Berufsgattungen (KB2010), 5-Steller;KB10-93222;Visuelles Marketing - Fachkraft;3102;2847
62361;Verdiensterhebung;SMONAT;Stichmonat;Apr 23;DINSG;Deutschland insgesamt;DG;Deutschland;KB10A5;Berufsgattungen (KB2010), 5-Steller;KB10-93223;Visuelles Marketing - Spezialist;3865;3400
62361;Verdiensterhebung;SMONAT;Stichmonat;Apr 23;DINSG;Deutschland insgesamt;DG;Deutschland;KB10A5;Berufsgattungen (KB2010), 5-Steller;KB10-93232;Raumausstattung - Fachkraft;2957;2750
62361;Verdiensterhebung;SMONAT;Stichmonat;Apr 23;DINSG;Deutschland insgesamt;DG;Deutschland;KB10A5;Berufsgattungen (KB2010), 5-Steller;KB10-93233;Raumausstattung - Spezialist;.;.
62361;Verdiensterhebung;SMONAT;Stichmonat;Apr 23;DINSG;Deutschland insgesamt;DG;Deutschland;KB10A5;Berufsgattungen (KB2010), 5-Steller;KB10-93293;Aufsicht - Innenarchitektur, Raumausstattung;3485;3370
62361;Verdiensterhebung;SMONAT;Stichmonat;Apr 23;DINSG;Deutschland insgesamt;DG;Deutschland;KB10A5;Berufsgattungen (KB2010), 5-Steller;KB10-93302;Kunsthandwerk, bildende Kunst (oS) - Fachkraft;2314;2240
62361;Verdiensterhebung;SMONAT;Stichmonat;Apr 23;DINSG;Deutschland insgesamt;DG;Deutschland;KB10A5;Berufsgattungen (KB2010), 5-Steller;KB10-93303;Kunsthandwerk, bildende Kunst (oS) - Spezialist;4195;4514
62361;Verdiensterhebung;SMONAT;Stichmonat;Apr 23;DINSG;Deutschland insgesamt;DG;Deutschland;KB10A5;Berufsgattungen (KB2010), 5-Steller;KB10-93304;Kunsthandwerk, bildende Kunst (oS) - Experte;4603;3686
62361;Verdiensterhebung;SMONAT;Stichmonat;Apr 23;DINSG;Deutschland insgesamt;DG;Deutschland;KB10A5;Berufsgattungen (KB2010), 5-Steller;KB10-93312;Bildhauerei - Fachkraft;2498;2317
62361;Verdiensterhebung;SMONAT;Stichmonat;Apr 23;DINSG;Deutschland insgesamt;DG;Deutschland;KB10A5;Berufsgattungen (KB2010), 5-Steller;KB10-93313;Bildhauerei - Spezialist;/;/
62361;Verdiensterhebung;SMONAT;Stichmonat;Apr 23;DINSG;Deutschland insgesamt;DG;Deutschland;KB10A5;Berufsgattungen (KB2010), 5-Steller;KB10-93323;Kunstmaler, Zeichner - Spezialist;3588;3400
62361;Verdiensterhebung;SMONAT;Stichmonat;Apr 23;DINSG;Deutschland insgesamt;DG;Deutschland;KB10A5;Berufsgattungen (KB2010), 5-Steller;KB10-93332;Drechslerei, Spielzeugherstellung - Fachkraft;2372;2146
62361;Verdiensterhebung;SMONAT;Stichmonat;Apr 23;DINSG;Deutschland insgesamt;DG;Deutschland;KB10A5;Berufsgattungen (KB2010), 5-Steller;KB10-93333;Drechslerei, Spielzeugherstellung - Spezialist;.;.
62361;Verdiensterhebung;SMONAT;Stichmonat;Apr 23;DINSG;Deutschland insgesamt;DG;Deutschland;KB10A5;Berufsgattungen (KB2010), 5-Steller;KB10-93342;Vergolderhandwerk - Fachkraft;.;.
62361;Verdiensterhebung;SMONAT;Stichmonat;Apr 23;DINSG;Deutschland insgesamt;DG;Deutschland;KB10A5;Berufsgattungen (KB2010), 5-Steller;KB10-93343;Vergolderhandwerk - Spezialist;.;.
62361;Verdiensterhebung;SMONAT;Stichmonat;Apr 23;DINSG;Deutschland insgesamt;DG;Deutschland;KB10A5;Berufsgattungen (KB2010), 5-Steller;KB10-93352;Wachszieherei - Fachkraft;3225;3375
62361;Verdiensterhebung;SMONAT;Stichmonat;Apr 23;DINSG;Deutschland insgesamt;DG;Deutschland;KB10A5;Berufsgattungen (KB2010), 5-Steller;KB10-93382;Kunsthandwerk, bildende Kunst (ssT) - Fachkraft;.;.
62361;Verdiensterhebung;SMONAT;Stichmonat;Apr 23;DINSG;Deutschland insgesamt;DG;Deutschland;KB10A5;Berufsgattungen (KB2010), 5-Steller;KB10-93383;Kunsthandwerk, bildende Kunst (ssT) - Spezialist;3407;3311
62361;Verdiensterhebung;SMONAT;Stichmonat;Apr 23;DINSG;Deutschland insgesamt;DG;Deutschland;KB10A5;Berufsgattungen (KB2010), 5-Steller;KB10-93393;Aufsicht - Kunsthandwerk, bildende Kunst;2573;2320
62361;Verdiensterhebung;SMONAT;Stichmonat;Apr 23;DINSG;Deutschland insgesamt;DG;Deutschland;KB10A5;Berufsgattungen (KB2010), 5-Steller;KB10-93412;Kunsthandwerkliche Keramikgestaltung - Fachkraft;3074;2959
62361;Verdiensterhebung;SMONAT;Stichmonat;Apr 23;DINSG;Deutschland insgesamt;DG;Deutschland;KB10A5;Berufsgattungen (KB2010), 5-Steller;KB10-93413;Kunsthandwerkliche Keramikgestaltung - Spezialist;3248;2940
62361;Verdiensterhebung;SMONAT;Stichmonat;Apr 23;DINSG;Deutschland insgesamt;DG;Deutschland;KB10A5;Berufsgattungen (KB2010), 5-Steller;KB10-93422;Kunsthandw. Glas-,Keram-,Porz.malerei - Fachkraft;2343;2143
62361;Verdiensterhebung;SMONAT;Stichmonat;Apr 23;DINSG;Deutschland insgesamt;DG;Deutschland;KB10A5;Berufsgattungen (KB2010), 5-Steller;KB10-93432;Kunsthandwerkliche Glasbläserei - Fachkraft;/;/
62361;Verdiensterhebung;SMONAT;Stichmonat;Apr 23;DINSG;Deutschland insgesamt;DG;Deutschland;KB10A5;Berufsgattungen (KB2010), 5-Steller;KB10-93433;Kunsthandwerkliche Glasbläserei - Spezialist;5137;5002
62361;Verdiensterhebung;SMONAT;Stichmonat;Apr 23;DINSG;Deutschland insgesamt;DG;Deutschland;KB10A5;Berufsgattungen (KB2010), 5-Steller;KB10-93493;Aufsicht - Kunsthandwerkl. Keramik-,Glasgestaltung;/;/
62361;Verdiensterhebung;SMONAT;Stichmonat;Apr 23;DINSG;Deutschland insgesamt;DG;Deutschland;KB10A5;Berufsgattungen (KB2010), 5-Steller;KB10-93512;Kunsthandwerkliche Metallgestaltung - Fachkraft;3676;3435
62361;Verdiensterhebung;SMONAT;Stichmonat;Apr 23;DINSG;Deutschland insgesamt;DG;Deutschland;KB10A5;Berufsgattungen (KB2010), 5-Steller;KB10-93513;Kunsthandwerkliche Metallgestaltung - Spezialist;/;/
62361;Verdiensterhebung;SMONAT;Stichmonat;Apr 23;DINSG;Deutschland insgesamt;DG;Deutschland;KB10A5;Berufsgattungen (KB2010), 5-Steller;KB10-93522;Kunsth. Schmuckherst.,Edelsteinbearb. - Fachkraft;/;/
62361;Verdiensterhebung;SMONAT;Stichmonat;Apr 23;DINSG;Deutschland insgesamt;DG;Deutschland;KB10A5;Berufsgattungen (KB2010), 5-Steller;KB10-93523;Kunsth. Schmuckherst.,Edelsteinbearb. - Spezialist;.;.
62361;Verdiensterhebung;SMONAT;Stichmonat;Apr 23;DINSG;Deutschland insgesamt;DG;Deutschland;KB10A5;Berufsgattungen (KB2010), 5-Steller;KB10-93524;Kunsth. Schmuckherst.,Edelsteinbearb. - Experte;/;/
62361;Verdiensterhebung;SMONAT;Stichmonat;Apr 23;DINSG;Deutschland insgesamt;DG;Deutschland;KB10A5;Berufsgattungen (KB2010), 5-Steller;KB10-93532;Gravur - Fachkraft;3437;3327
62361;Verdiensterhebung;SMONAT;Stichmonat;Apr 23;DINSG;Deutschland insgesamt;DG;Deutschland;KB10A5;Berufsgattungen (KB2010), 5-Steller;KB10-93533;Gravur - Spezialist;.;.
62361;Verdiensterhebung;SMONAT;Stichmonat;Apr 23;DINSG;Deutschland insgesamt;DG;Deutschland;KB10A5;Berufsgattungen (KB2010), 5-Steller;KB10-93542;Schilder-, Lichtreklameherstellung - Fachkraft;2766;2720
62361;Verdiensterhebung;SMONAT;Stichmonat;Apr 23;DINSG;Deutschland insgesamt;DG;Deutschland;KB10A5;Berufsgattungen (KB2010), 5-Steller;KB10-93593;Aufsicht - Kunsthandwerkliche Metallgestaltung;/;/
62361;Verdiensterhebung;SMONAT;Stichmonat;Apr 23;DINSG;Deutschland insgesamt;DG;Deutschland;KB10A5;Berufsgattungen (KB2010), 5-Steller;KB10-93602;Musikinstrumentenbau (oS) - Fachkraft;2788;2636
62361;Verdiensterhebung;SMONAT;Stichmonat;Apr 23;DINSG;Deutschland insgesamt;DG;Deutschland;KB10A5;Berufsgattungen (KB2010), 5-Steller;KB10-93603;Musikinstrumentenbau (oS) - Spezialist;.;.
62361;Verdiensterhebung;SMONAT;Stichmonat;Apr 23;DINSG;Deutschland insgesamt;DG;Deutschland;KB10A5;Berufsgattungen (KB2010), 5-Steller;KB10-93604;Musikinstrumentenbau (oS) - Experte;.;.
62361;Verdiensterhebung;SMONAT;Stichmonat;Apr 23;DINSG;Deutschland insgesamt;DG;Deutschland;KB10A5;Berufsgattungen (KB2010), 5-Steller;KB10-93612;Streich-, Zupfinstrumentenbau - Fachkraft;2561;2500
62361;Verdiensterhebung;SMONAT;Stichmonat;Apr 23;DINSG;Deutschland insgesamt;DG;Deutschland;KB10A5;Berufsgattungen (KB2010), 5-Steller;KB10-93613;Streich-, Zupfinstrumentenbau - Spezialist;.;.
62361;Verdiensterhebung;SMONAT;Stichmonat;Apr 23;DINSG;Deutschland insgesamt;DG;Deutschland;KB10A5;Berufsgattungen (KB2010), 5-Steller;KB10-93622;Holzblasinstrumentenbau - Fachkraft;2721;2837
62361;Verdiensterhebung;SMONAT;Stichmonat;Apr 23;DINSG;Deutschland insgesamt;DG;Deutschland;KB10A5;Berufsgattungen (KB2010), 5-Steller;KB10-93623;Holzblasinstrumentenbau - Spezialist;.;.
62361;Verdiensterhebung;SMONAT;Stichmonat;Apr 23;DINSG;Deutschland insgesamt;DG;Deutschland;KB10A5;Berufsgattungen (KB2010), 5-Steller;KB10-93632;Metallblasinstrumentenbau - Fachkraft;3014;2838
62361;Verdiensterhebung;SMONAT;Stichmonat;Apr 23;DINSG;Deutschland insgesamt;DG;Deutschland;KB10A5;Berufsgattungen (KB2010), 5-Steller;KB10-93633;Metallblasinstrumentenbau - Spezialist;.;.
62361;Verdiensterhebung;SMONAT;Stichmonat;Apr 23;DINSG;Deutschland insgesamt;DG;Deutschland;KB10A5;Berufsgattungen (KB2010), 5-Steller;KB10-93642;Klavier- und Cembalobau - Fachkraft;3999;3866
62361;Verdiensterhebung;SMONAT;Stichmonat;Apr 23;DINSG;Deutschland insgesamt;DG;Deutschland;KB10A5;Berufsgattungen (KB2010), 5-Steller;KB10-93643;Klavier- und Cembalobau - Spezialist;.;.
62361;Verdiensterhebung;SMONAT;Stichmonat;Apr 23;DINSG;Deutschland insgesamt;DG;Deutschland;KB10A5;Berufsgattungen (KB2010), 5-Steller;KB10-93652;Orgel- und Harmoniumbau - Fachkraft;.;.
62361;Verdiensterhebung;SMONAT;Stichmonat;Apr 23;DINSG;Deutschland insgesamt;DG;Deutschland;KB10A5;Berufsgattungen (KB2010), 5-Steller;KB10-93653;Orgel- und Harmoniumbau - Spezialist;.;.
62361;Verdiensterhebung;SMONAT;Stichmonat;Apr 23;DINSG;Deutschland insgesamt;DG;Deutschland;KB10A5;Berufsgattungen (KB2010), 5-Steller;KB10-93682;Musikinstrumentenbau (ssT) - Fachkraft;.;.
62361;Verdiensterhebung;SMONAT;Stichmonat;Apr 23;DINSG;Deutschland insgesamt;DG;Deutschland;KB10A5;Berufsgattungen (KB2010), 5-Steller;KB10-93683;Musikinstrumentenbau (ssT) - Spezialist;.;.
62361;Verdiensterhebung;SMONAT;Stichmonat;Apr 23;DINSG;Deutschland insgesamt;DG;Deutschland;KB10A5;Berufsgattungen (KB2010), 5-Steller;KB10-93693;Aufsicht - Musikinstrumentenbau;4102;4136
62361;Verdiensterhebung;SMONAT;Stichmonat;Apr 23;DINSG;Deutschland insgesamt;DG;Deutschland;KB10A5;Berufsgattungen (KB2010), 5-Steller;KB10-94114;Musiker - Experte;5843;5505
62361;Verdiensterhebung;SMONAT;Stichmonat;Apr 23;DINSG;Deutschland insgesamt;DG;Deutschland;KB10A5;Berufsgattungen (KB2010), 5-Steller;KB10-94124;Sänger - Experte;4214;4079
62361;Verdiensterhebung;SMONAT;Stichmonat;Apr 23;DINSG;Deutschland insgesamt;DG;Deutschland;KB10A5;Berufsgattungen (KB2010), 5-Steller;KB10-94134;Dirigenten - Experte;5836;5039
62361;Verdiensterhebung;SMONAT;Stichmonat;Apr 23;DINSG;Deutschland insgesamt;DG;Deutschland;KB10A5;Berufsgattungen (KB2010), 5-Steller;KB10-94144;Komponisten - Experte;.;.
62361;Verdiensterhebung;SMONAT;Stichmonat;Apr 23;DINSG;Deutschland insgesamt;DG;Deutschland;KB10A5;Berufsgattungen (KB2010), 5-Steller;KB10-94183;Musik-,Gesangs-,Dirigententätig.(ssT) - Spezialist;4676;4500
62361;Verdiensterhebung;SMONAT;Stichmonat;Apr 23;DINSG;Deutschland insgesamt;DG;Deutschland;KB10A5;Berufsgattungen (KB2010), 5-Steller;KB10-94184;Musik-,Gesangs-,Dirigententätig.(ssT) - Experte;3575;3300
62361;Verdiensterhebung;SMONAT;Stichmonat;Apr 23;DINSG;Deutschland insgesamt;DG;Deutschland;KB10A5;Berufsgattungen (KB2010), 5-Steller;KB10-94214;Schauspieler - Experte;3782;3246
62361;Verdiensterhebung;SMONAT;Stichmonat;Apr 23;DINSG;Deutschland insgesamt;DG;Deutschland;KB10A5;Berufsgattungen (KB2010), 5-Steller;KB10-94224;Tänzer, Choreografen - Experte;5629;5410
62361;Verdiensterhebung;SMONAT;Stichmonat;Apr 23;DINSG;Deutschland insgesamt;DG;Deutschland;KB10A5;Berufsgattungen (KB2010), 5-Steller;KB10-94232;Mannequins, Dressmen, sonstige Models - Fachkraft;3620;2892
62361;Verdiensterhebung;SMONAT;Stichmonat;Apr 23;DINSG;Deutschland insgesamt;DG;Deutschland;KB10A5;Berufsgattungen (KB2010), 5-Steller;KB10-94243;Athleten, Berufssportler - Spezialist;/;/
62361;Verdiensterhebung;SMONAT;Stichmonat;Apr 23;DINSG;Deutschland insgesamt;DG;Deutschland;KB10A5;Berufsgattungen (KB2010), 5-Steller;KB10-94252;Personenbezogene Dienstleistungen - Fachkraft;.;.
62361;Verdiensterhebung;SMONAT;Stichmonat;Apr 23;DINSG;Deutschland insgesamt;DG;Deutschland;KB10A5;Berufsgattungen (KB2010), 5-Steller;KB10-94283;Schauspiel,Tanz,Bewegungskunst (ssT) - Spezialist;/;/
62361;Verdiensterhebung;SMONAT;Stichmonat;Apr 23;DINSG;Deutschland insgesamt;DG;Deutschland;KB10A5;Berufsgattungen (KB2010), 5-Steller;KB10-94303;Moderation, Unterhaltung (oS) - Spezialist;5346;4713
62361;Verdiensterhebung;SMONAT;Stichmonat;Apr 23;DINSG;Deutschland insgesamt;DG;Deutschland;KB10A5;Berufsgattungen (KB2010), 5-Steller;KB10-94313;Komiker, Kabarettisten - Spezialist;.;.
62361;Verdiensterhebung;SMONAT;Stichmonat;Apr 23;DINSG;Deutschland insgesamt;DG;Deutschland;KB10A5;Berufsgattungen (KB2010), 5-Steller;KB10-94323;Zauberer, Illusionisten - Spezialist;5535;5475
62361;Verdiensterhebung;SMONAT;Stichmonat;Apr 23;DINSG;Deutschland insgesamt;DG;Deutschland;KB10A5;Berufsgattungen (KB2010), 5-Steller;KB10-94334;Hörfunk-, Fernsehmoderatoren - Experte;5591;4096
62361;Verdiensterhebung;SMONAT;Stichmonat;Apr 23;DINSG;Deutschland insgesamt;DG;Deutschland;KB10A5;Berufsgattungen (KB2010), 5-Steller;KB10-94342;Glücks- und Wettspiel - Fachkraft;/;/
62361;Verdiensterhebung;SMONAT;Stichmonat;Apr 23;DINSG;Deutschland insgesamt;DG;Deutschland;KB10A5;Berufsgattungen (KB2010), 5-Steller;KB10-94382;Moderation, Unterhaltung (ssT) - Fachkraft;.;.
62361;Verdiensterhebung;SMONAT;Stichmonat;Apr 23;DINSG;Deutschland insgesamt;DG;Deutschland;KB10A5;Berufsgattungen (KB2010), 5-Steller;KB10-94383;Moderation, Unterhaltung (ssT) - Spezialist;/;/
62361;Verdiensterhebung;SMONAT;Stichmonat;Apr 23;DINSG;Deutschland insgesamt;DG;Deutschland;KB10A5;Berufsgattungen (KB2010), 5-Steller;KB10-94402;Theater-, Film-, Fernsehprod. (oS) - Fachkraft;4160;3750
62361;Verdiensterhebung;SMONAT;Stichmonat;Apr 23;DINSG;Deutschland insgesamt;DG;Deutschland;KB10A5;Berufsgattungen (KB2010), 5-Steller;KB10-94403;Theater-, Film-, Fernsehprod. (oS) - Spezialist;4931;4450
62361;Verdiensterhebung;SMONAT;Stichmonat;Apr 23;DINSG;Deutschland insgesamt;DG;Deutschland;KB10A5;Berufsgattungen (KB2010), 5-Steller;KB10-94404;Theater-, Film-, Fernsehprod. (oS) - Experte;5474;5000
62361;Verdiensterhebung;SMONAT;Stichmonat;Apr 23;DINSG;Deutschland insgesamt;DG;Deutschland;KB10A5;Berufsgattungen (KB2010), 5-Steller;KB10-94413;Regie - Spezialist;3292;2915
62361;Verdiensterhebung;SMONAT;Stichmonat;Apr 23;DINSG;Deutschland insgesamt;DG;Deutschland;KB10A5;Berufsgattungen (KB2010), 5-Steller;KB10-94414;Regie - Experte;5666;5350
62361;Verdiensterhebung;SMONAT;Stichmonat;Apr 23;DINSG;Deutschland insgesamt;DG;Deutschland;KB10A5;Berufsgattungen (KB2010), 5-Steller;KB10-94482;Theater-, Film-, Fernsehprod. (ssT) - Fachkraft;4018;3542
62361;Verdiensterhebung;SMONAT;Stichmonat;Apr 23;DINSG;Deutschland insgesamt;DG;Deutschland;KB10A5;Berufsgattungen (KB2010), 5-Steller;KB10-94483;Theater-, Film-, Fernsehprod. (ssT) - Spezialist;4553;4080
62361;Verdiensterhebung;SMONAT;Stichmonat;Apr 23;DINSG;Deutschland insgesamt;DG;Deutschland;KB10A5;Berufsgattungen (KB2010), 5-Steller;KB10-94484;Theater-, Film-, Fernsehprod. (ssT) - Experte;/;/
62361;Verdiensterhebung;SMONAT;Stichmonat;Apr 23;DINSG;Deutschland insgesamt;DG;Deutschland;KB10A5;Berufsgattungen (KB2010), 5-Steller;KB10-94493;Aufsicht - Theater-, Film-, Fernsehproduktion;5447;4842
62361;Verdiensterhebung;SMONAT;Stichmonat;Apr 23;DINSG;Deutschland insgesamt;DG;Deutschland;KB10A5;Berufsgattungen (KB2010), 5-Steller;KB10-94494;Führung - Theater-, Film-, Fernsehproduktion;5912;4377
62361;Verdiensterhebung;SMONAT;Stichmonat;Apr 23;DINSG;Deutschland insgesamt;DG;Deutschland;KB10A5;Berufsgattungen (KB2010), 5-Steller;KB10-94512;Veranstaltungs-, Bühnentechnik - Fachkraft;3361;3245
62361;Verdiensterhebung;SMONAT;Stichmonat;Apr 23;DINSG;Deutschland insgesamt;DG;Deutschland;KB10A5;Berufsgattungen (KB2010), 5-Steller;KB10-94513;Veranstaltungs-, Bühnentechnik - Spezialist;3782;3547
62361;Verdiensterhebung;SMONAT;Stichmonat;Apr 23;DINSG;Deutschland insgesamt;DG;Deutschland;KB10A5;Berufsgattungen (KB2010), 5-Steller;KB10-94514;Veranstaltungs-, Bühnentechnik - Experte;5717;4928
62361;Verdiensterhebung;SMONAT;Stichmonat;Apr 23;DINSG;Deutschland insgesamt;DG;Deutschland;KB10A5;Berufsgattungen (KB2010), 5-Steller;KB10-94522;Kameratechnik - Fachkraft;3184;2800
62361;Verdiensterhebung;SMONAT;Stichmonat;Apr 23;DINSG;Deutschland insgesamt;DG;Deutschland;KB10A5;Berufsgattungen (KB2010), 5-Steller;KB10-94523;Kameratechnik - Spezialist;5361;5239
62361;Verdiensterhebung;SMONAT;Stichmonat;Apr 23;DINSG;Deutschland insgesamt;DG;Deutschland;KB10A5;Berufsgattungen (KB2010), 5-Steller;KB10-94532;Bild- und Tontechnik - Fachkraft;3721;3518
62361;Verdiensterhebung;SMONAT;Stichmonat;Apr 23;DINSG;Deutschland insgesamt;DG;Deutschland;KB10A5;Berufsgattungen (KB2010), 5-Steller;KB10-94533;Bild- und Tontechnik - Spezialist;4760;4459
62361;Verdiensterhebung;SMONAT;Stichmonat;Apr 23;DINSG;Deutschland insgesamt;DG;Deutschland;KB10A5;Berufsgattungen (KB2010), 5-Steller;KB10-94534;Bild- und Tontechnik - Experte;5555;5091
62361;Verdiensterhebung;SMONAT;Stichmonat;Apr 23;DINSG;Deutschland insgesamt;DG;Deutschland;KB10A5;Berufsgattungen (KB2010), 5-Steller;KB10-94582;Veranstaltungs-,Kamera-,Tontechnik(ssT)- Fachkraft;4260;3936
62361;Verdiensterhebung;SMONAT;Stichmonat;Apr 23;DINSG;Deutschland insgesamt;DG;Deutschland;KB10A5;Berufsgattungen (KB2010), 5-Steller;KB10-94593;Aufsicht - Veranstaltungs-, Kamera-, Tontechnik;5918;4602
62361;Verdiensterhebung;SMONAT;Stichmonat;Apr 23;DINSG;Deutschland insgesamt;DG;Deutschland;KB10A5;Berufsgattungen (KB2010), 5-Steller;KB10-94612;Bühnen- und Kostümbildnerei - Fachkraft;3453;3129
62361;Verdiensterhebung;SMONAT;Stichmonat;Apr 23;DINSG;Deutschland insgesamt;DG;Deutschland;KB10A5;Berufsgattungen (KB2010), 5-Steller;KB10-94613;Bühnen- und Kostümbildnerei - Spezialist;3800;3742
62361;Verdiensterhebung;SMONAT;Stichmonat;Apr 23;DINSG;Deutschland insgesamt;DG;Deutschland;KB10A5;Berufsgattungen (KB2010), 5-Steller;KB10-94614;Bühnen- und Kostümbildnerei - Experte;3807;3089
62361;Verdiensterhebung;SMONAT;Stichmonat;Apr 23;DINSG;Deutschland insgesamt;DG;Deutschland;KB10A5;Berufsgattungen (KB2010), 5-Steller;KB10-94622;Requisite - Fachkraft;3461;3446
62361;Verdiensterhebung;SMONAT;Stichmonat;Apr 23;DINSG;Deutschland insgesamt;DG;Deutschland;KB10A5;Berufsgattungen (KB2010), 5-Steller;KB10-94623;Requisite - Spezialist;3506;3274
62361;Verdiensterhebung;SMONAT;Stichmonat;Apr 23;DINSG;Deutschland insgesamt;DG;Deutschland;KB10A5;Berufsgattungen (KB2010), 5-Steller;KB10-94693;Aufsicht - Bühnen- und Kostümbildnerei, Requisite;4922;4645
62361;Verdiensterhebung;SMONAT;Stichmonat;Apr 23;DINSG;Deutschland insgesamt;DG;Deutschland;KB10A5;Berufsgattungen (KB2010), 5-Steller;KB10-94704;Museum (oS) - Experte;4375;4400
62361;Verdiensterhebung;SMONAT;Stichmonat;Apr 23;DINSG;Deutschland insgesamt;DG;Deutschland;KB10A5;Berufsgattungen (KB2010), 5-Steller;KB10-94712;Museums-, Ausstellungstechnik - Fachkraft;3756;3191
62361;Verdiensterhebung;SMONAT;Stichmonat;Apr 23;DINSG;Deutschland insgesamt;DG;Deutschland;KB10A5;Berufsgattungen (KB2010), 5-Steller;KB10-94713;Museums-, Ausstellungstechnik - Spezialist;4035;3769
62361;Verdiensterhebung;SMONAT;Stichmonat;Apr 23;DINSG;Deutschland insgesamt;DG;Deutschland;KB10A5;Berufsgattungen (KB2010), 5-Steller;KB10-94714;Museums-, Ausstellungstechnik - Experte;4221;3149
62361;Verdiensterhebung;SMONAT;Stichmonat;Apr 23;DINSG;Deutschland insgesamt;DG;Deutschland;KB10A5;Berufsgattungen (KB2010), 5-Steller;KB10-94724;Kunstsachverständige - Experte;/;/
62361;Verdiensterhebung;SMONAT;Stichmonat;Apr 23;DINSG;Deutschland insgesamt;DG;Deutschland;KB10A5;Berufsgattungen (KB2010), 5-Steller;KB10-94794;Führung - Museum;/;/
62361;Verdiensterhebung;SMONAT;Stichmonat;Apr 23;DINSG;Deutschland insgesamt;DG;Deutschland;KB10A5;Berufsgattungen (KB2010), 5-Steller;KB10-01104;Offiziere;5564;5330
62361;Verdiensterhebung;SMONAT;Stichmonat;Apr 23;DINSG;Deutschland insgesamt;DG;Deutschland;KB10A5;Berufsgattungen (KB2010), 5-Steller;KB10-01203;Unteroffiziere mit Portepee;3815;3785
62361;Verdiensterhebung;SMONAT;Stichmonat;Apr 23;DINSG;Deutschland insgesamt;DG;Deutschland;KB10A5;Berufsgattungen (KB2010), 5-Steller;KB10-01302;Unteroffiziere ohne Portepee;3089;3029
62361;Verdiensterhebung;SMONAT;Stichmonat;Apr 23;DINSG;Deutschland insgesamt;DG;Deutschland;KB10A5;Berufsgattungen (KB2010), 5-Steller;KB10-01402;Angehörige reguläre Streitkräfte in sonst. Rängen;2704;2627
Ende der Tabelle. ;;;;;;;;;;;;;;